ubigeo,time,temperature_2m_max,relative_humidity_2m_mean,precipitation_sum,wind_speed_10m_max,issued_at_local,horizon_hours,rain_previous_7_days_mm,confirmed_fire_next_24h,event_coverage,weather_source
120601,2025-01-01,27.1,81,7.1,4.0,2025-01-02T00:00:00-05:00,24,,,unknown,"Open-Meteo ERA5 reanalysis; retrospective, not operational availability"
120601,2025-01-02,25.3,86,16.6,4.4,2025-01-03T00:00:00-05:00,24,,,unknown,"Open-Meteo ERA5 reanalysis; retrospective, not operational availability"
120601,2025-01-03,28.3,82,5.5,4.7,2025-01-04T00:00:00-05:00,24,,,unknown,"Open-Meteo ERA5 reanalysis; retrospective, not operational availability"
120601,2025-01-04,31.4,69,0.2,6.6,2025-01-05T00:00:00-05:00,24,,,unknown,"Open-Meteo ERA5 reanalysis; retrospective, not operational availability"
120601,2025-01-05,29.5,71,1.1,6.3,2025-01-06T00:00:00-05:00,24,,,unknown,"Open-Meteo ERA5 reanalysis; retrospective, not operational availability"
120601,2025-01-06,27.0,82,4.7,5.1,2025-01-07T00:00:00-05:00,24,,,unknown,"Open-Meteo ERA5 reanalysis; retrospective, not operational availability"
120601,2025-01-07,26.7,85,5.4,3.8,2025-01-08T00:00:00-05:00,24,40.6,,unknown,"Open-Meteo ERA5 reanalysis; retrospective, not operational availability"
120601,2025-01-08,29.0,82,6.6,4.8,2025-01-09T00:00:00-05:00,24,40.1,,unknown,"Open-Meteo ERA5 reanalysis; retrospective, not operational availability"
120601,2025-01-09,26.3,87,9.9,4.6,2025-01-10T00:00:00-05:00,24,33.4,,unknown,"Open-Meteo ERA5 reanalysis; retrospective, not operational availability"
120601,2025-01-10,28.3,80,3.4,4.9,2025-01-11T00:00:00-05:00,24,31.3,,unknown,"Open-Meteo ERA5 reanalysis; retrospective, not operational availability"
120601,2025-01-11,28.6,76,2.8,5.8,2025-01-12T00:00:00-05:00,24,33.9,,unknown,"Open-Meteo ERA5 reanalysis; retrospective, not operational availability"
120601,2025-01-12,29.4,74,2.3,6.5,2025-01-13T00:00:00-05:00,24,35.1,,unknown,"Open-Meteo ERA5 reanalysis; retrospective, not operational availability"
120601,2025-01-13,30.0,74,0.7,6.9,2025-01-14T00:00:00-05:00,24,31.1,,unknown,"Open-Meteo ERA5 reanalysis; retrospective, not operational availability"
120601,2025-01-14,29.7,78,1.1,6.9,2025-01-15T00:00:00-05:00,24,26.8,,unknown,"Open-Meteo ERA5 reanalysis; retrospective, not operational availability"
120601,2025-01-15,31.7,74,0.6,6.8,2025-01-16T00:00:00-05:00,24,20.8,,unknown,"Open-Meteo ERA5 reanalysis; retrospective, not operational availability"
120601,2025-01-16,26.7,83,20.2,5.1,2025-01-17T00:00:00-05:00,24,31.1,,unknown,"Open-Meteo ERA5 reanalysis; retrospective, not operational availability"
120601,2025-01-17,27.3,80,11.4,5.7,2025-01-18T00:00:00-05:00,24,39.1,,unknown,"Open-Meteo ERA5 reanalysis; retrospective, not operational availability"
120601,2025-01-18,30.4,72,1.8,5.0,2025-01-19T00:00:00-05:00,24,38.099999999999994,,unknown,"Open-Meteo ERA5 reanalysis; retrospective, not operational availability"
120601,2025-01-19,28.7,72,0.1,5.3,2025-01-20T00:00:00-05:00,24,35.9,,unknown,"Open-Meteo ERA5 reanalysis; retrospective, not operational availability"
120601,2025-01-20,26.1,83,7.7,4.6,2025-01-21T00:00:00-05:00,24,42.9,,unknown,"Open-Meteo ERA5 reanalysis; retrospective, not operational availability"
120601,2025-01-21,25.3,83,6.3,2.8,2025-01-22T00:00:00-05:00,24,48.1,,unknown,"Open-Meteo ERA5 reanalysis; retrospective, not operational availability"
120601,2025-01-22,25.5,81,8.9,4.1,2025-01-23T00:00:00-05:00,24,56.4,,unknown,"Open-Meteo ERA5 reanalysis; retrospective, not operational availability"
120601,2025-01-23,26.4,77,3.2,4.1,2025-01-24T00:00:00-05:00,24,39.400000000000006,,unknown,"Open-Meteo ERA5 reanalysis; retrospective, not operational availability"
120601,2025-01-24,27.5,72,0.7,6.3,2025-01-25T00:00:00-05:00,24,28.7,,unknown,"Open-Meteo ERA5 reanalysis; retrospective, not operational availability"
120601,2025-01-25,30.8,75,1.8,5.4,2025-01-26T00:00:00-05:00,24,28.700000000000003,,unknown,"Open-Meteo ERA5 reanalysis; retrospective, not operational availability"
120601,2025-01-26,28.9,83,5.0,3.4,2025-01-27T00:00:00-05:00,24,33.6,,unknown,"Open-Meteo ERA5 reanalysis; retrospective, not operational availability"
120601,2025-01-27,27.8,82,9.2,4.7,2025-01-28T00:00:00-05:00,24,35.1,,unknown,"Open-Meteo ERA5 reanalysis; retrospective, not operational availability"
120601,2025-01-28,29.2,83,8.1,5.3,2025-01-29T00:00:00-05:00,24,36.9,,unknown,"Open-Meteo ERA5 reanalysis; retrospective, not operational availability"
120601,2025-01-29,31.6,74,1.0,5.4,2025-01-30T00:00:00-05:00,24,29.0,,unknown,"Open-Meteo ERA5 reanalysis; retrospective, not operational availability"
120601,2025-01-30,30.1,78,3.7,5.2,2025-01-31T00:00:00-05:00,24,29.5,,unknown,"Open-Meteo ERA5 reanalysis; retrospective, not operational availability"
120601,2025-01-31,28.5,80,1.8,4.4,2025-02-01T00:00:00-05:00,24,30.6,,unknown,"Open-Meteo ERA5 reanalysis; retrospective, not operational availability"
120601,2025-02-01,26.7,83,4.7,3.3,2025-02-02T00:00:00-05:00,24,33.5,,unknown,"Open-Meteo ERA5 reanalysis; retrospective, not operational availability"
120601,2025-02-02,30.4,78,3.3,6.6,2025-02-03T00:00:00-05:00,24,31.799999999999997,,unknown,"Open-Meteo ERA5 reanalysis; retrospective, not operational availability"
120601,2025-02-03,31.3,75,1.2,6.7,2025-02-04T00:00:00-05:00,24,23.8,,unknown,"Open-Meteo ERA5 reanalysis; retrospective, not operational availability"
120601,2025-02-04,26.4,86,7.0,4.6,2025-02-05T00:00:00-05:00,24,22.7,,unknown,"Open-Meteo ERA5 reanalysis; retrospective, not operational availability"
120601,2025-02-05,28.5,77,2.6,5.2,2025-02-06T00:00:00-05:00,24,24.3,,unknown,"Open-Meteo ERA5 reanalysis; retrospective, not operational availability"
120601,2025-02-06,30.3,73,1.2,5.5,2025-02-07T00:00:00-05:00,24,21.8,,unknown,"Open-Meteo ERA5 reanalysis; retrospective, not operational availability"
120601,2025-02-07,31.7,71,2.9,6.6,2025-02-08T00:00:00-05:00,24,22.9,,unknown,"Open-Meteo ERA5 reanalysis; retrospective, not operational availability"
120601,2025-02-08,25.0,89,9.0,3.6,2025-02-09T00:00:00-05:00,24,27.200000000000003,,unknown,"Open-Meteo ERA5 reanalysis; retrospective, not operational availability"
120601,2025-02-09,27.2,83,8.9,4.0,2025-02-10T00:00:00-05:00,24,32.8,,unknown,"Open-Meteo ERA5 reanalysis; retrospective, not operational availability"
120601,2025-02-10,27.4,87,12.8,3.9,2025-02-11T00:00:00-05:00,24,44.400000000000006,,unknown,"Open-Meteo ERA5 reanalysis; retrospective, not operational availability"
120601,2025-02-11,28.6,83,9.0,4.5,2025-02-12T00:00:00-05:00,24,46.400000000000006,,unknown,"Open-Meteo ERA5 reanalysis; retrospective, not operational availability"
120601,2025-02-12,23.4,92,51.4,4.6,2025-02-13T00:00:00-05:00,24,95.19999999999999,,unknown,"Open-Meteo ERA5 reanalysis; retrospective, not operational availability"
120601,2025-02-13,27.0,83,6.2,4.2,2025-02-14T00:00:00-05:00,24,100.19999999999999,,unknown,"Open-Meteo ERA5 reanalysis; retrospective, not operational availability"
120601,2025-02-14,29.7,77,3.3,6.1,2025-02-15T00:00:00-05:00,24,100.6,,unknown,"Open-Meteo ERA5 reanalysis; retrospective, not operational availability"
120601,2025-02-15,27.8,81,5.3,5.0,2025-02-16T00:00:00-05:00,24,96.9,,unknown,"Open-Meteo ERA5 reanalysis; retrospective, not operational availability"
120601,2025-02-16,25.5,88,11.8,4.8,2025-02-17T00:00:00-05:00,24,99.8,,unknown,"Open-Meteo ERA5 reanalysis; retrospective, not operational availability"
120601,2025-02-17,26.5,89,18.6,4.2,2025-02-18T00:00:00-05:00,24,105.6,,unknown,"Open-Meteo ERA5 reanalysis; retrospective, not operational availability"
120601,2025-02-18,26.2,89,19.1,5.8,2025-02-19T00:00:00-05:00,24,115.7,,unknown,"Open-Meteo ERA5 reanalysis; retrospective, not operational availability"
120601,2025-02-19,28.7,82,3.4,4.9,2025-02-20T00:00:00-05:00,24,67.7,,unknown,"Open-Meteo ERA5 reanalysis; retrospective, not operational availability"
120601,2025-02-20,27.2,82,4.1,4.6,2025-02-21T00:00:00-05:00,24,65.6,,unknown,"Open-Meteo ERA5 reanalysis; retrospective, not operational availability"
120601,2025-02-21,28.4,81,5.2,3.3,2025-02-22T00:00:00-05:00,24,67.5,,unknown,"Open-Meteo ERA5 reanalysis; retrospective, not operational availability"
120601,2025-02-22,28.8,83,22.3,3.1,2025-02-23T00:00:00-05:00,24,84.5,,unknown,"Open-Meteo ERA5 reanalysis; retrospective, not operational availability"
120601,2025-02-23,27.1,84,15.6,2.3,2025-02-24T00:00:00-05:00,24,88.29999999999998,,unknown,"Open-Meteo ERA5 reanalysis; retrospective, not operational availability"
120601,2025-02-24,31.1,72,0.5,4.4,2025-02-25T00:00:00-05:00,24,70.19999999999999,,unknown,"Open-Meteo ERA5 reanalysis; retrospective, not operational availability"
120601,2025-02-25,30.9,73,0.6,4.9,2025-02-26T00:00:00-05:00,24,51.699999999999996,,unknown,"Open-Meteo ERA5 reanalysis; retrospective, not operational availability"
120601,2025-02-26,26.7,85,7.5,4.0,2025-02-27T00:00:00-05:00,24,55.8,,unknown,"Open-Meteo ERA5 reanalysis; retrospective, not operational availability"
120601,2025-02-27,31.1,76,0.6,4.7,2025-02-28T00:00:00-05:00,24,52.29999999999999,,unknown,"Open-Meteo ERA5 reanalysis; retrospective, not operational availability"
120601,2025-02-28,28.8,83,8.0,4.1,2025-03-01T00:00:00-05:00,24,55.09999999999999,,unknown,"Open-Meteo ERA5 reanalysis; retrospective, not operational availability"
120601,2025-03-01,26.4,90,18.8,4.0,2025-03-02T00:00:00-05:00,24,51.599999999999994,,unknown,"Open-Meteo ERA5 reanalysis; retrospective, not operational availability"
120601,2025-03-02,26.6,86,10.9,5.3,2025-03-03T00:00:00-05:00,24,46.89999999999999,,unknown,"Open-Meteo ERA5 reanalysis; retrospective, not operational availability"
120601,2025-03-03,27.1,85,6.1,3.6,2025-03-04T00:00:00-05:00,24,52.49999999999999,,unknown,"Open-Meteo ERA5 reanalysis; retrospective, not operational availability"
120601,2025-03-04,26.2,86,6.8,3.2,2025-03-05T00:00:00-05:00,24,58.69999999999999,,unknown,"Open-Meteo ERA5 reanalysis; retrospective, not operational availability"
120601,2025-03-05,24.5,90,16.4,2.3,2025-03-06T00:00:00-05:00,24,67.6,,unknown,"Open-Meteo ERA5 reanalysis; retrospective, not operational availability"
120601,2025-03-06,27.1,85,9.5,3.5,2025-03-07T00:00:00-05:00,24,76.5,,unknown,"Open-Meteo ERA5 reanalysis; retrospective, not operational availability"
120601,2025-03-07,26.1,83,12.3,4.2,2025-03-08T00:00:00-05:00,24,80.8,,unknown,"Open-Meteo ERA5 reanalysis; retrospective, not operational availability"
120601,2025-03-08,25.2,90,12.2,4.4,2025-03-09T00:00:00-05:00,24,74.19999999999999,,unknown,"Open-Meteo ERA5 reanalysis; retrospective, not operational availability"
120601,2025-03-09,26.9,78,2.4,4.0,2025-03-10T00:00:00-05:00,24,65.69999999999999,,unknown,"Open-Meteo ERA5 reanalysis; retrospective, not operational availability"
120601,2025-03-10,25.6,87,17.9,3.9,2025-03-11T00:00:00-05:00,24,77.49999999999999,,unknown,"Open-Meteo ERA5 reanalysis; retrospective, not operational availability"
120601,2025-03-11,27.6,84,16.2,3.6,2025-03-12T00:00:00-05:00,24,86.89999999999999,,unknown,"Open-Meteo ERA5 reanalysis; retrospective, not operational availability"
120601,2025-03-12,27.1,86,12.5,3.0,2025-03-13T00:00:00-05:00,24,82.99999999999999,,unknown,"Open-Meteo ERA5 reanalysis; retrospective, not operational availability"
120601,2025-03-13,26.4,89,21.0,3.3,2025-03-14T00:00:00-05:00,24,94.49999999999999,,unknown,"Open-Meteo ERA5 reanalysis; retrospective, not operational availability"
120601,2025-03-14,24.7,89,7.6,4.3,2025-03-15T00:00:00-05:00,24,89.79999999999998,,unknown,"Open-Meteo ERA5 reanalysis; retrospective, not operational availability"
120601,2025-03-15,26.7,87,13.7,2.7,2025-03-16T00:00:00-05:00,24,91.29999999999998,,unknown,"Open-Meteo ERA5 reanalysis; retrospective, not operational availability"
120601,2025-03-16,25.4,91,12.3,2.2,2025-03-17T00:00:00-05:00,24,101.19999999999999,,unknown,"Open-Meteo ERA5 reanalysis; retrospective, not operational availability"
120601,2025-03-17,28.8,75,0.4,3.8,2025-03-18T00:00:00-05:00,24,83.69999999999999,,unknown,"Open-Meteo ERA5 reanalysis; retrospective, not operational availability"
120601,2025-03-18,27.8,82,9.0,3.2,2025-03-19T00:00:00-05:00,24,76.5,,unknown,"Open-Meteo ERA5 reanalysis; retrospective, not operational availability"
120601,2025-03-19,29.6,77,6.1,3.6,2025-03-20T00:00:00-05:00,24,70.1,,unknown,"Open-Meteo ERA5 reanalysis; retrospective, not operational availability"
120601,2025-03-20,26.4,85,14.5,2.4,2025-03-21T00:00:00-05:00,24,63.599999999999994,,unknown,"Open-Meteo ERA5 reanalysis; retrospective, not operational availability"
120601,2025-03-21,29.5,81,5.4,4.2,2025-03-22T00:00:00-05:00,24,61.39999999999999,,unknown,"Open-Meteo ERA5 reanalysis; retrospective, not operational availability"
120601,2025-03-22,29.3,82,5.0,4.7,2025-03-23T00:00:00-05:00,24,52.699999999999996,,unknown,"Open-Meteo ERA5 reanalysis; retrospective, not operational availability"
120601,2025-03-23,30.3,81,1.8,6.2,2025-03-24T00:00:00-05:00,24,42.19999999999999,,unknown,"Open-Meteo ERA5 reanalysis; retrospective, not operational availability"
120601,2025-03-24,31.9,76,0.7,5.6,2025-03-25T00:00:00-05:00,24,42.49999999999999,,unknown,"Open-Meteo ERA5 reanalysis; retrospective, not operational availability"
120601,2025-03-25,29.5,81,3.5,5.3,2025-03-26T00:00:00-05:00,24,36.99999999999999,,unknown,"Open-Meteo ERA5 reanalysis; retrospective, not operational availability"
120601,2025-03-26,29.3,81,1.4,4.9,2025-03-27T00:00:00-05:00,24,32.29999999999999,,unknown,"Open-Meteo ERA5 reanalysis; retrospective, not operational availability"
120601,2025-03-27,29.5,80,1.0,5.6,2025-03-28T00:00:00-05:00,24,18.79999999999999,,unknown,"Open-Meteo ERA5 reanalysis; retrospective, not operational availability"
120601,2025-03-28,28.6,80,1.7,4.3,2025-03-29T00:00:00-05:00,24,15.099999999999993,,unknown,"Open-Meteo ERA5 reanalysis; retrospective, not operational availability"
120601,2025-03-29,28.8,78,0.8,5.1,2025-03-30T00:00:00-05:00,24,10.899999999999993,,unknown,"Open-Meteo ERA5 reanalysis; retrospective, not operational availability"
120601,2025-03-30,29.1,79,1.1,4.7,2025-03-31T00:00:00-05:00,24,10.199999999999992,,unknown,"Open-Meteo ERA5 reanalysis; retrospective, not operational availability"
120601,2025-03-31,27.4,82,2.5,5.3,2025-04-01T00:00:00-05:00,24,11.999999999999993,,unknown,"Open-Meteo ERA5 reanalysis; retrospective, not operational availability"
120601,2025-04-01,27.2,81,9.0,4.5,2025-04-02T00:00:00-05:00,24,17.499999999999993,,unknown,"Open-Meteo ERA5 reanalysis; retrospective, not operational availability"
120601,2025-04-02,24.0,90,19.9,3.9,2025-04-03T00:00:00-05:00,24,35.99999999999999,,unknown,"Open-Meteo ERA5 reanalysis; retrospective, not operational availability"
120601,2025-04-03,26.6,86,12.5,3.7,2025-04-04T00:00:00-05:00,24,47.49999999999999,,unknown,"Open-Meteo ERA5 reanalysis; retrospective, not operational availability"
120601,2025-04-04,28.6,82,8.1,4.0,2025-04-05T00:00:00-05:00,24,53.89999999999999,,unknown,"Open-Meteo ERA5 reanalysis; retrospective, not operational availability"
120601,2025-04-05,23.3,86,11.9,2.8,2025-04-06T00:00:00-05:00,24,65.0,,unknown,"Open-Meteo ERA5 reanalysis; retrospective, not operational availability"
120601,2025-04-06,29.1,72,0.2,4.0,2025-04-07T00:00:00-05:00,24,64.1,,unknown,"Open-Meteo ERA5 reanalysis; retrospective, not operational availability"
120601,2025-04-07,29.6,75,0.7,3.8,2025-04-08T00:00:00-05:00,24,62.29999999999999,,unknown,"Open-Meteo ERA5 reanalysis; retrospective, not operational availability"
120601,2025-04-08,29.4,81,3.5,4.4,2025-04-09T00:00:00-05:00,24,56.79999999999999,,unknown,"Open-Meteo ERA5 reanalysis; retrospective, not operational availability"
120601,2025-04-09,25.5,84,2.6,5.7,2025-04-10T00:00:00-05:00,24,39.49999999999999,,unknown,"Open-Meteo ERA5 reanalysis; retrospective, not operational availability"
120601,2025-04-10,29.6,76,1.4,4.2,2025-04-11T00:00:00-05:00,24,28.39999999999999,,unknown,"Open-Meteo ERA5 reanalysis; retrospective, not operational availability"
120601,2025-04-11,28.7,79,1.9,4.3,2025-04-12T00:00:00-05:00,24,22.199999999999992,,unknown,"Open-Meteo ERA5 reanalysis; retrospective, not operational availability"
120601,2025-04-12,28.7,78,2.1,5.2,2025-04-13T00:00:00-05:00,24,12.399999999999993,,unknown,"Open-Meteo ERA5 reanalysis; retrospective, not operational availability"
120601,2025-04-13,28.3,78,1.0,4.3,2025-04-14T00:00:00-05:00,24,13.199999999999994,,unknown,"Open-Meteo ERA5 reanalysis; retrospective, not operational availability"
120601,2025-04-14,28.1,80,2.9,5.6,2025-04-15T00:00:00-05:00,24,15.399999999999991,,unknown,"Open-Meteo ERA5 reanalysis; retrospective, not operational availability"
120601,2025-04-15,28.2,80,0.8,4.1,2025-04-16T00:00:00-05:00,24,12.699999999999992,,unknown,"Open-Meteo ERA5 reanalysis; retrospective, not operational availability"
120601,2025-04-16,30.6,76,0.0,5.2,2025-04-17T00:00:00-05:00,24,10.099999999999993,,unknown,"Open-Meteo ERA5 reanalysis; retrospective, not operational availability"
120601,2025-04-17,29.1,78,1.2,4.8,2025-04-18T00:00:00-05:00,24,9.899999999999991,,unknown,"Open-Meteo ERA5 reanalysis; retrospective, not operational availability"
120601,2025-04-18,30.6,79,0.7,4.5,2025-04-19T00:00:00-05:00,24,8.699999999999992,,unknown,"Open-Meteo ERA5 reanalysis; retrospective, not operational availability"
120601,2025-04-19,29.5,78,2.8,4.0,2025-04-20T00:00:00-05:00,24,9.399999999999993,,unknown,"Open-Meteo ERA5 reanalysis; retrospective, not operational availability"
120601,2025-04-20,26.5,87,9.7,3.8,2025-04-21T00:00:00-05:00,24,18.099999999999994,,unknown,"Open-Meteo ERA5 reanalysis; retrospective, not operational availability"
120601,2025-04-21,29.2,80,0.9,3.8,2025-04-22T00:00:00-05:00,24,16.09999999999999,,unknown,"Open-Meteo ERA5 reanalysis; retrospective, not operational availability"
120601,2025-04-22,29.5,77,1.0,5.1,2025-04-23T00:00:00-05:00,24,16.29999999999999,,unknown,"Open-Meteo ERA5 reanalysis; retrospective, not operational availability"
120601,2025-04-23,29.6,79,0.1,4.9,2025-04-24T00:00:00-05:00,24,16.39999999999999,,unknown,"Open-Meteo ERA5 reanalysis; retrospective, not operational availability"
120601,2025-04-24,30.9,73,0.5,5.0,2025-04-25T00:00:00-05:00,24,15.699999999999992,,unknown,"Open-Meteo ERA5 reanalysis; retrospective, not operational availability"
120601,2025-04-25,29.6,79,1.1,4.5,2025-04-26T00:00:00-05:00,24,16.099999999999994,,unknown,"Open-Meteo ERA5 reanalysis; retrospective, not operational availability"
120601,2025-04-26,30.6,77,0.6,5.8,2025-04-27T00:00:00-05:00,24,13.899999999999991,,unknown,"Open-Meteo ERA5 reanalysis; retrospective, not operational availability"
120601,2025-04-27,29.3,78,0.6,4.0,2025-04-28T00:00:00-05:00,24,4.799999999999993,,unknown,"Open-Meteo ERA5 reanalysis; retrospective, not operational availability"
120601,2025-04-28,27.0,83,4.2,4.1,2025-04-29T00:00:00-05:00,24,8.099999999999993,,unknown,"Open-Meteo ERA5 reanalysis; retrospective, not operational availability"
120601,2025-04-29,26.9,86,7.6,4.3,2025-04-30T00:00:00-05:00,24,14.699999999999992,,unknown,"Open-Meteo ERA5 reanalysis; retrospective, not operational availability"
120601,2025-04-30,26.7,85,12.0,3.9,2025-05-01T00:00:00-05:00,24,26.599999999999994,,unknown,"Open-Meteo ERA5 reanalysis; retrospective, not operational availability"
120601,2025-05-01,27.4,83,8.4,5.1,2025-05-02T00:00:00-05:00,24,34.49999999999999,,unknown,"Open-Meteo ERA5 reanalysis; retrospective, not operational availability"
120601,2025-05-02,29.8,78,1.5,3.5,2025-05-03T00:00:00-05:00,24,34.89999999999999,,unknown,"Open-Meteo ERA5 reanalysis; retrospective, not operational availability"
120601,2025-05-03,25.5,87,13.4,2.6,2025-05-04T00:00:00-05:00,24,47.69999999999999,,unknown,"Open-Meteo ERA5 reanalysis; retrospective, not operational availability"
120601,2025-05-04,26.7,85,10.6,3.1,2025-05-05T00:00:00-05:00,24,57.699999999999996,,unknown,"Open-Meteo ERA5 reanalysis; retrospective, not operational availability"
120601,2025-05-05,27.1,83,1.2,3.4,2025-05-06T00:00:00-05:00,24,54.699999999999996,,unknown,"Open-Meteo ERA5 reanalysis; retrospective, not operational availability"
120601,2025-05-06,29.7,80,0.9,4.4,2025-05-07T00:00:00-05:00,24,47.99999999999999,,unknown,"Open-Meteo ERA5 reanalysis; retrospective, not operational availability"
120601,2025-05-07,30.4,75,0.1,3.8,2025-05-08T00:00:00-05:00,24,36.099999999999994,,unknown,"Open-Meteo ERA5 reanalysis; retrospective, not operational availability"
120601,2025-05-08,30.8,76,0.3,3.7,2025-05-09T00:00:00-05:00,24,27.999999999999993,,unknown,"Open-Meteo ERA5 reanalysis; retrospective, not operational availability"
120601,2025-05-09,30.6,77,0.7,5.3,2025-05-10T00:00:00-05:00,24,27.199999999999992,,unknown,"Open-Meteo ERA5 reanalysis; retrospective, not operational availability"
120601,2025-05-10,27.3,78,2.1,4.0,2025-05-11T00:00:00-05:00,24,15.899999999999991,,unknown,"Open-Meteo ERA5 reanalysis; retrospective, not operational availability"
120601,2025-05-11,26.4,87,9.8,2.7,2025-05-12T00:00:00-05:00,24,15.099999999999993,,unknown,"Open-Meteo ERA5 reanalysis; retrospective, not operational availability"
120601,2025-05-12,28.4,79,0.3,3.1,2025-05-13T00:00:00-05:00,24,14.199999999999994,,unknown,"Open-Meteo ERA5 reanalysis; retrospective, not operational availability"
120601,2025-05-13,28.1,76,0.3,4.5,2025-05-14T00:00:00-05:00,24,13.599999999999993,,unknown,"Open-Meteo ERA5 reanalysis; retrospective, not operational availability"
120601,2025-05-14,28.9,80,0.8,3.3,2025-05-15T00:00:00-05:00,24,14.299999999999994,,unknown,"Open-Meteo ERA5 reanalysis; retrospective, not operational availability"
120601,2025-05-15,29.3,81,0.6,3.1,2025-05-16T00:00:00-05:00,24,14.599999999999993,,unknown,"Open-Meteo ERA5 reanalysis; retrospective, not operational availability"
120601,2025-05-16,28.4,80,0.6,3.4,2025-05-17T00:00:00-05:00,24,14.499999999999993,,unknown,"Open-Meteo ERA5 reanalysis; retrospective, not operational availability"
120601,2025-05-17,29.1,77,0.5,4.5,2025-05-18T00:00:00-05:00,24,12.899999999999991,,unknown,"Open-Meteo ERA5 reanalysis; retrospective, not operational availability"
120601,2025-05-18,29.7,74,0.3,3.8,2025-05-19T00:00:00-05:00,24,3.399999999999991,,unknown,"Open-Meteo ERA5 reanalysis; retrospective, not operational availability"
120601,2025-05-19,28.2,77,1.1,4.2,2025-05-20T00:00:00-05:00,24,4.199999999999991,,unknown,"Open-Meteo ERA5 reanalysis; retrospective, not operational availability"
120601,2025-05-20,27.1,87,4.0,4.5,2025-05-21T00:00:00-05:00,24,7.8999999999999915,,unknown,"Open-Meteo ERA5 reanalysis; retrospective, not operational availability"
120601,2025-05-21,26.2,89,9.1,3.1,2025-05-22T00:00:00-05:00,24,16.199999999999992,,unknown,"Open-Meteo ERA5 reanalysis; retrospective, not operational availability"
120601,2025-05-22,27.7,85,1.0,3.1,2025-05-23T00:00:00-05:00,24,16.59999999999999,,unknown,"Open-Meteo ERA5 reanalysis; retrospective, not operational availability"
120601,2025-05-23,26.7,86,4.6,3.3,2025-05-24T00:00:00-05:00,24,20.59999999999999,,unknown,"Open-Meteo ERA5 reanalysis; retrospective, not operational availability"
120601,2025-05-24,28.6,79,0.5,3.7,2025-05-25T00:00:00-05:00,24,20.59999999999999,,unknown,"Open-Meteo ERA5 reanalysis; retrospective, not operational availability"
120601,2025-05-25,26.3,83,3.8,4.2,2025-05-26T00:00:00-05:00,24,24.09999999999999,,unknown,"Open-Meteo ERA5 reanalysis; retrospective, not operational availability"
120601,2025-05-26,29.4,78,0.8,4.3,2025-05-27T00:00:00-05:00,24,23.79999999999999,,unknown,"Open-Meteo ERA5 reanalysis; retrospective, not operational availability"
120601,2025-05-27,27.7,79,1.7,4.7,2025-05-28T00:00:00-05:00,24,21.49999999999999,,unknown,"Open-Meteo ERA5 reanalysis; retrospective, not operational availability"
120601,2025-05-28,28.9,77,0.3,3.9,2025-05-29T00:00:00-05:00,24,12.69999999999999,,unknown,"Open-Meteo ERA5 reanalysis; retrospective, not operational availability"
120601,2025-05-29,24.4,87,8.2,7.1,2025-05-30T00:00:00-05:00,24,19.89999999999999,,unknown,"Open-Meteo ERA5 reanalysis; retrospective, not operational availability"
120601,2025-05-30,27.2,81,1.2,4.9,2025-05-31T00:00:00-05:00,24,16.49999999999999,,unknown,"Open-Meteo ERA5 reanalysis; retrospective, not operational availability"
120601,2025-05-31,27.7,79,2.0,4.6,2025-06-01T00:00:00-05:00,24,17.99999999999999,,unknown,"Open-Meteo ERA5 reanalysis; retrospective, not operational availability"
120601,2025-06-01,25.5,86,2.5,4.7,2025-06-02T00:00:00-05:00,24,16.69999999999999,,unknown,"Open-Meteo ERA5 reanalysis; retrospective, not operational availability"
120601,2025-06-02,28.4,78,0.5,4.3,2025-06-03T00:00:00-05:00,24,16.39999999999999,,unknown,"Open-Meteo ERA5 reanalysis; retrospective, not operational availability"
120601,2025-06-03,29.6,76,0.5,3.7,2025-06-04T00:00:00-05:00,24,15.199999999999992,,unknown,"Open-Meteo ERA5 reanalysis; retrospective, not operational availability"
120601,2025-06-04,28.5,77,0.0,2.6,2025-06-05T00:00:00-05:00,24,14.899999999999991,,unknown,"Open-Meteo ERA5 reanalysis; retrospective, not operational availability"
120601,2025-06-05,29.2,76,0.0,3.3,2025-06-06T00:00:00-05:00,24,6.699999999999991,,unknown,"Open-Meteo ERA5 reanalysis; retrospective, not operational availability"
120601,2025-06-06,26.9,78,0.0,3.5,2025-06-07T00:00:00-05:00,24,5.499999999999991,,unknown,"Open-Meteo ERA5 reanalysis; retrospective, not operational availability"
120601,2025-06-07,29.4,77,0.0,4.4,2025-06-08T00:00:00-05:00,24,3.499999999999991,,unknown,"Open-Meteo ERA5 reanalysis; retrospective, not operational availability"
120601,2025-06-08,29.3,77,0.3,5.5,2025-06-09T00:00:00-05:00,24,1.2999999999999912,,unknown,"Open-Meteo ERA5 reanalysis; retrospective, not operational availability"
120601,2025-06-09,29.8,73,0.6,4.2,2025-06-10T00:00:00-05:00,24,1.399999999999991,,unknown,"Open-Meteo ERA5 reanalysis; retrospective, not operational availability"
120601,2025-06-10,25.5,88,8.0,6.0,2025-06-11T00:00:00-05:00,24,8.899999999999991,,unknown,"Open-Meteo ERA5 reanalysis; retrospective, not operational availability"
120601,2025-06-11,24.2,88,5.2,5.4,2025-06-12T00:00:00-05:00,24,14.09999999999999,,unknown,"Open-Meteo ERA5 reanalysis; retrospective, not operational availability"
120601,2025-06-12,25.8,85,2.6,4.9,2025-06-13T00:00:00-05:00,24,16.699999999999992,,unknown,"Open-Meteo ERA5 reanalysis; retrospective, not operational availability"
120601,2025-06-13,26.5,84,1.7,4.8,2025-06-14T00:00:00-05:00,24,18.39999999999999,,unknown,"Open-Meteo ERA5 reanalysis; retrospective, not operational availability"
120601,2025-06-14,26.3,83,1.1,3.6,2025-06-15T00:00:00-05:00,24,19.499999999999993,,unknown,"Open-Meteo ERA5 reanalysis; retrospective, not operational availability"
120601,2025-06-15,22.8,92,23.5,3.0,2025-06-16T00:00:00-05:00,24,42.69999999999999,,unknown,"Open-Meteo ERA5 reanalysis; retrospective, not operational availability"
120601,2025-06-16,23.4,91,3.4,3.5,2025-06-17T00:00:00-05:00,24,45.49999999999999,,unknown,"Open-Meteo ERA5 reanalysis; retrospective, not operational availability"
120601,2025-06-17,24.7,92,1.5,2.9,2025-06-18T00:00:00-05:00,24,38.99999999999999,,unknown,"Open-Meteo ERA5 reanalysis; retrospective, not operational availability"
120601,2025-06-18,27.2,88,1.7,3.5,2025-06-19T00:00:00-05:00,24,35.49999999999999,,unknown,"Open-Meteo ERA5 reanalysis; retrospective, not operational availability"
120601,2025-06-19,27.5,82,0.5,3.9,2025-06-20T00:00:00-05:00,24,33.39999999999999,,unknown,"Open-Meteo ERA5 reanalysis; retrospective, not operational availability"
120601,2025-06-20,28.2,79,0.0,3.4,2025-06-21T00:00:00-05:00,24,31.699999999999992,,unknown,"Open-Meteo ERA5 reanalysis; retrospective, not operational availability"
120601,2025-06-21,27.9,76,0.2,5.4,2025-06-22T00:00:00-05:00,24,30.799999999999994,,unknown,"Open-Meteo ERA5 reanalysis; retrospective, not operational availability"
120601,2025-06-22,28.2,79,0.1,5.6,2025-06-23T00:00:00-05:00,24,7.399999999999992,,unknown,"Open-Meteo ERA5 reanalysis; retrospective, not operational availability"
120601,2025-06-23,29.1,75,0.2,4.6,2025-06-24T00:00:00-05:00,24,4.199999999999993,,unknown,"Open-Meteo ERA5 reanalysis; retrospective, not operational availability"
120601,2025-06-24,29.4,75,0.7,4.6,2025-06-25T00:00:00-05:00,24,3.399999999999993,,unknown,"Open-Meteo ERA5 reanalysis; retrospective, not operational availability"
120601,2025-06-25,26.1,86,3.9,4.9,2025-06-26T00:00:00-05:00,24,5.5999999999999925,,unknown,"Open-Meteo ERA5 reanalysis; retrospective, not operational availability"
120601,2025-06-26,26.7,82,5.0,3.9,2025-06-27T00:00:00-05:00,24,10.099999999999993,,unknown,"Open-Meteo ERA5 reanalysis; retrospective, not operational availability"
120601,2025-06-27,26.3,85,1.3,3.3,2025-06-28T00:00:00-05:00,24,11.399999999999993,,unknown,"Open-Meteo ERA5 reanalysis; retrospective, not operational availability"
120601,2025-06-28,27.8,81,0.5,4.1,2025-06-29T00:00:00-05:00,24,11.699999999999994,,unknown,"Open-Meteo ERA5 reanalysis; retrospective, not operational availability"
120601,2025-06-29,27.4,84,1.1,3.1,2025-06-30T00:00:00-05:00,24,12.699999999999992,,unknown,"Open-Meteo ERA5 reanalysis; retrospective, not operational availability"
120601,2025-06-30,27.5,85,2.2,3.7,2025-07-01T00:00:00-05:00,24,14.699999999999992,,unknown,"Open-Meteo ERA5 reanalysis; retrospective, not operational availability"
120601,2025-07-01,20.9,91,12.4,5.2,2025-07-02T00:00:00-05:00,24,26.399999999999995,,unknown,"Open-Meteo ERA5 reanalysis; retrospective, not operational availability"
120601,2025-07-02,24.1,80,1.2,5.2,2025-07-03T00:00:00-05:00,24,23.699999999999992,,unknown,"Open-Meteo ERA5 reanalysis; retrospective, not operational availability"
120601,2025-07-03,25.2,77,1.0,4.4,2025-07-04T00:00:00-05:00,24,19.699999999999996,,unknown,"Open-Meteo ERA5 reanalysis; retrospective, not operational availability"
120601,2025-07-04,28.3,72,0.0,4.3,2025-07-05T00:00:00-05:00,24,18.399999999999995,,unknown,"Open-Meteo ERA5 reanalysis; retrospective, not operational availability"
120601,2025-07-05,28.4,70,0.0,4.3,2025-07-06T00:00:00-05:00,24,17.899999999999995,,unknown,"Open-Meteo ERA5 reanalysis; retrospective, not operational availability"
120601,2025-07-06,27.6,72,0.0,4.2,2025-07-07T00:00:00-05:00,24,16.799999999999994,,unknown,"Open-Meteo ERA5 reanalysis; retrospective, not operational availability"
120601,2025-07-07,28.6,67,0.0,3.8,2025-07-08T00:00:00-05:00,24,14.599999999999994,,unknown,"Open-Meteo ERA5 reanalysis; retrospective, not operational availability"
120601,2025-07-08,26.8,66,0.0,3.7,2025-07-09T00:00:00-05:00,24,2.199999999999993,,unknown,"Open-Meteo ERA5 reanalysis; retrospective, not operational availability"
120601,2025-07-09,28.5,63,0.0,4.0,2025-07-10T00:00:00-05:00,24,0.9999999999999929,,unknown,"Open-Meteo ERA5 reanalysis; retrospective, not operational availability"
120601,2025-07-10,28.2,66,0.0,3.3,2025-07-11T00:00:00-05:00,24,0.0,,unknown,"Open-Meteo ERA5 reanalysis; retrospective, not operational availability"
120601,2025-07-11,27.7,69,0.0,2.9,2025-07-12T00:00:00-05:00,24,0.0,,unknown,"Open-Meteo ERA5 reanalysis; retrospective, not operational availability"
120601,2025-07-12,28.2,68,0.0,2.8,2025-07-13T00:00:00-05:00,24,0.0,,unknown,"Open-Meteo ERA5 reanalysis; retrospective, not operational availability"
120601,2025-07-13,27.3,73,0.0,4.0,2025-07-14T00:00:00-05:00,24,0.0,,unknown,"Open-Meteo ERA5 reanalysis; retrospective, not operational availability"
120601,2025-07-14,27.0,73,1.7,4.1,2025-07-15T00:00:00-05:00,24,1.6999999999999929,,unknown,"Open-Meteo ERA5 reanalysis; retrospective, not operational availability"
120601,2025-07-15,28.2,69,0.0,3.6,2025-07-16T00:00:00-05:00,24,1.6999999999999929,,unknown,"Open-Meteo ERA5 reanalysis; retrospective, not operational availability"
120601,2025-07-16,29.1,69,0.2,3.6,2025-07-17T00:00:00-05:00,24,1.8999999999999928,,unknown,"Open-Meteo ERA5 reanalysis; retrospective, not operational availability"
120601,2025-07-17,28.6,70,1.5,5.7,2025-07-18T00:00:00-05:00,24,3.399999999999993,,unknown,"Open-Meteo ERA5 reanalysis; retrospective, not operational availability"
120601,2025-07-18,23.6,87,7.8,3.9,2025-07-19T00:00:00-05:00,24,11.199999999999992,,unknown,"Open-Meteo ERA5 reanalysis; retrospective, not operational availability"
120601,2025-07-19,26.7,74,1.0,3.9,2025-07-20T00:00:00-05:00,24,12.199999999999992,,unknown,"Open-Meteo ERA5 reanalysis; retrospective, not operational availability"
120601,2025-07-20,28.6,70,0.0,4.9,2025-07-21T00:00:00-05:00,24,12.199999999999992,,unknown,"Open-Meteo ERA5 reanalysis; retrospective, not operational availability"
120601,2025-07-21,30.9,69,0.0,3.3,2025-07-22T00:00:00-05:00,24,10.499999999999993,,unknown,"Open-Meteo ERA5 reanalysis; retrospective, not operational availability"
120601,2025-07-22,31.4,67,0.0,4.0,2025-07-23T00:00:00-05:00,24,10.499999999999993,,unknown,"Open-Meteo ERA5 reanalysis; retrospective, not operational availability"
120601,2025-07-23,29.4,69,0.1,3.7,2025-07-24T00:00:00-05:00,24,10.399999999999993,,unknown,"Open-Meteo ERA5 reanalysis; retrospective, not operational availability"
120601,2025-07-24,30.2,68,0.0,4.2,2025-07-25T00:00:00-05:00,24,8.899999999999993,,unknown,"Open-Meteo ERA5 reanalysis; retrospective, not operational availability"
120601,2025-07-25,30.6,68,0.0,4.8,2025-07-26T00:00:00-05:00,24,1.0999999999999939,,unknown,"Open-Meteo ERA5 reanalysis; retrospective, not operational availability"
120601,2025-07-26,29.8,67,0.1,4.4,2025-07-27T00:00:00-05:00,24,0.1999999999999938,,unknown,"Open-Meteo ERA5 reanalysis; retrospective, not operational availability"
120601,2025-07-27,29.6,69,0.0,3.1,2025-07-28T00:00:00-05:00,24,0.1999999999999938,,unknown,"Open-Meteo ERA5 reanalysis; retrospective, not operational availability"
120601,2025-07-28,27.3,73,0.3,4.4,2025-07-29T00:00:00-05:00,24,0.4999999999999938,,unknown,"Open-Meteo ERA5 reanalysis; retrospective, not operational availability"
120601,2025-07-29,27.9,75,4.6,4.5,2025-07-30T00:00:00-05:00,24,5.099999999999993,,unknown,"Open-Meteo ERA5 reanalysis; retrospective, not operational availability"
120601,2025-07-30,27.9,75,1.5,4.5,2025-07-31T00:00:00-05:00,24,6.499999999999994,,unknown,"Open-Meteo ERA5 reanalysis; retrospective, not operational availability"
120601,2025-07-31,28.0,74,0.5,4.9,2025-08-01T00:00:00-05:00,24,6.999999999999994,,unknown,"Open-Meteo ERA5 reanalysis; retrospective, not operational availability"
120601,2025-08-01,29.6,74,0.8,4.7,2025-08-02T00:00:00-05:00,24,7.799999999999994,,unknown,"Open-Meteo ERA5 reanalysis; retrospective, not operational availability"
120601,2025-08-02,30.3,67,0.0,5.7,2025-08-03T00:00:00-05:00,24,7.699999999999993,,unknown,"Open-Meteo ERA5 reanalysis; retrospective, not operational availability"
120601,2025-08-03,28.4,65,0.1,4.1,2025-08-04T00:00:00-05:00,24,7.799999999999994,,unknown,"Open-Meteo ERA5 reanalysis; retrospective, not operational availability"
120601,2025-08-04,30.7,61,0.5,3.6,2025-08-05T00:00:00-05:00,24,7.999999999999994,,unknown,"Open-Meteo ERA5 reanalysis; retrospective, not operational availability"
120601,2025-08-05,27.3,74,2.7,4.0,2025-08-06T00:00:00-05:00,24,6.099999999999994,,unknown,"Open-Meteo ERA5 reanalysis; retrospective, not operational availability"
120601,2025-08-06,29.4,72,1.6,4.7,2025-08-07T00:00:00-05:00,24,6.199999999999994,,unknown,"Open-Meteo ERA5 reanalysis; retrospective, not operational availability"
120601,2025-08-07,31.3,64,1.0,5.1,2025-08-08T00:00:00-05:00,24,6.699999999999994,,unknown,"Open-Meteo ERA5 reanalysis; retrospective, not operational availability"
120601,2025-08-08,29.1,65,2.5,5.6,2025-08-09T00:00:00-05:00,24,8.399999999999995,,unknown,"Open-Meteo ERA5 reanalysis; retrospective, not operational availability"
120601,2025-08-09,24.0,86,8.4,5.3,2025-08-10T00:00:00-05:00,24,16.799999999999994,,unknown,"Open-Meteo ERA5 reanalysis; retrospective, not operational availability"
120601,2025-08-10,27.5,77,1.0,6.8,2025-08-11T00:00:00-05:00,24,17.699999999999992,,unknown,"Open-Meteo ERA5 reanalysis; retrospective, not operational availability"
120601,2025-08-11,28.9,73,0.4,5.2,2025-08-12T00:00:00-05:00,24,17.59999999999999,,unknown,"Open-Meteo ERA5 reanalysis; retrospective, not operational availability"
120601,2025-08-12,29.3,74,0.4,5.4,2025-08-13T00:00:00-05:00,24,15.299999999999994,,unknown,"Open-Meteo ERA5 reanalysis; retrospective, not operational availability"
120601,2025-08-13,30.2,69,0.4,6.3,2025-08-14T00:00:00-05:00,24,14.099999999999993,,unknown,"Open-Meteo ERA5 reanalysis; retrospective, not operational availability"
120601,2025-08-14,28.0,73,4.7,4.4,2025-08-15T00:00:00-05:00,24,17.799999999999994,,unknown,"Open-Meteo ERA5 reanalysis; retrospective, not operational availability"
120601,2025-08-15,25.1,78,1.5,4.6,2025-08-16T00:00:00-05:00,24,16.799999999999994,,unknown,"Open-Meteo ERA5 reanalysis; retrospective, not operational availability"
120601,2025-08-16,28.2,73,0.3,4.3,2025-08-17T00:00:00-05:00,24,8.699999999999994,,unknown,"Open-Meteo ERA5 reanalysis; retrospective, not operational availability"
120601,2025-08-17,30.3,67,0.0,4.1,2025-08-18T00:00:00-05:00,24,7.699999999999993,,unknown,"Open-Meteo ERA5 reanalysis; retrospective, not operational availability"
120601,2025-08-18,30.0,62,0.2,3.7,2025-08-19T00:00:00-05:00,24,7.499999999999993,,unknown,"Open-Meteo ERA5 reanalysis; retrospective, not operational availability"
120601,2025-08-19,31.1,64,0.0,5.0,2025-08-20T00:00:00-05:00,24,7.099999999999993,,unknown,"Open-Meteo ERA5 reanalysis; retrospective, not operational availability"
120601,2025-08-20,31.6,63,0.1,5.1,2025-08-21T00:00:00-05:00,24,6.799999999999993,,unknown,"Open-Meteo ERA5 reanalysis; retrospective, not operational availability"
120601,2025-08-21,30.5,66,0.2,6.3,2025-08-22T00:00:00-05:00,24,2.2999999999999927,,unknown,"Open-Meteo ERA5 reanalysis; retrospective, not operational availability"
120601,2025-08-22,31.3,67,0.2,3.8,2025-08-23T00:00:00-05:00,24,0.9999999999999929,,unknown,"Open-Meteo ERA5 reanalysis; retrospective, not operational availability"
120601,2025-08-23,29.1,68,2.1,5.5,2025-08-24T00:00:00-05:00,24,2.7999999999999927,,unknown,"Open-Meteo ERA5 reanalysis; retrospective, not operational availability"
120601,2025-08-24,29.2,71,2.2,5.9,2025-08-25T00:00:00-05:00,24,4.999999999999993,,unknown,"Open-Meteo ERA5 reanalysis; retrospective, not operational availability"
120601,2025-08-25,23.7,82,5.2,5.4,2025-08-26T00:00:00-05:00,24,9.999999999999993,,unknown,"Open-Meteo ERA5 reanalysis; retrospective, not operational availability"
120601,2025-08-26,26.5,75,1.5,5.4,2025-08-27T00:00:00-05:00,24,11.499999999999993,,unknown,"Open-Meteo ERA5 reanalysis; retrospective, not operational availability"
120601,2025-08-27,30.2,62,0.0,5.1,2025-08-28T00:00:00-05:00,24,11.399999999999995,,unknown,"Open-Meteo ERA5 reanalysis; retrospective, not operational availability"
120601,2025-08-28,29.0,66,0.4,3.9,2025-08-29T00:00:00-05:00,24,11.599999999999994,,unknown,"Open-Meteo ERA5 reanalysis; retrospective, not operational availability"
120601,2025-08-29,31.6,59,0.0,6.5,2025-08-30T00:00:00-05:00,24,11.399999999999993,,unknown,"Open-Meteo ERA5 reanalysis; retrospective, not operational availability"
120601,2025-08-30,32.0,56,0.0,5.3,2025-08-31T00:00:00-05:00,24,9.299999999999994,,unknown,"Open-Meteo ERA5 reanalysis; retrospective, not operational availability"
120601,2025-08-31,31.9,59,0.0,4.9,2025-09-01T00:00:00-05:00,24,7.099999999999993,,unknown,"Open-Meteo ERA5 reanalysis; retrospective, not operational availability"
120601,2025-09-01,32.0,63,0.6,4.7,2025-09-02T00:00:00-05:00,24,2.499999999999994,,unknown,"Open-Meteo ERA5 reanalysis; retrospective, not operational availability"
120601,2025-09-02,29.1,64,1.2,6.1,2025-09-03T00:00:00-05:00,24,2.199999999999994,,unknown,"Open-Meteo ERA5 reanalysis; retrospective, not operational availability"
120601,2025-09-03,30.0,68,1.9,3.8,2025-09-04T00:00:00-05:00,24,4.099999999999993,,unknown,"Open-Meteo ERA5 reanalysis; retrospective, not operational availability"
120601,2025-09-04,30.9,69,0.9,4.5,2025-09-05T00:00:00-05:00,24,4.599999999999993,,unknown,"Open-Meteo ERA5 reanalysis; retrospective, not operational availability"
120601,2025-09-05,30.7,67,1.2,3.6,2025-09-06T00:00:00-05:00,24,5.799999999999994,,unknown,"Open-Meteo ERA5 reanalysis; retrospective, not operational availability"
120601,2025-09-06,22.1,88,11.7,4.3,2025-09-07T00:00:00-05:00,24,17.499999999999993,,unknown,"Open-Meteo ERA5 reanalysis; retrospective, not operational availability"
120601,2025-09-07,28.7,79,1.4,4.5,2025-09-08T00:00:00-05:00,24,18.89999999999999,,unknown,"Open-Meteo ERA5 reanalysis; retrospective, not operational availability"
120601,2025-09-08,29.8,71,0.3,4.0,2025-09-09T00:00:00-05:00,24,18.59999999999999,,unknown,"Open-Meteo ERA5 reanalysis; retrospective, not operational availability"
120601,2025-09-09,31.3,64,0.2,3.7,2025-09-10T00:00:00-05:00,24,17.59999999999999,,unknown,"Open-Meteo ERA5 reanalysis; retrospective, not operational availability"
120601,2025-09-10,30.6,64,0.4,4.5,2025-09-11T00:00:00-05:00,24,16.099999999999994,,unknown,"Open-Meteo ERA5 reanalysis; retrospective, not operational availability"
120601,2025-09-11,32.9,59,0.1,6.0,2025-09-12T00:00:00-05:00,24,15.299999999999994,,unknown,"Open-Meteo ERA5 reanalysis; retrospective, not operational availability"
120601,2025-09-12,29.2,67,0.4,7.0,2025-09-13T00:00:00-05:00,24,14.499999999999995,,unknown,"Open-Meteo ERA5 reanalysis; retrospective, not operational availability"
120601,2025-09-13,33.2,61,0.4,5.6,2025-09-14T00:00:00-05:00,24,3.199999999999995,,unknown,"Open-Meteo ERA5 reanalysis; retrospective, not operational availability"
120601,2025-09-14,32.6,57,0.1,5.5,2025-09-15T00:00:00-05:00,24,1.8999999999999948,,unknown,"Open-Meteo ERA5 reanalysis; retrospective, not operational availability"
120601,2025-09-15,32.0,57,0.4,5.0,2025-09-16T00:00:00-05:00,24,1.9999999999999947,,unknown,"Open-Meteo ERA5 reanalysis; retrospective, not operational availability"
120601,2025-09-16,32.6,61,1.0,6.8,2025-09-17T00:00:00-05:00,24,2.7999999999999945,,unknown,"Open-Meteo ERA5 reanalysis; retrospective, not operational availability"
120601,2025-09-17,30.9,60,1.0,5.9,2025-09-18T00:00:00-05:00,24,3.399999999999995,,unknown,"Open-Meteo ERA5 reanalysis; retrospective, not operational availability"
120601,2025-09-18,31.8,61,2.3,4.7,2025-09-19T00:00:00-05:00,24,5.599999999999994,,unknown,"Open-Meteo ERA5 reanalysis; retrospective, not operational availability"
120601,2025-09-19,31.9,70,3.1,5.2,2025-09-20T00:00:00-05:00,24,8.299999999999994,,unknown,"Open-Meteo ERA5 reanalysis; retrospective, not operational availability"
120601,2025-09-20,33.7,66,0.5,6.3,2025-09-21T00:00:00-05:00,24,8.399999999999995,,unknown,"Open-Meteo ERA5 reanalysis; retrospective, not operational availability"
120601,2025-09-21,33.4,64,0.0,6.6,2025-09-22T00:00:00-05:00,24,8.299999999999995,,unknown,"Open-Meteo ERA5 reanalysis; retrospective, not operational availability"
120601,2025-09-22,32.4,63,0.6,5.9,2025-09-23T00:00:00-05:00,24,8.499999999999995,,unknown,"Open-Meteo ERA5 reanalysis; retrospective, not operational availability"
120601,2025-09-23,31.2,67,4.1,6.5,2025-09-24T00:00:00-05:00,24,11.599999999999994,,unknown,"Open-Meteo ERA5 reanalysis; retrospective, not operational availability"
120601,2025-09-24,28.9,72,4.9,4.2,2025-09-25T00:00:00-05:00,24,15.499999999999995,,unknown,"Open-Meteo ERA5 reanalysis; retrospective, not operational availability"
120601,2025-09-25,30.0,68,2.4,7.9,2025-09-26T00:00:00-05:00,24,15.599999999999996,,unknown,"Open-Meteo ERA5 reanalysis; retrospective, not operational availability"
120601,2025-09-26,29.8,62,1.6,3.2,2025-09-27T00:00:00-05:00,24,14.099999999999994,,unknown,"Open-Meteo ERA5 reanalysis; retrospective, not operational availability"
120601,2025-09-27,32.0,58,0.5,7.2,2025-09-28T00:00:00-05:00,24,14.099999999999994,,unknown,"Open-Meteo ERA5 reanalysis; retrospective, not operational availability"
120601,2025-09-28,30.7,66,2.7,5.1,2025-09-29T00:00:00-05:00,24,16.799999999999994,,unknown,"Open-Meteo ERA5 reanalysis; retrospective, not operational availability"
120601,2025-09-29,32.5,60,1.0,5.3,2025-09-30T00:00:00-05:00,24,17.199999999999996,,unknown,"Open-Meteo ERA5 reanalysis; retrospective, not operational availability"
120601,2025-09-30,31.3,63,2.2,5.6,2025-10-01T00:00:00-05:00,24,15.299999999999995,,unknown,"Open-Meteo ERA5 reanalysis; retrospective, not operational availability"
120601,2025-10-01,30.0,65,4.2,4.8,2025-10-02T00:00:00-05:00,24,14.599999999999994,,unknown,"Open-Meteo ERA5 reanalysis; retrospective, not operational availability"
120601,2025-10-02,27.7,77,17.4,3.7,2025-10-03T00:00:00-05:00,24,29.599999999999994,,unknown,"Open-Meteo ERA5 reanalysis; retrospective, not operational availability"
120601,2025-10-03,28.3,75,6.2,3.6,2025-10-04T00:00:00-05:00,24,34.199999999999996,,unknown,"Open-Meteo ERA5 reanalysis; retrospective, not operational availability"
120601,2025-10-04,33.6,65,0.9,6.0,2025-10-05T00:00:00-05:00,24,34.599999999999994,,unknown,"Open-Meteo ERA5 reanalysis; retrospective, not operational availability"
120601,2025-10-05,33.7,65,0.5,8.0,2025-10-06T00:00:00-05:00,24,32.39999999999999,,unknown,"Open-Meteo ERA5 reanalysis; retrospective, not operational availability"
120601,2025-10-06,33.0,63,1.0,5.3,2025-10-07T00:00:00-05:00,24,32.39999999999999,,unknown,"Open-Meteo ERA5 reanalysis; retrospective, not operational availability"
120601,2025-10-07,31.0,67,3.9,6.4,2025-10-08T00:00:00-05:00,24,34.099999999999994,,unknown,"Open-Meteo ERA5 reanalysis; retrospective, not operational availability"
120601,2025-10-08,25.5,82,8.1,5.2,2025-10-09T00:00:00-05:00,24,37.99999999999999,,unknown,"Open-Meteo ERA5 reanalysis; retrospective, not operational availability"
120601,2025-10-09,28.4,80,7.4,4.3,2025-10-10T00:00:00-05:00,24,27.999999999999996,,unknown,"Open-Meteo ERA5 reanalysis; retrospective, not operational availability"
120601,2025-10-10,27.8,77,4.2,5.1,2025-10-11T00:00:00-05:00,24,25.999999999999996,,unknown,"Open-Meteo ERA5 reanalysis; retrospective, not operational availability"
120601,2025-10-11,32.1,71,1.0,6.1,2025-10-12T00:00:00-05:00,24,26.099999999999994,,unknown,"Open-Meteo ERA5 reanalysis; retrospective, not operational availability"
120601,2025-10-12,32.0,66,0.5,6.2,2025-10-13T00:00:00-05:00,24,26.099999999999994,,unknown,"Open-Meteo ERA5 reanalysis; retrospective, not operational availability"
120601,2025-10-13,31.9,63,0.6,7.1,2025-10-14T00:00:00-05:00,24,25.699999999999996,,unknown,"Open-Meteo ERA5 reanalysis; retrospective, not operational availability"
120601,2025-10-14,29.4,70,2.2,7.2,2025-10-15T00:00:00-05:00,24,23.999999999999996,,unknown,"Open-Meteo ERA5 reanalysis; retrospective, not operational availability"
120601,2025-10-15,30.6,69,1.9,5.9,2025-10-16T00:00:00-05:00,24,17.799999999999997,,unknown,"Open-Meteo ERA5 reanalysis; retrospective, not operational availability"
120601,2025-10-16,29.0,71,3.6,4.3,2025-10-17T00:00:00-05:00,24,13.999999999999996,,unknown,"Open-Meteo ERA5 reanalysis; retrospective, not operational availability"
120601,2025-10-17,30.7,71,2.0,6.1,2025-10-18T00:00:00-05:00,24,11.799999999999997,,unknown,"Open-Meteo ERA5 reanalysis; retrospective, not operational availability"
120601,2025-10-18,30.1,70,3.1,3.9,2025-10-19T00:00:00-05:00,24,13.899999999999999,,unknown,"Open-Meteo ERA5 reanalysis; retrospective, not operational availability"
120601,2025-10-19,28.9,75,8.9,6.8,2025-10-20T00:00:00-05:00,24,22.299999999999997,,unknown,"Open-Meteo ERA5 reanalysis; retrospective, not operational availability"
120601,2025-10-20,29.5,73,1.1,5.8,2025-10-21T00:00:00-05:00,24,22.799999999999997,,unknown,"Open-Meteo ERA5 reanalysis; retrospective, not operational availability"
120601,2025-10-21,30.3,72,2.9,4.2,2025-10-22T00:00:00-05:00,24,23.499999999999996,,unknown,"Open-Meteo ERA5 reanalysis; retrospective, not operational availability"
120601,2025-10-22,31.5,69,0.7,5.1,2025-10-23T00:00:00-05:00,24,22.299999999999994,,unknown,"Open-Meteo ERA5 reanalysis; retrospective, not operational availability"
120601,2025-10-23,29.7,72,6.7,4.0,2025-10-24T00:00:00-05:00,24,25.4,,unknown,"Open-Meteo ERA5 reanalysis; retrospective, not operational availability"
120601,2025-10-24,30.8,67,2.7,4.8,2025-10-25T00:00:00-05:00,24,26.099999999999998,,unknown,"Open-Meteo ERA5 reanalysis; retrospective, not operational availability"
120601,2025-10-25,31.6,70,0.6,6.9,2025-10-26T00:00:00-05:00,24,23.599999999999994,,unknown,"Open-Meteo ERA5 reanalysis; retrospective, not operational availability"
120601,2025-10-26,30.6,71,1.0,6.2,2025-10-27T00:00:00-05:00,24,15.699999999999998,,unknown,"Open-Meteo ERA5 reanalysis; retrospective, not operational availability"
120601,2025-10-27,30.2,72,3.2,6.3,2025-10-28T00:00:00-05:00,24,17.799999999999997,,unknown,"Open-Meteo ERA5 reanalysis; retrospective, not operational availability"
120601,2025-10-28,30.3,77,8.0,5.0,2025-10-29T00:00:00-05:00,24,22.9,,unknown,"Open-Meteo ERA5 reanalysis; retrospective, not operational availability"
120601,2025-10-29,28.6,80,12.1,5.6,2025-10-30T00:00:00-05:00,24,34.3,,unknown,"Open-Meteo ERA5 reanalysis; retrospective, not operational availability"
120601,2025-10-30,29.8,77,6.3,5.7,2025-10-31T00:00:00-05:00,24,33.89999999999999,,unknown,"Open-Meteo ERA5 reanalysis; retrospective, not operational availability"
120601,2025-10-31,29.3,77,4.0,5.6,2025-11-01T00:00:00-05:00,24,35.199999999999996,,unknown,"Open-Meteo ERA5 reanalysis; retrospective, not operational availability"
120601,2025-11-01,29.6,76,2.1,4.6,2025-11-02T00:00:00-05:00,24,36.699999999999996,,unknown,"Open-Meteo ERA5 reanalysis; retrospective, not operational availability"
120601,2025-11-02,31.1,69,0.3,4.7,2025-11-03T00:00:00-05:00,24,35.99999999999999,,unknown,"Open-Meteo ERA5 reanalysis; retrospective, not operational availability"
120601,2025-11-03,31.4,70,0.5,5.9,2025-11-04T00:00:00-05:00,24,33.3,,unknown,"Open-Meteo ERA5 reanalysis; retrospective, not operational availability"
120601,2025-11-04,30.7,72,2.6,5.4,2025-11-05T00:00:00-05:00,24,27.9,,unknown,"Open-Meteo ERA5 reanalysis; retrospective, not operational availability"
120601,2025-11-05,31.1,70,1.2,7.2,2025-11-06T00:00:00-05:00,24,16.999999999999996,,unknown,"Open-Meteo ERA5 reanalysis; retrospective, not operational availability"
120601,2025-11-06,31.9,72,1.9,6.0,2025-11-07T00:00:00-05:00,24,12.599999999999996,,unknown,"Open-Meteo ERA5 reanalysis; retrospective, not operational availability"
120601,2025-11-07,32.7,70,2.2,6.0,2025-11-08T00:00:00-05:00,24,10.799999999999997,,unknown,"Open-Meteo ERA5 reanalysis; retrospective, not operational availability"
120601,2025-11-08,31.2,69,2.5,7.2,2025-11-09T00:00:00-05:00,24,11.199999999999996,,unknown,"Open-Meteo ERA5 reanalysis; retrospective, not operational availability"
120601,2025-11-09,30.6,73,7.4,4.7,2025-11-10T00:00:00-05:00,24,18.299999999999997,,unknown,"Open-Meteo ERA5 reanalysis; retrospective, not operational availability"
120601,2025-11-10,29.3,81,4.1,4.7,2025-11-11T00:00:00-05:00,24,21.9,,unknown,"Open-Meteo ERA5 reanalysis; retrospective, not operational availability"
120601,2025-11-11,30.9,73,2.3,6.1,2025-11-12T00:00:00-05:00,24,21.599999999999994,,unknown,"Open-Meteo ERA5 reanalysis; retrospective, not operational availability"
120601,2025-11-12,30.5,74,4.0,5.2,2025-11-13T00:00:00-05:00,24,24.399999999999995,,unknown,"Open-Meteo ERA5 reanalysis; retrospective, not operational availability"
120601,2025-11-13,30.4,73,3.0,6.8,2025-11-14T00:00:00-05:00,24,25.499999999999996,,unknown,"Open-Meteo ERA5 reanalysis; retrospective, not operational availability"
120601,2025-11-14,32.2,69,3.3,7.1,2025-11-15T00:00:00-05:00,24,26.599999999999998,,unknown,"Open-Meteo ERA5 reanalysis; retrospective, not operational availability"
120601,2025-11-15,29.3,79,3.7,3.8,2025-11-16T00:00:00-05:00,24,27.799999999999994,,unknown,"Open-Meteo ERA5 reanalysis; retrospective, not operational availability"
120601,2025-11-16,31.3,72,0.1,6.5,2025-11-17T00:00:00-05:00,24,20.499999999999996,,unknown,"Open-Meteo ERA5 reanalysis; retrospective, not operational availability"
120601,2025-11-17,30.0,72,2.9,6.8,2025-11-18T00:00:00-05:00,24,19.299999999999997,,unknown,"Open-Meteo ERA5 reanalysis; retrospective, not operational availability"
120601,2025-11-18,28.0,79,7.7,5.9,2025-11-19T00:00:00-05:00,24,24.699999999999996,,unknown,"Open-Meteo ERA5 reanalysis; retrospective, not operational availability"
120601,2025-11-19,31.4,71,0.8,6.5,2025-11-20T00:00:00-05:00,24,21.499999999999996,,unknown,"Open-Meteo ERA5 reanalysis; retrospective, not operational availability"
120601,2025-11-20,27.9,81,12.3,5.1,2025-11-21T00:00:00-05:00,24,30.799999999999997,,unknown,"Open-Meteo ERA5 reanalysis; retrospective, not operational availability"
120601,2025-11-21,31.2,71,0.3,6.3,2025-11-22T00:00:00-05:00,24,27.799999999999997,,unknown,"Open-Meteo ERA5 reanalysis; retrospective, not operational availability"
120601,2025-11-22,32.2,68,0.3,5.9,2025-11-23T00:00:00-05:00,24,24.4,,unknown,"Open-Meteo ERA5 reanalysis; retrospective, not operational availability"
120601,2025-11-23,29.3,74,4.3,6.9,2025-11-24T00:00:00-05:00,24,28.599999999999998,,unknown,"Open-Meteo ERA5 reanalysis; retrospective, not operational availability"
120601,2025-11-24,30.3,69,2.0,4.6,2025-11-25T00:00:00-05:00,24,27.7,,unknown,"Open-Meteo ERA5 reanalysis; retrospective, not operational availability"
120601,2025-11-25,31.6,70,2.8,4.2,2025-11-26T00:00:00-05:00,24,22.799999999999997,,unknown,"Open-Meteo ERA5 reanalysis; retrospective, not operational availability"
120601,2025-11-26,31.3,70,5.4,4.6,2025-11-27T00:00:00-05:00,24,27.4,,unknown,"Open-Meteo ERA5 reanalysis; retrospective, not operational availability"
120601,2025-11-27,26.5,81,11.2,4.8,2025-11-28T00:00:00-05:00,24,26.299999999999997,,unknown,"Open-Meteo ERA5 reanalysis; retrospective, not operational availability"
120601,2025-11-28,30.9,68,2.9,5.2,2025-11-29T00:00:00-05:00,24,28.899999999999995,,unknown,"Open-Meteo ERA5 reanalysis; retrospective, not operational availability"
120601,2025-11-29,32.0,65,1.2,7.1,2025-11-30T00:00:00-05:00,24,29.799999999999994,,unknown,"Open-Meteo ERA5 reanalysis; retrospective, not operational availability"
120601,2025-11-30,30.3,69,1.6,7.2,2025-12-01T00:00:00-05:00,24,27.099999999999998,,unknown,"Open-Meteo ERA5 reanalysis; retrospective, not operational availability"
120601,2025-12-01,31.9,64,0.0,6.2,2025-12-02T00:00:00-05:00,24,25.099999999999998,,unknown,"Open-Meteo ERA5 reanalysis; retrospective, not operational availability"
120601,2025-12-02,32.1,69,4.7,6.7,2025-12-03T00:00:00-05:00,24,26.999999999999996,,unknown,"Open-Meteo ERA5 reanalysis; retrospective, not operational availability"
120601,2025-12-03,30.0,72,2.8,5.5,2025-12-04T00:00:00-05:00,24,24.399999999999995,,unknown,"Open-Meteo ERA5 reanalysis; retrospective, not operational availability"
120601,2025-12-04,27.3,82,16.9,4.6,2025-12-05T00:00:00-05:00,24,30.099999999999994,,unknown,"Open-Meteo ERA5 reanalysis; retrospective, not operational availability"
120601,2025-12-05,30.9,72,0.9,5.4,2025-12-06T00:00:00-05:00,24,28.099999999999994,,unknown,"Open-Meteo ERA5 reanalysis; retrospective, not operational availability"
120601,2025-12-06,28.7,75,2.0,6.3,2025-12-07T00:00:00-05:00,24,28.89999999999999,,unknown,"Open-Meteo ERA5 reanalysis; retrospective, not operational availability"
120601,2025-12-07,32.1,68,3.3,6.5,2025-12-08T00:00:00-05:00,24,30.599999999999994,,unknown,"Open-Meteo ERA5 reanalysis; retrospective, not operational availability"
120601,2025-12-08,23.7,88,15.1,4.3,2025-12-09T00:00:00-05:00,24,45.699999999999996,,unknown,"Open-Meteo ERA5 reanalysis; retrospective, not operational availability"
120601,2025-12-09,30.4,75,1.2,3.8,2025-12-10T00:00:00-05:00,24,42.19999999999999,,unknown,"Open-Meteo ERA5 reanalysis; retrospective, not operational availability"
120601,2025-12-10,28.3,76,5.6,5.9,2025-12-11T00:00:00-05:00,24,44.99999999999999,,unknown,"Open-Meteo ERA5 reanalysis; retrospective, not operational availability"
120601,2025-12-11,29.2,79,4.7,5.0,2025-12-12T00:00:00-05:00,24,32.8,,unknown,"Open-Meteo ERA5 reanalysis; retrospective, not operational availability"
120601,2025-12-12,30.7,74,1.5,6.3,2025-12-13T00:00:00-05:00,24,33.4,,unknown,"Open-Meteo ERA5 reanalysis; retrospective, not operational availability"
120601,2025-12-13,31.8,72,3.3,5.5,2025-12-14T00:00:00-05:00,24,34.699999999999996,,unknown,"Open-Meteo ERA5 reanalysis; retrospective, not operational availability"
120601,2025-12-14,30.8,72,1.1,6.0,2025-12-15T00:00:00-05:00,24,32.49999999999999,,unknown,"Open-Meteo ERA5 reanalysis; retrospective, not operational availability"
120601,2025-12-15,29.4,73,5.0,6.3,2025-12-16T00:00:00-05:00,24,22.399999999999995,,unknown,"Open-Meteo ERA5 reanalysis; retrospective, not operational availability"
120601,2025-12-16,29.5,72,1.8,7.6,2025-12-17T00:00:00-05:00,24,22.999999999999996,,unknown,"Open-Meteo ERA5 reanalysis; retrospective, not operational availability"
120601,2025-12-17,26.1,82,6.1,6.1,2025-12-18T00:00:00-05:00,24,23.499999999999996,,unknown,"Open-Meteo ERA5 reanalysis; retrospective, not operational availability"
120601,2025-12-18,29.6,70,1.3,6.3,2025-12-19T00:00:00-05:00,24,20.099999999999998,,unknown,"Open-Meteo ERA5 reanalysis; retrospective, not operational availability"
120601,2025-12-19,31.3,68,3.0,5.7,2025-12-20T00:00:00-05:00,24,21.599999999999994,,unknown,"Open-Meteo ERA5 reanalysis; retrospective, not operational availability"
120601,2025-12-20,30.6,72,2.0,6.8,2025-12-21T00:00:00-05:00,24,20.299999999999997,,unknown,"Open-Meteo ERA5 reanalysis; retrospective, not operational availability"
120601,2025-12-21,30.7,71,0.9,6.4,2025-12-22T00:00:00-05:00,24,20.099999999999994,,unknown,"Open-Meteo ERA5 reanalysis; retrospective, not operational availability"
120601,2025-12-22,29.2,75,3.5,7.2,2025-12-23T00:00:00-05:00,24,18.599999999999994,,unknown,"Open-Meteo ERA5 reanalysis; retrospective, not operational availability"
120601,2025-12-23,31.3,69,1.6,7.4,2025-12-24T00:00:00-05:00,24,18.399999999999995,,unknown,"Open-Meteo ERA5 reanalysis; retrospective, not operational availability"
120601,2025-12-24,30.5,70,1.1,6.0,2025-12-25T00:00:00-05:00,24,13.399999999999997,,unknown,"Open-Meteo ERA5 reanalysis; retrospective, not operational availability"
120601,2025-12-25,26.5,85,9.1,4.4,2025-12-26T00:00:00-05:00,24,21.199999999999996,,unknown,"Open-Meteo ERA5 reanalysis; retrospective, not operational availability"
120601,2025-12-26,28.9,77,7.4,5.8,2025-12-27T00:00:00-05:00,24,25.599999999999994,,unknown,"Open-Meteo ERA5 reanalysis; retrospective, not operational availability"
120601,2025-12-27,24.5,88,16.5,4.9,2025-12-28T00:00:00-05:00,24,40.099999999999994,,unknown,"Open-Meteo ERA5 reanalysis; retrospective, not operational availability"
120601,2025-12-28,28.9,73,3.0,6.7,2025-12-29T00:00:00-05:00,24,42.199999999999996,,unknown,"Open-Meteo ERA5 reanalysis; retrospective, not operational availability"
120601,2025-12-29,30.5,70,1.6,6.5,2025-12-30T00:00:00-05:00,24,40.3,,unknown,"Open-Meteo ERA5 reanalysis; retrospective, not operational availability"
120601,2025-12-30,30.3,68,0.7,7.6,2025-12-31T00:00:00-05:00,24,39.39999999999999,,unknown,"Open-Meteo ERA5 reanalysis; retrospective, not operational availability"
120601,2025-12-31,29.4,74,2.4,5.2,2026-01-01T00:00:00-05:00,24,40.699999999999996,,unknown,"Open-Meteo ERA5 reanalysis; retrospective, not operational availability"
120602,2025-01-01,25.7,82,4.4,5.9,2025-01-02T00:00:00-05:00,24,,,unknown,"Open-Meteo ERA5 reanalysis; retrospective, not operational availability"
120602,2025-01-02,23.9,88,22.7,4.5,2025-01-03T00:00:00-05:00,24,,,unknown,"Open-Meteo ERA5 reanalysis; retrospective, not operational availability"
120602,2025-01-03,25.8,85,10.7,6.9,2025-01-04T00:00:00-05:00,24,,,unknown,"Open-Meteo ERA5 reanalysis; retrospective, not operational availability"
120602,2025-01-04,28.6,74,4.7,7.0,2025-01-05T00:00:00-05:00,24,,,unknown,"Open-Meteo ERA5 reanalysis; retrospective, not operational availability"
120602,2025-01-05,27.1,81,5.2,7.0,2025-01-06T00:00:00-05:00,24,,,unknown,"Open-Meteo ERA5 reanalysis; retrospective, not operational availability"
120602,2025-01-06,25.6,88,14.0,6.7,2025-01-07T00:00:00-05:00,24,,,unknown,"Open-Meteo ERA5 reanalysis; retrospective, not operational availability"
120602,2025-01-07,25.0,90,11.5,5.9,2025-01-08T00:00:00-05:00,24,73.2,,unknown,"Open-Meteo ERA5 reanalysis; retrospective, not operational availability"
120602,2025-01-08,26.5,88,19.4,5.7,2025-01-09T00:00:00-05:00,24,88.19999999999999,,unknown,"Open-Meteo ERA5 reanalysis; retrospective, not operational availability"
120602,2025-01-09,24.0,90,23.3,4.9,2025-01-10T00:00:00-05:00,24,88.8,,unknown,"Open-Meteo ERA5 reanalysis; retrospective, not operational availability"
120602,2025-01-10,26.5,86,4.3,6.1,2025-01-11T00:00:00-05:00,24,82.39999999999999,,unknown,"Open-Meteo ERA5 reanalysis; retrospective, not operational availability"
120602,2025-01-11,26.4,84,5.8,7.2,2025-01-12T00:00:00-05:00,24,83.5,,unknown,"Open-Meteo ERA5 reanalysis; retrospective, not operational availability"
120602,2025-01-12,27.3,83,7.7,8.2,2025-01-13T00:00:00-05:00,24,85.99999999999999,,unknown,"Open-Meteo ERA5 reanalysis; retrospective, not operational availability"
120602,2025-01-13,28.0,85,6.1,7.3,2025-01-14T00:00:00-05:00,24,78.1,,unknown,"Open-Meteo ERA5 reanalysis; retrospective, not operational availability"
120602,2025-01-14,26.6,88,7.6,5.4,2025-01-15T00:00:00-05:00,24,74.19999999999999,,unknown,"Open-Meteo ERA5 reanalysis; retrospective, not operational availability"
120602,2025-01-15,29.2,84,9.3,7.7,2025-01-16T00:00:00-05:00,24,64.1,,unknown,"Open-Meteo ERA5 reanalysis; retrospective, not operational availability"
120602,2025-01-16,24.8,88,38.0,6.0,2025-01-17T00:00:00-05:00,24,78.8,,unknown,"Open-Meteo ERA5 reanalysis; retrospective, not operational availability"
120602,2025-01-17,25.9,84,22.4,8.7,2025-01-18T00:00:00-05:00,24,96.9,,unknown,"Open-Meteo ERA5 reanalysis; retrospective, not operational availability"
120602,2025-01-18,27.8,80,4.0,7.8,2025-01-19T00:00:00-05:00,24,95.1,,unknown,"Open-Meteo ERA5 reanalysis; retrospective, not operational availability"
120602,2025-01-19,26.1,80,2.6,6.8,2025-01-20T00:00:00-05:00,24,90.0,,unknown,"Open-Meteo ERA5 reanalysis; retrospective, not operational availability"
120602,2025-01-20,24.7,89,16.6,6.6,2025-01-21T00:00:00-05:00,24,100.5,,unknown,"Open-Meteo ERA5 reanalysis; retrospective, not operational availability"
120602,2025-01-21,23.6,90,9.5,5.4,2025-01-22T00:00:00-05:00,24,102.4,,unknown,"Open-Meteo ERA5 reanalysis; retrospective, not operational availability"
120602,2025-01-22,23.8,87,16.7,6.3,2025-01-23T00:00:00-05:00,24,109.79999999999998,,unknown,"Open-Meteo ERA5 reanalysis; retrospective, not operational availability"
120602,2025-01-23,24.8,83,4.4,7.4,2025-01-24T00:00:00-05:00,24,76.19999999999999,,unknown,"Open-Meteo ERA5 reanalysis; retrospective, not operational availability"
120602,2025-01-24,25.4,79,2.2,6.8,2025-01-25T00:00:00-05:00,24,55.99999999999999,,unknown,"Open-Meteo ERA5 reanalysis; retrospective, not operational availability"
120602,2025-01-25,27.4,79,5.1,6.1,2025-01-26T00:00:00-05:00,24,57.099999999999994,,unknown,"Open-Meteo ERA5 reanalysis; retrospective, not operational availability"
120602,2025-01-26,26.7,85,7.1,6.6,2025-01-27T00:00:00-05:00,24,61.599999999999994,,unknown,"Open-Meteo ERA5 reanalysis; retrospective, not operational availability"
120602,2025-01-27,26.5,86,6.5,6.2,2025-01-28T00:00:00-05:00,24,51.49999999999999,,unknown,"Open-Meteo ERA5 reanalysis; retrospective, not operational availability"
120602,2025-01-28,27.9,85,10.3,7.0,2025-01-29T00:00:00-05:00,24,52.3,,unknown,"Open-Meteo ERA5 reanalysis; retrospective, not operational availability"
120602,2025-01-29,28.7,78,3.2,7.0,2025-01-30T00:00:00-05:00,24,38.79999999999999,,unknown,"Open-Meteo ERA5 reanalysis; retrospective, not operational availability"
120602,2025-01-30,27.7,81,1.5,7.7,2025-01-31T00:00:00-05:00,24,35.89999999999999,,unknown,"Open-Meteo ERA5 reanalysis; retrospective, not operational availability"
120602,2025-01-31,26.4,85,4.6,6.8,2025-02-01T00:00:00-05:00,24,38.3,,unknown,"Open-Meteo ERA5 reanalysis; retrospective, not operational availability"
120602,2025-02-01,25.1,87,11.7,5.2,2025-02-02T00:00:00-05:00,24,44.89999999999999,,unknown,"Open-Meteo ERA5 reanalysis; retrospective, not operational availability"
120602,2025-02-02,27.5,82,8.9,9.0,2025-02-03T00:00:00-05:00,24,46.699999999999996,,unknown,"Open-Meteo ERA5 reanalysis; retrospective, not operational availability"
120602,2025-02-03,28.3,83,3.1,8.0,2025-02-04T00:00:00-05:00,24,43.3,,unknown,"Open-Meteo ERA5 reanalysis; retrospective, not operational availability"
120602,2025-02-04,24.5,89,15.1,7.0,2025-02-05T00:00:00-05:00,24,48.099999999999994,,unknown,"Open-Meteo ERA5 reanalysis; retrospective, not operational availability"
120602,2025-02-05,26.2,81,2.4,6.1,2025-02-06T00:00:00-05:00,24,47.29999999999999,,unknown,"Open-Meteo ERA5 reanalysis; retrospective, not operational availability"
120602,2025-02-06,27.2,80,5.3,6.4,2025-02-07T00:00:00-05:00,24,51.099999999999994,,unknown,"Open-Meteo ERA5 reanalysis; retrospective, not operational availability"
120602,2025-02-07,29.0,77,1.9,7.2,2025-02-08T00:00:00-05:00,24,48.39999999999999,,unknown,"Open-Meteo ERA5 reanalysis; retrospective, not operational availability"
120602,2025-02-08,23.7,90,8.1,6.5,2025-02-09T00:00:00-05:00,24,44.79999999999999,,unknown,"Open-Meteo ERA5 reanalysis; retrospective, not operational availability"
120602,2025-02-09,26.0,83,6.6,6.4,2025-02-10T00:00:00-05:00,24,42.499999999999986,,unknown,"Open-Meteo ERA5 reanalysis; retrospective, not operational availability"
120602,2025-02-10,26.5,89,14.7,6.0,2025-02-11T00:00:00-05:00,24,54.09999999999999,,unknown,"Open-Meteo ERA5 reanalysis; retrospective, not operational availability"
120602,2025-02-11,27.7,85,7.9,6.4,2025-02-12T00:00:00-05:00,24,46.89999999999999,,unknown,"Open-Meteo ERA5 reanalysis; retrospective, not operational availability"
120602,2025-02-12,21.4,92,31.1,5.6,2025-02-13T00:00:00-05:00,24,75.6,,unknown,"Open-Meteo ERA5 reanalysis; retrospective, not operational availability"
120602,2025-02-13,25.9,86,5.1,5.6,2025-02-14T00:00:00-05:00,24,75.39999999999999,,unknown,"Open-Meteo ERA5 reanalysis; retrospective, not operational availability"
120602,2025-02-14,27.9,84,4.0,7.4,2025-02-15T00:00:00-05:00,24,77.49999999999999,,unknown,"Open-Meteo ERA5 reanalysis; retrospective, not operational availability"
120602,2025-02-15,25.3,88,18.0,6.1,2025-02-16T00:00:00-05:00,24,87.4,,unknown,"Open-Meteo ERA5 reanalysis; retrospective, not operational availability"
120602,2025-02-16,23.8,90,32.5,5.4,2025-02-17T00:00:00-05:00,24,113.29999999999998,,unknown,"Open-Meteo ERA5 reanalysis; retrospective, not operational availability"
120602,2025-02-17,24.9,90,26.2,8.0,2025-02-18T00:00:00-05:00,24,124.8,,unknown,"Open-Meteo ERA5 reanalysis; retrospective, not operational availability"
120602,2025-02-18,24.2,90,21.3,7.9,2025-02-19T00:00:00-05:00,24,138.2,,unknown,"Open-Meteo ERA5 reanalysis; retrospective, not operational availability"
120602,2025-02-19,26.6,86,3.8,6.4,2025-02-20T00:00:00-05:00,24,110.9,,unknown,"Open-Meteo ERA5 reanalysis; retrospective, not operational availability"
120602,2025-02-20,26.0,86,5.3,8.1,2025-02-21T00:00:00-05:00,24,111.1,,unknown,"Open-Meteo ERA5 reanalysis; retrospective, not operational availability"
120602,2025-02-21,26.0,86,8.3,5.6,2025-02-22T00:00:00-05:00,24,115.39999999999999,,unknown,"Open-Meteo ERA5 reanalysis; retrospective, not operational availability"
120602,2025-02-22,26.4,84,15.6,5.6,2025-02-23T00:00:00-05:00,24,113.0,,unknown,"Open-Meteo ERA5 reanalysis; retrospective, not operational availability"
120602,2025-02-23,26.1,87,19.8,5.2,2025-02-24T00:00:00-05:00,24,100.3,,unknown,"Open-Meteo ERA5 reanalysis; retrospective, not operational availability"
120602,2025-02-24,28.8,76,2.2,6.3,2025-02-25T00:00:00-05:00,24,76.3,,unknown,"Open-Meteo ERA5 reanalysis; retrospective, not operational availability"
120602,2025-02-25,28.6,76,0.3,6.9,2025-02-26T00:00:00-05:00,24,55.3,,unknown,"Open-Meteo ERA5 reanalysis; retrospective, not operational availability"
120602,2025-02-26,26.1,87,6.4,5.6,2025-02-27T00:00:00-05:00,24,57.9,,unknown,"Open-Meteo ERA5 reanalysis; retrospective, not operational availability"
120602,2025-02-27,28.8,81,2.0,7.0,2025-02-28T00:00:00-05:00,24,54.599999999999994,,unknown,"Open-Meteo ERA5 reanalysis; retrospective, not operational availability"
120602,2025-02-28,27.1,86,11.9,6.2,2025-03-01T00:00:00-05:00,24,58.199999999999996,,unknown,"Open-Meteo ERA5 reanalysis; retrospective, not operational availability"
120602,2025-03-01,24.3,91,23.8,6.0,2025-03-02T00:00:00-05:00,24,66.39999999999999,,unknown,"Open-Meteo ERA5 reanalysis; retrospective, not operational availability"
120602,2025-03-02,25.0,89,10.1,6.1,2025-03-03T00:00:00-05:00,24,56.699999999999996,,unknown,"Open-Meteo ERA5 reanalysis; retrospective, not operational availability"
120602,2025-03-03,25.7,86,5.7,5.8,2025-03-04T00:00:00-05:00,24,60.199999999999996,,unknown,"Open-Meteo ERA5 reanalysis; retrospective, not operational availability"
120602,2025-03-04,24.5,86,7.4,5.3,2025-03-05T00:00:00-05:00,24,67.3,,unknown,"Open-Meteo ERA5 reanalysis; retrospective, not operational availability"
120602,2025-03-05,23.8,90,10.8,4.3,2025-03-06T00:00:00-05:00,24,71.69999999999999,,unknown,"Open-Meteo ERA5 reanalysis; retrospective, not operational availability"
120602,2025-03-06,25.2,88,9.7,5.1,2025-03-07T00:00:00-05:00,24,79.39999999999999,,unknown,"Open-Meteo ERA5 reanalysis; retrospective, not operational availability"
120602,2025-03-07,24.6,87,9.4,7.1,2025-03-08T00:00:00-05:00,24,76.9,,unknown,"Open-Meteo ERA5 reanalysis; retrospective, not operational availability"
120602,2025-03-08,23.3,91,15.5,5.5,2025-03-09T00:00:00-05:00,24,68.6,,unknown,"Open-Meteo ERA5 reanalysis; retrospective, not operational availability"
120602,2025-03-09,24.4,84,5.2,7.0,2025-03-10T00:00:00-05:00,24,63.699999999999996,,unknown,"Open-Meteo ERA5 reanalysis; retrospective, not operational availability"
120602,2025-03-10,25.2,90,16.7,6.4,2025-03-11T00:00:00-05:00,24,74.69999999999999,,unknown,"Open-Meteo ERA5 reanalysis; retrospective, not operational availability"
120602,2025-03-11,26.2,85,14.8,5.0,2025-03-12T00:00:00-05:00,24,82.1,,unknown,"Open-Meteo ERA5 reanalysis; retrospective, not operational availability"
120602,2025-03-12,25.4,87,7.3,5.7,2025-03-13T00:00:00-05:00,24,78.6,,unknown,"Open-Meteo ERA5 reanalysis; retrospective, not operational availability"
120602,2025-03-13,25.1,89,25.4,5.2,2025-03-14T00:00:00-05:00,24,94.3,,unknown,"Open-Meteo ERA5 reanalysis; retrospective, not operational availability"
120602,2025-03-14,23.3,90,13.2,4.9,2025-03-15T00:00:00-05:00,24,98.1,,unknown,"Open-Meteo ERA5 reanalysis; retrospective, not operational availability"
120602,2025-03-15,25.3,85,10.2,4.7,2025-03-16T00:00:00-05:00,24,92.8,,unknown,"Open-Meteo ERA5 reanalysis; retrospective, not operational availability"
120602,2025-03-16,24.5,90,9.4,3.8,2025-03-17T00:00:00-05:00,24,96.99999999999999,,unknown,"Open-Meteo ERA5 reanalysis; retrospective, not operational availability"
120602,2025-03-17,26.5,77,1.7,6.1,2025-03-18T00:00:00-05:00,24,81.99999999999999,,unknown,"Open-Meteo ERA5 reanalysis; retrospective, not operational availability"
120602,2025-03-18,26.4,84,6.7,5.9,2025-03-19T00:00:00-05:00,24,73.89999999999999,,unknown,"Open-Meteo ERA5 reanalysis; retrospective, not operational availability"
120602,2025-03-19,27.2,81,3.5,5.5,2025-03-20T00:00:00-05:00,24,70.1,,unknown,"Open-Meteo ERA5 reanalysis; retrospective, not operational availability"
120602,2025-03-20,25.0,87,9.4,4.8,2025-03-21T00:00:00-05:00,24,54.09999999999999,,unknown,"Open-Meteo ERA5 reanalysis; retrospective, not operational availability"
120602,2025-03-21,27.8,82,4.2,5.2,2025-03-22T00:00:00-05:00,24,45.099999999999994,,unknown,"Open-Meteo ERA5 reanalysis; retrospective, not operational availability"
120602,2025-03-22,26.7,82,2.2,5.5,2025-03-23T00:00:00-05:00,24,37.099999999999994,,unknown,"Open-Meteo ERA5 reanalysis; retrospective, not operational availability"
120602,2025-03-23,27.9,85,2.8,7.8,2025-03-24T00:00:00-05:00,24,30.499999999999993,,unknown,"Open-Meteo ERA5 reanalysis; retrospective, not operational availability"
120602,2025-03-24,29.3,79,3.1,6.6,2025-03-25T00:00:00-05:00,24,31.89999999999999,,unknown,"Open-Meteo ERA5 reanalysis; retrospective, not operational availability"
120602,2025-03-25,26.9,85,7.4,7.7,2025-03-26T00:00:00-05:00,24,32.599999999999994,,unknown,"Open-Meteo ERA5 reanalysis; retrospective, not operational availability"
120602,2025-03-26,27.2,86,3.1,6.2,2025-03-27T00:00:00-05:00,24,32.199999999999996,,unknown,"Open-Meteo ERA5 reanalysis; retrospective, not operational availability"
120602,2025-03-27,26.9,84,1.8,8.0,2025-03-28T00:00:00-05:00,24,24.599999999999994,,unknown,"Open-Meteo ERA5 reanalysis; retrospective, not operational availability"
120602,2025-03-28,26.6,85,6.2,6.5,2025-03-29T00:00:00-05:00,24,26.599999999999994,,unknown,"Open-Meteo ERA5 reanalysis; retrospective, not operational availability"
120602,2025-03-29,26.4,84,6.7,7.5,2025-03-30T00:00:00-05:00,24,31.099999999999994,,unknown,"Open-Meteo ERA5 reanalysis; retrospective, not operational availability"
120602,2025-03-30,26.4,85,4.3,7.7,2025-03-31T00:00:00-05:00,24,32.599999999999994,,unknown,"Open-Meteo ERA5 reanalysis; retrospective, not operational availability"
120602,2025-03-31,25.1,87,4.1,7.1,2025-04-01T00:00:00-05:00,24,33.599999999999994,,unknown,"Open-Meteo ERA5 reanalysis; retrospective, not operational availability"
120602,2025-04-01,26.1,85,9.8,6.7,2025-04-02T00:00:00-05:00,24,35.99999999999999,,unknown,"Open-Meteo ERA5 reanalysis; retrospective, not operational availability"
120602,2025-04-02,23.4,90,19.0,4.4,2025-04-03T00:00:00-05:00,24,51.89999999999999,,unknown,"Open-Meteo ERA5 reanalysis; retrospective, not operational availability"
120602,2025-04-03,24.8,88,12.3,5.4,2025-04-04T00:00:00-05:00,24,62.39999999999999,,unknown,"Open-Meteo ERA5 reanalysis; retrospective, not operational availability"
120602,2025-04-04,27.2,83,6.5,6.5,2025-04-05T00:00:00-05:00,24,62.69999999999999,,unknown,"Open-Meteo ERA5 reanalysis; retrospective, not operational availability"
120602,2025-04-05,21.5,90,18.5,4.5,2025-04-06T00:00:00-05:00,24,74.49999999999999,,unknown,"Open-Meteo ERA5 reanalysis; retrospective, not operational availability"
120602,2025-04-06,27.0,78,1.4,5.9,2025-04-07T00:00:00-05:00,24,71.6,,unknown,"Open-Meteo ERA5 reanalysis; retrospective, not operational availability"
120602,2025-04-07,27.2,83,3.7,7.4,2025-04-08T00:00:00-05:00,24,71.2,,unknown,"Open-Meteo ERA5 reanalysis; retrospective, not operational availability"
120602,2025-04-08,27.0,86,15.9,7.0,2025-04-09T00:00:00-05:00,24,77.3,,unknown,"Open-Meteo ERA5 reanalysis; retrospective, not operational availability"
120602,2025-04-09,25.2,86,5.0,8.4,2025-04-10T00:00:00-05:00,24,63.3,,unknown,"Open-Meteo ERA5 reanalysis; retrospective, not operational availability"
120602,2025-04-10,27.7,81,6.5,6.1,2025-04-11T00:00:00-05:00,24,57.5,,unknown,"Open-Meteo ERA5 reanalysis; retrospective, not operational availability"
120602,2025-04-11,26.6,84,14.8,5.5,2025-04-12T00:00:00-05:00,24,65.8,,unknown,"Open-Meteo ERA5 reanalysis; retrospective, not operational availability"
120602,2025-04-12,26.1,83,12.7,6.0,2025-04-13T00:00:00-05:00,24,60.0,,unknown,"Open-Meteo ERA5 reanalysis; retrospective, not operational availability"
120602,2025-04-13,26.6,83,4.0,6.1,2025-04-14T00:00:00-05:00,24,62.599999999999994,,unknown,"Open-Meteo ERA5 reanalysis; retrospective, not operational availability"
120602,2025-04-14,25.9,85,7.7,7.0,2025-04-15T00:00:00-05:00,24,66.6,,unknown,"Open-Meteo ERA5 reanalysis; retrospective, not operational availability"
120602,2025-04-15,26.4,84,2.1,6.4,2025-04-16T00:00:00-05:00,24,52.79999999999999,,unknown,"Open-Meteo ERA5 reanalysis; retrospective, not operational availability"
120602,2025-04-16,27.9,80,1.9,5.9,2025-04-17T00:00:00-05:00,24,49.699999999999996,,unknown,"Open-Meteo ERA5 reanalysis; retrospective, not operational availability"
120602,2025-04-17,26.5,84,5.5,6.3,2025-04-18T00:00:00-05:00,24,48.69999999999999,,unknown,"Open-Meteo ERA5 reanalysis; retrospective, not operational availability"
120602,2025-04-18,27.7,85,4.2,6.4,2025-04-19T00:00:00-05:00,24,38.099999999999994,,unknown,"Open-Meteo ERA5 reanalysis; retrospective, not operational availability"
120602,2025-04-19,27.3,82,2.8,6.8,2025-04-20T00:00:00-05:00,24,28.199999999999992,,unknown,"Open-Meteo ERA5 reanalysis; retrospective, not operational availability"
120602,2025-04-20,25.0,90,7.8,5.9,2025-04-21T00:00:00-05:00,24,31.999999999999993,,unknown,"Open-Meteo ERA5 reanalysis; retrospective, not operational availability"
120602,2025-04-21,26.6,83,3.2,6.3,2025-04-22T00:00:00-05:00,24,27.499999999999993,,unknown,"Open-Meteo ERA5 reanalysis; retrospective, not operational availability"
120602,2025-04-22,27.1,81,4.1,5.7,2025-04-23T00:00:00-05:00,24,29.499999999999993,,unknown,"Open-Meteo ERA5 reanalysis; retrospective, not operational availability"
120602,2025-04-23,28.2,83,2.5,6.7,2025-04-24T00:00:00-05:00,24,30.099999999999994,,unknown,"Open-Meteo ERA5 reanalysis; retrospective, not operational availability"
120602,2025-04-24,29.0,80,2.0,5.9,2025-04-25T00:00:00-05:00,24,26.599999999999994,,unknown,"Open-Meteo ERA5 reanalysis; retrospective, not operational availability"
120602,2025-04-25,27.3,84,2.4,6.5,2025-04-26T00:00:00-05:00,24,24.79999999999999,,unknown,"Open-Meteo ERA5 reanalysis; retrospective, not operational availability"
120602,2025-04-26,27.8,83,3.2,6.7,2025-04-27T00:00:00-05:00,24,25.199999999999992,,unknown,"Open-Meteo ERA5 reanalysis; retrospective, not operational availability"
120602,2025-04-27,26.9,84,2.6,5.5,2025-04-28T00:00:00-05:00,24,19.999999999999993,,unknown,"Open-Meteo ERA5 reanalysis; retrospective, not operational availability"
120602,2025-04-28,25.1,87,5.3,5.3,2025-04-29T00:00:00-05:00,24,22.099999999999994,,unknown,"Open-Meteo ERA5 reanalysis; retrospective, not operational availability"
120602,2025-04-29,26.0,88,6.9,5.7,2025-04-30T00:00:00-05:00,24,24.89999999999999,,unknown,"Open-Meteo ERA5 reanalysis; retrospective, not operational availability"
120602,2025-04-30,24.7,87,16.1,5.2,2025-05-01T00:00:00-05:00,24,38.49999999999999,,unknown,"Open-Meteo ERA5 reanalysis; retrospective, not operational availability"
120602,2025-05-01,25.3,87,4.9,6.1,2025-05-02T00:00:00-05:00,24,41.39999999999999,,unknown,"Open-Meteo ERA5 reanalysis; retrospective, not operational availability"
120602,2025-05-02,27.3,82,2.7,5.6,2025-05-03T00:00:00-05:00,24,41.699999999999996,,unknown,"Open-Meteo ERA5 reanalysis; retrospective, not operational availability"
120602,2025-05-03,24.0,89,9.5,4.0,2025-05-04T00:00:00-05:00,24,47.99999999999999,,unknown,"Open-Meteo ERA5 reanalysis; retrospective, not operational availability"
120602,2025-05-04,25.5,86,5.5,4.5,2025-05-05T00:00:00-05:00,24,50.89999999999999,,unknown,"Open-Meteo ERA5 reanalysis; retrospective, not operational availability"
120602,2025-05-05,25.2,84,1.1,5.7,2025-05-06T00:00:00-05:00,24,46.699999999999996,,unknown,"Open-Meteo ERA5 reanalysis; retrospective, not operational availability"
120602,2025-05-06,27.3,82,0.5,5.7,2025-05-07T00:00:00-05:00,24,40.3,,unknown,"Open-Meteo ERA5 reanalysis; retrospective, not operational availability"
120602,2025-05-07,27.9,79,0.7,5.9,2025-05-08T00:00:00-05:00,24,24.899999999999995,,unknown,"Open-Meteo ERA5 reanalysis; retrospective, not operational availability"
120602,2025-05-08,28.4,79,1.6,5.6,2025-05-09T00:00:00-05:00,24,21.59999999999999,,unknown,"Open-Meteo ERA5 reanalysis; retrospective, not operational availability"
120602,2025-05-09,28.0,81,1.5,5.7,2025-05-10T00:00:00-05:00,24,20.39999999999999,,unknown,"Open-Meteo ERA5 reanalysis; retrospective, not operational availability"
120602,2025-05-10,25.9,83,2.5,5.9,2025-05-11T00:00:00-05:00,24,13.399999999999993,,unknown,"Open-Meteo ERA5 reanalysis; retrospective, not operational availability"
120602,2025-05-11,25.3,87,5.6,4.6,2025-05-12T00:00:00-05:00,24,13.499999999999993,,unknown,"Open-Meteo ERA5 reanalysis; retrospective, not operational availability"
120602,2025-05-12,26.2,80,0.5,5.9,2025-05-13T00:00:00-05:00,24,12.899999999999993,,unknown,"Open-Meteo ERA5 reanalysis; retrospective, not operational availability"
120602,2025-05-13,25.6,80,0.6,5.9,2025-05-14T00:00:00-05:00,24,12.999999999999993,,unknown,"Open-Meteo ERA5 reanalysis; retrospective, not operational availability"
120602,2025-05-14,26.1,85,2.0,5.3,2025-05-15T00:00:00-05:00,24,14.299999999999992,,unknown,"Open-Meteo ERA5 reanalysis; retrospective, not operational availability"
120602,2025-05-15,26.7,84,2.1,6.8,2025-05-16T00:00:00-05:00,24,14.799999999999994,,unknown,"Open-Meteo ERA5 reanalysis; retrospective, not operational availability"
120602,2025-05-16,25.9,86,2.6,7.5,2025-05-17T00:00:00-05:00,24,15.899999999999993,,unknown,"Open-Meteo ERA5 reanalysis; retrospective, not operational availability"
120602,2025-05-17,26.8,82,1.5,6.2,2025-05-18T00:00:00-05:00,24,14.899999999999993,,unknown,"Open-Meteo ERA5 reanalysis; retrospective, not operational availability"
120602,2025-05-18,27.5,83,3.0,6.0,2025-05-19T00:00:00-05:00,24,12.299999999999994,,unknown,"Open-Meteo ERA5 reanalysis; retrospective, not operational availability"
120602,2025-05-19,25.8,83,2.0,6.1,2025-05-20T00:00:00-05:00,24,13.799999999999994,,unknown,"Open-Meteo ERA5 reanalysis; retrospective, not operational availability"
120602,2025-05-20,25.3,90,4.7,6.0,2025-05-21T00:00:00-05:00,24,17.89999999999999,,unknown,"Open-Meteo ERA5 reanalysis; retrospective, not operational availability"
120602,2025-05-21,25.2,91,7.1,6.2,2025-05-22T00:00:00-05:00,24,22.999999999999993,,unknown,"Open-Meteo ERA5 reanalysis; retrospective, not operational availability"
120602,2025-05-22,25.6,87,3.2,5.6,2025-05-23T00:00:00-05:00,24,24.09999999999999,,unknown,"Open-Meteo ERA5 reanalysis; retrospective, not operational availability"
120602,2025-05-23,24.7,88,4.5,5.3,2025-05-24T00:00:00-05:00,24,25.999999999999993,,unknown,"Open-Meteo ERA5 reanalysis; retrospective, not operational availability"
120602,2025-05-24,25.9,83,2.1,5.2,2025-05-25T00:00:00-05:00,24,26.599999999999994,,unknown,"Open-Meteo ERA5 reanalysis; retrospective, not operational availability"
120602,2025-05-25,25.4,84,8.2,5.7,2025-05-26T00:00:00-05:00,24,31.799999999999994,,unknown,"Open-Meteo ERA5 reanalysis; retrospective, not operational availability"
120602,2025-05-26,27.0,80,6.2,6.4,2025-05-27T00:00:00-05:00,24,35.99999999999999,,unknown,"Open-Meteo ERA5 reanalysis; retrospective, not operational availability"
120602,2025-05-27,25.8,85,7.3,6.2,2025-05-28T00:00:00-05:00,24,38.599999999999994,,unknown,"Open-Meteo ERA5 reanalysis; retrospective, not operational availability"
120602,2025-05-28,27.0,82,4.5,6.5,2025-05-29T00:00:00-05:00,24,35.99999999999999,,unknown,"Open-Meteo ERA5 reanalysis; retrospective, not operational availability"
120602,2025-05-29,22.7,90,23.1,7.1,2025-05-30T00:00:00-05:00,24,55.89999999999999,,unknown,"Open-Meteo ERA5 reanalysis; retrospective, not operational availability"
120602,2025-05-30,25.2,86,5.4,5.0,2025-05-31T00:00:00-05:00,24,56.79999999999999,,unknown,"Open-Meteo ERA5 reanalysis; retrospective, not operational availability"
120602,2025-05-31,25.6,83,2.3,6.7,2025-06-01T00:00:00-05:00,24,57.0,,unknown,"Open-Meteo ERA5 reanalysis; retrospective, not operational availability"
120602,2025-06-01,23.8,94,4.8,6.4,2025-06-02T00:00:00-05:00,24,53.599999999999994,,unknown,"Open-Meteo ERA5 reanalysis; retrospective, not operational availability"
120602,2025-06-02,25.8,85,2.6,7.8,2025-06-03T00:00:00-05:00,24,49.99999999999999,,unknown,"Open-Meteo ERA5 reanalysis; retrospective, not operational availability"
120602,2025-06-03,27.0,79,0.5,6.3,2025-06-04T00:00:00-05:00,24,43.199999999999996,,unknown,"Open-Meteo ERA5 reanalysis; retrospective, not operational availability"
120602,2025-06-04,25.6,82,0.8,5.0,2025-06-05T00:00:00-05:00,24,39.49999999999999,,unknown,"Open-Meteo ERA5 reanalysis; retrospective, not operational availability"
120602,2025-06-05,26.1,82,0.7,6.2,2025-06-06T00:00:00-05:00,24,17.099999999999994,,unknown,"Open-Meteo ERA5 reanalysis; retrospective, not operational availability"
120602,2025-06-06,24.5,83,0.6,5.7,2025-06-07T00:00:00-05:00,24,12.299999999999992,,unknown,"Open-Meteo ERA5 reanalysis; retrospective, not operational availability"
120602,2025-06-07,26.2,82,1.9,6.0,2025-06-08T00:00:00-05:00,24,11.899999999999993,,unknown,"Open-Meteo ERA5 reanalysis; retrospective, not operational availability"
120602,2025-06-08,26.6,84,2.3,6.7,2025-06-09T00:00:00-05:00,24,9.399999999999993,,unknown,"Open-Meteo ERA5 reanalysis; retrospective, not operational availability"
120602,2025-06-09,26.8,80,1.5,6.5,2025-06-10T00:00:00-05:00,24,8.299999999999994,,unknown,"Open-Meteo ERA5 reanalysis; retrospective, not operational availability"
120602,2025-06-10,23.8,90,6.3,7.5,2025-06-11T00:00:00-05:00,24,14.099999999999993,,unknown,"Open-Meteo ERA5 reanalysis; retrospective, not operational availability"
120602,2025-06-11,22.9,92,9.0,5.2,2025-06-12T00:00:00-05:00,24,22.29999999999999,,unknown,"Open-Meteo ERA5 reanalysis; retrospective, not operational availability"
120602,2025-06-12,23.1,91,4.9,6.7,2025-06-13T00:00:00-05:00,24,26.499999999999993,,unknown,"Open-Meteo ERA5 reanalysis; retrospective, not operational availability"
120602,2025-06-13,24.0,90,1.4,6.2,2025-06-14T00:00:00-05:00,24,27.29999999999999,,unknown,"Open-Meteo ERA5 reanalysis; retrospective, not operational availability"
120602,2025-06-14,23.8,89,6.2,5.8,2025-06-15T00:00:00-05:00,24,31.599999999999994,,unknown,"Open-Meteo ERA5 reanalysis; retrospective, not operational availability"
120602,2025-06-15,21.3,92,44.9,4.0,2025-06-16T00:00:00-05:00,24,74.19999999999999,,unknown,"Open-Meteo ERA5 reanalysis; retrospective, not operational availability"
120602,2025-06-16,22.1,92,11.8,4.1,2025-06-17T00:00:00-05:00,24,84.5,,unknown,"Open-Meteo ERA5 reanalysis; retrospective, not operational availability"
120602,2025-06-17,22.3,92,3.4,5.5,2025-06-18T00:00:00-05:00,24,81.6,,unknown,"Open-Meteo ERA5 reanalysis; retrospective, not operational availability"
120602,2025-06-18,24.6,91,2.0,5.8,2025-06-19T00:00:00-05:00,24,74.6,,unknown,"Open-Meteo ERA5 reanalysis; retrospective, not operational availability"
120602,2025-06-19,24.9,85,0.5,5.9,2025-06-20T00:00:00-05:00,24,70.19999999999999,,unknown,"Open-Meteo ERA5 reanalysis; retrospective, not operational availability"
120602,2025-06-20,25.6,82,0.9,5.6,2025-06-21T00:00:00-05:00,24,69.7,,unknown,"Open-Meteo ERA5 reanalysis; retrospective, not operational availability"
120602,2025-06-21,25.8,82,0.0,7.0,2025-06-22T00:00:00-05:00,24,63.5,,unknown,"Open-Meteo ERA5 reanalysis; retrospective, not operational availability"
120602,2025-06-22,25.3,85,0.7,8.0,2025-06-23T00:00:00-05:00,24,19.3,,unknown,"Open-Meteo ERA5 reanalysis; retrospective, not operational availability"
120602,2025-06-23,26.3,82,1.1,5.6,2025-06-24T00:00:00-05:00,24,8.6,,unknown,"Open-Meteo ERA5 reanalysis; retrospective, not operational availability"
120602,2025-06-24,26.7,81,3.9,4.9,2025-06-25T00:00:00-05:00,24,9.1,,unknown,"Open-Meteo ERA5 reanalysis; retrospective, not operational availability"
120602,2025-06-25,23.5,92,8.7,6.7,2025-06-26T00:00:00-05:00,24,15.799999999999999,,unknown,"Open-Meteo ERA5 reanalysis; retrospective, not operational availability"
120602,2025-06-26,24.0,89,10.7,6.3,2025-06-27T00:00:00-05:00,24,26.0,,unknown,"Open-Meteo ERA5 reanalysis; retrospective, not operational availability"
120602,2025-06-27,24.2,90,5.5,6.2,2025-06-28T00:00:00-05:00,24,30.6,,unknown,"Open-Meteo ERA5 reanalysis; retrospective, not operational availability"
120602,2025-06-28,25.2,86,1.7,5.5,2025-06-29T00:00:00-05:00,24,32.3,,unknown,"Open-Meteo ERA5 reanalysis; retrospective, not operational availability"
120602,2025-06-29,25.6,87,3.7,6.4,2025-06-30T00:00:00-05:00,24,35.3,,unknown,"Open-Meteo ERA5 reanalysis; retrospective, not operational availability"
120602,2025-06-30,24.6,87,4.1,5.3,2025-07-01T00:00:00-05:00,24,38.3,,unknown,"Open-Meteo ERA5 reanalysis; retrospective, not operational availability"
120602,2025-07-01,19.7,94,27.6,6.5,2025-07-02T00:00:00-05:00,24,62.0,,unknown,"Open-Meteo ERA5 reanalysis; retrospective, not operational availability"
120602,2025-07-02,21.7,89,2.0,6.4,2025-07-03T00:00:00-05:00,24,55.3,,unknown,"Open-Meteo ERA5 reanalysis; retrospective, not operational availability"
120602,2025-07-03,22.9,84,1.5,6.2,2025-07-04T00:00:00-05:00,24,46.1,,unknown,"Open-Meteo ERA5 reanalysis; retrospective, not operational availability"
120602,2025-07-04,25.0,78,0.2,6.0,2025-07-05T00:00:00-05:00,24,40.800000000000004,,unknown,"Open-Meteo ERA5 reanalysis; retrospective, not operational availability"
120602,2025-07-05,25.5,72,0.0,5.7,2025-07-06T00:00:00-05:00,24,39.1,,unknown,"Open-Meteo ERA5 reanalysis; retrospective, not operational availability"
120602,2025-07-06,24.6,78,0.0,6.9,2025-07-07T00:00:00-05:00,24,35.400000000000006,,unknown,"Open-Meteo ERA5 reanalysis; retrospective, not operational availability"
120602,2025-07-07,25.5,75,0.0,6.2,2025-07-08T00:00:00-05:00,24,31.3,,unknown,"Open-Meteo ERA5 reanalysis; retrospective, not operational availability"
120602,2025-07-08,23.8,75,0.0,6.2,2025-07-09T00:00:00-05:00,24,3.7,,unknown,"Open-Meteo ERA5 reanalysis; retrospective, not operational availability"
120602,2025-07-09,25.5,71,0.0,6.1,2025-07-10T00:00:00-05:00,24,1.7,,unknown,"Open-Meteo ERA5 reanalysis; retrospective, not operational availability"
120602,2025-07-10,25.4,74,0.0,5.5,2025-07-11T00:00:00-05:00,24,0.2,,unknown,"Open-Meteo ERA5 reanalysis; retrospective, not operational availability"
120602,2025-07-11,24.7,79,0.0,6.4,2025-07-12T00:00:00-05:00,24,0.0,,unknown,"Open-Meteo ERA5 reanalysis; retrospective, not operational availability"
120602,2025-07-12,25.0,79,0.4,6.3,2025-07-13T00:00:00-05:00,24,0.4,,unknown,"Open-Meteo ERA5 reanalysis; retrospective, not operational availability"
120602,2025-07-13,24.3,82,0.2,6.8,2025-07-14T00:00:00-05:00,24,0.6000000000000001,,unknown,"Open-Meteo ERA5 reanalysis; retrospective, not operational availability"
120602,2025-07-14,24.5,81,1.6,5.6,2025-07-15T00:00:00-05:00,24,2.2,,unknown,"Open-Meteo ERA5 reanalysis; retrospective, not operational availability"
120602,2025-07-15,24.8,80,1.9,6.7,2025-07-16T00:00:00-05:00,24,4.1,,unknown,"Open-Meteo ERA5 reanalysis; retrospective, not operational availability"
120602,2025-07-16,25.7,80,1.3,6.1,2025-07-17T00:00:00-05:00,24,5.4,,unknown,"Open-Meteo ERA5 reanalysis; retrospective, not operational availability"
120602,2025-07-17,24.9,79,2.5,5.5,2025-07-18T00:00:00-05:00,24,7.9,,unknown,"Open-Meteo ERA5 reanalysis; retrospective, not operational availability"
120602,2025-07-18,21.8,89,16.7,5.8,2025-07-19T00:00:00-05:00,24,24.6,,unknown,"Open-Meteo ERA5 reanalysis; retrospective, not operational availability"
120602,2025-07-19,23.5,81,2.0,5.3,2025-07-20T00:00:00-05:00,24,26.2,,unknown,"Open-Meteo ERA5 reanalysis; retrospective, not operational availability"
120602,2025-07-20,25.1,80,0.3,5.7,2025-07-21T00:00:00-05:00,24,26.299999999999997,,unknown,"Open-Meteo ERA5 reanalysis; retrospective, not operational availability"
120602,2025-07-21,27.4,78,0.0,5.2,2025-07-22T00:00:00-05:00,24,24.7,,unknown,"Open-Meteo ERA5 reanalysis; retrospective, not operational availability"
120602,2025-07-22,27.5,77,0.6,5.4,2025-07-23T00:00:00-05:00,24,23.399999999999995,,unknown,"Open-Meteo ERA5 reanalysis; retrospective, not operational availability"
120602,2025-07-23,25.3,79,1.1,5.9,2025-07-24T00:00:00-05:00,24,23.2,,unknown,"Open-Meteo ERA5 reanalysis; retrospective, not operational availability"
120602,2025-07-24,26.3,80,1.4,6.2,2025-07-25T00:00:00-05:00,24,22.099999999999994,,unknown,"Open-Meteo ERA5 reanalysis; retrospective, not operational availability"
120602,2025-07-25,26.6,80,1.1,5.4,2025-07-26T00:00:00-05:00,24,6.5,,unknown,"Open-Meteo ERA5 reanalysis; retrospective, not operational availability"
120602,2025-07-26,26.2,79,2.0,5.6,2025-07-27T00:00:00-05:00,24,6.5,,unknown,"Open-Meteo ERA5 reanalysis; retrospective, not operational availability"
120602,2025-07-27,26.0,82,2.9,6.0,2025-07-28T00:00:00-05:00,24,9.1,,unknown,"Open-Meteo ERA5 reanalysis; retrospective, not operational availability"
120602,2025-07-28,24.0,84,3.4,5.5,2025-07-29T00:00:00-05:00,24,12.5,,unknown,"Open-Meteo ERA5 reanalysis; retrospective, not operational availability"
120602,2025-07-29,24.6,85,15.4,6.2,2025-07-30T00:00:00-05:00,24,27.3,,unknown,"Open-Meteo ERA5 reanalysis; retrospective, not operational availability"
120602,2025-07-30,24.9,86,5.0,6.0,2025-07-31T00:00:00-05:00,24,31.2,,unknown,"Open-Meteo ERA5 reanalysis; retrospective, not operational availability"
120602,2025-07-31,24.3,86,3.3,5.4,2025-08-01T00:00:00-05:00,24,33.1,,unknown,"Open-Meteo ERA5 reanalysis; retrospective, not operational availability"
120602,2025-08-01,25.4,86,7.9,5.7,2025-08-02T00:00:00-05:00,24,39.9,,unknown,"Open-Meteo ERA5 reanalysis; retrospective, not operational availability"
120602,2025-08-02,26.6,78,1.0,6.1,2025-08-03T00:00:00-05:00,24,38.9,,unknown,"Open-Meteo ERA5 reanalysis; retrospective, not operational availability"
120602,2025-08-03,25.1,82,2.1,6.6,2025-08-04T00:00:00-05:00,24,38.1,,unknown,"Open-Meteo ERA5 reanalysis; retrospective, not operational availability"
120602,2025-08-04,26.9,78,1.1,6.0,2025-08-05T00:00:00-05:00,24,35.800000000000004,,unknown,"Open-Meteo ERA5 reanalysis; retrospective, not operational availability"
120602,2025-08-05,24.3,81,1.0,5.1,2025-08-06T00:00:00-05:00,24,21.4,,unknown,"Open-Meteo ERA5 reanalysis; retrospective, not operational availability"
120602,2025-08-06,25.6,80,1.4,5.5,2025-08-07T00:00:00-05:00,24,17.8,,unknown,"Open-Meteo ERA5 reanalysis; retrospective, not operational availability"
120602,2025-08-07,27.2,79,0.8,7.3,2025-08-08T00:00:00-05:00,24,15.299999999999999,,unknown,"Open-Meteo ERA5 reanalysis; retrospective, not operational availability"
120602,2025-08-08,24.9,78,1.7,5.1,2025-08-09T00:00:00-05:00,24,9.1,,unknown,"Open-Meteo ERA5 reanalysis; retrospective, not operational availability"
120602,2025-08-09,22.8,90,9.1,7.7,2025-08-10T00:00:00-05:00,24,17.2,,unknown,"Open-Meteo ERA5 reanalysis; retrospective, not operational availability"
120602,2025-08-10,24.3,87,4.3,6.7,2025-08-11T00:00:00-05:00,24,19.4,,unknown,"Open-Meteo ERA5 reanalysis; retrospective, not operational availability"
120602,2025-08-11,25.5,86,6.1,6.3,2025-08-12T00:00:00-05:00,24,24.4,,unknown,"Open-Meteo ERA5 reanalysis; retrospective, not operational availability"
120602,2025-08-12,26.6,85,4.3,7.1,2025-08-13T00:00:00-05:00,24,27.699999999999996,,unknown,"Open-Meteo ERA5 reanalysis; retrospective, not operational availability"
120602,2025-08-13,26.5,79,1.6,7.3,2025-08-14T00:00:00-05:00,24,27.9,,unknown,"Open-Meteo ERA5 reanalysis; retrospective, not operational availability"
120602,2025-08-14,25.3,80,3.7,5.6,2025-08-15T00:00:00-05:00,24,30.799999999999997,,unknown,"Open-Meteo ERA5 reanalysis; retrospective, not operational availability"
120602,2025-08-15,24.0,83,2.7,6.7,2025-08-16T00:00:00-05:00,24,31.8,,unknown,"Open-Meteo ERA5 reanalysis; retrospective, not operational availability"
120602,2025-08-16,24.6,83,1.4,5.8,2025-08-17T00:00:00-05:00,24,24.1,,unknown,"Open-Meteo ERA5 reanalysis; retrospective, not operational availability"
120602,2025-08-17,26.5,78,1.4,5.7,2025-08-18T00:00:00-05:00,24,21.2,,unknown,"Open-Meteo ERA5 reanalysis; retrospective, not operational availability"
120602,2025-08-18,26.6,77,2.5,5.0,2025-08-19T00:00:00-05:00,24,17.599999999999998,,unknown,"Open-Meteo ERA5 reanalysis; retrospective, not operational availability"
120602,2025-08-19,26.9,78,2.7,5.8,2025-08-20T00:00:00-05:00,24,16.0,,unknown,"Open-Meteo ERA5 reanalysis; retrospective, not operational availability"
120602,2025-08-20,27.5,76,2.1,6.6,2025-08-21T00:00:00-05:00,24,16.5,,unknown,"Open-Meteo ERA5 reanalysis; retrospective, not operational availability"
120602,2025-08-21,26.6,79,1.4,7.1,2025-08-22T00:00:00-05:00,24,14.2,,unknown,"Open-Meteo ERA5 reanalysis; retrospective, not operational availability"
120602,2025-08-22,27.3,80,3.0,6.2,2025-08-23T00:00:00-05:00,24,14.5,,unknown,"Open-Meteo ERA5 reanalysis; retrospective, not operational availability"
120602,2025-08-23,26.0,81,4.3,6.9,2025-08-24T00:00:00-05:00,24,17.4,,unknown,"Open-Meteo ERA5 reanalysis; retrospective, not operational availability"
120602,2025-08-24,25.6,81,4.7,6.5,2025-08-25T00:00:00-05:00,24,20.7,,unknown,"Open-Meteo ERA5 reanalysis; retrospective, not operational availability"
120602,2025-08-25,22.6,90,12.6,6.2,2025-08-26T00:00:00-05:00,24,30.8,,unknown,"Open-Meteo ERA5 reanalysis; retrospective, not operational availability"
120602,2025-08-26,22.8,88,8.7,5.3,2025-08-27T00:00:00-05:00,24,36.8,,unknown,"Open-Meteo ERA5 reanalysis; retrospective, not operational availability"
120602,2025-08-27,25.7,80,2.6,6.4,2025-08-28T00:00:00-05:00,24,37.3,,unknown,"Open-Meteo ERA5 reanalysis; retrospective, not operational availability"
120602,2025-08-28,25.6,80,1.6,6.1,2025-08-29T00:00:00-05:00,24,37.5,,unknown,"Open-Meteo ERA5 reanalysis; retrospective, not operational availability"
120602,2025-08-29,27.1,74,0.7,7.4,2025-08-30T00:00:00-05:00,24,35.2,,unknown,"Open-Meteo ERA5 reanalysis; retrospective, not operational availability"
120602,2025-08-30,27.5,73,5.1,5.8,2025-08-31T00:00:00-05:00,24,36.0,,unknown,"Open-Meteo ERA5 reanalysis; retrospective, not operational availability"
120602,2025-08-31,27.4,75,2.5,6.7,2025-09-01T00:00:00-05:00,24,33.8,,unknown,"Open-Meteo ERA5 reanalysis; retrospective, not operational availability"
120602,2025-09-01,27.3,76,1.8,5.6,2025-09-02T00:00:00-05:00,24,23.0,,unknown,"Open-Meteo ERA5 reanalysis; retrospective, not operational availability"
120602,2025-09-02,25.1,77,3.5,5.8,2025-09-03T00:00:00-05:00,24,17.8,,unknown,"Open-Meteo ERA5 reanalysis; retrospective, not operational availability"
120602,2025-09-03,26.5,78,4.4,4.8,2025-09-04T00:00:00-05:00,24,19.6,,unknown,"Open-Meteo ERA5 reanalysis; retrospective, not operational availability"
120602,2025-09-04,26.3,80,2.1,6.3,2025-09-05T00:00:00-05:00,24,20.099999999999998,,unknown,"Open-Meteo ERA5 reanalysis; retrospective, not operational availability"
120602,2025-09-05,26.4,79,3.3,5.9,2025-09-06T00:00:00-05:00,24,22.7,,unknown,"Open-Meteo ERA5 reanalysis; retrospective, not operational availability"
120602,2025-09-06,21.2,90,13.1,5.9,2025-09-07T00:00:00-05:00,24,30.700000000000003,,unknown,"Open-Meteo ERA5 reanalysis; retrospective, not operational availability"
120602,2025-09-07,25.1,85,5.0,5.0,2025-09-08T00:00:00-05:00,24,33.2,,unknown,"Open-Meteo ERA5 reanalysis; retrospective, not operational availability"
120602,2025-09-08,26.3,80,1.9,6.6,2025-09-09T00:00:00-05:00,24,33.3,,unknown,"Open-Meteo ERA5 reanalysis; retrospective, not operational availability"
120602,2025-09-09,27.3,74,0.2,5.2,2025-09-10T00:00:00-05:00,24,30.0,,unknown,"Open-Meteo ERA5 reanalysis; retrospective, not operational availability"
120602,2025-09-10,26.6,74,0.0,5.4,2025-09-11T00:00:00-05:00,24,25.599999999999998,,unknown,"Open-Meteo ERA5 reanalysis; retrospective, not operational availability"
120602,2025-09-11,28.3,69,0.2,8.7,2025-09-12T00:00:00-05:00,24,23.7,,unknown,"Open-Meteo ERA5 reanalysis; retrospective, not operational availability"
120602,2025-09-12,25.8,74,0.0,5.8,2025-09-13T00:00:00-05:00,24,20.4,,unknown,"Open-Meteo ERA5 reanalysis; retrospective, not operational availability"
120602,2025-09-13,28.9,71,0.3,6.5,2025-09-14T00:00:00-05:00,24,7.6,,unknown,"Open-Meteo ERA5 reanalysis; retrospective, not operational availability"
120602,2025-09-14,28.3,70,0.0,6.3,2025-09-15T00:00:00-05:00,24,2.6,,unknown,"Open-Meteo ERA5 reanalysis; retrospective, not operational availability"
120602,2025-09-15,28.0,70,0.4,7.5,2025-09-16T00:00:00-05:00,24,1.1,,unknown,"Open-Meteo ERA5 reanalysis; retrospective, not operational availability"
120602,2025-09-16,28.5,74,3.1,7.3,2025-09-17T00:00:00-05:00,24,4.0,,unknown,"Open-Meteo ERA5 reanalysis; retrospective, not operational availability"
120602,2025-09-17,27.1,72,1.7,7.4,2025-09-18T00:00:00-05:00,24,5.7,,unknown,"Open-Meteo ERA5 reanalysis; retrospective, not operational availability"
120602,2025-09-18,28.2,73,2.0,5.6,2025-09-19T00:00:00-05:00,24,7.5,,unknown,"Open-Meteo ERA5 reanalysis; retrospective, not operational availability"
120602,2025-09-19,28.5,79,4.9,7.5,2025-09-20T00:00:00-05:00,24,12.4,,unknown,"Open-Meteo ERA5 reanalysis; retrospective, not operational availability"
120602,2025-09-20,29.5,76,1.0,6.4,2025-09-21T00:00:00-05:00,24,13.1,,unknown,"Open-Meteo ERA5 reanalysis; retrospective, not operational availability"
120602,2025-09-21,28.2,76,1.5,6.8,2025-09-22T00:00:00-05:00,24,14.6,,unknown,"Open-Meteo ERA5 reanalysis; retrospective, not operational availability"
120602,2025-09-22,28.3,76,1.4,7.1,2025-09-23T00:00:00-05:00,24,15.600000000000001,,unknown,"Open-Meteo ERA5 reanalysis; retrospective, not operational availability"
120602,2025-09-23,27.4,78,5.0,7.1,2025-09-24T00:00:00-05:00,24,17.5,,unknown,"Open-Meteo ERA5 reanalysis; retrospective, not operational availability"
120602,2025-09-24,25.7,80,5.7,6.9,2025-09-25T00:00:00-05:00,24,21.5,,unknown,"Open-Meteo ERA5 reanalysis; retrospective, not operational availability"
120602,2025-09-25,25.4,78,2.2,8.6,2025-09-26T00:00:00-05:00,24,21.700000000000003,,unknown,"Open-Meteo ERA5 reanalysis; retrospective, not operational availability"
120602,2025-09-26,26.7,76,2.7,4.0,2025-09-27T00:00:00-05:00,24,19.500000000000004,,unknown,"Open-Meteo ERA5 reanalysis; retrospective, not operational availability"
120602,2025-09-27,27.8,72,0.1,8.3,2025-09-28T00:00:00-05:00,24,18.599999999999998,,unknown,"Open-Meteo ERA5 reanalysis; retrospective, not operational availability"
120602,2025-09-28,27.5,74,1.5,7.1,2025-09-29T00:00:00-05:00,24,18.6,,unknown,"Open-Meteo ERA5 reanalysis; retrospective, not operational availability"
120602,2025-09-29,28.1,70,1.4,5.8,2025-09-30T00:00:00-05:00,24,18.6,,unknown,"Open-Meteo ERA5 reanalysis; retrospective, not operational availability"
120602,2025-09-30,28.1,75,2.0,6.4,2025-10-01T00:00:00-05:00,24,15.600000000000001,,unknown,"Open-Meteo ERA5 reanalysis; retrospective, not operational availability"
120602,2025-10-01,26.4,76,5.8,7.9,2025-10-02T00:00:00-05:00,24,15.700000000000001,,unknown,"Open-Meteo ERA5 reanalysis; retrospective, not operational availability"
120602,2025-10-02,25.1,83,15.7,5.4,2025-10-03T00:00:00-05:00,24,29.2,,unknown,"Open-Meteo ERA5 reanalysis; retrospective, not operational availability"
120602,2025-10-03,25.4,85,10.1,7.0,2025-10-04T00:00:00-05:00,24,36.6,,unknown,"Open-Meteo ERA5 reanalysis; retrospective, not operational availability"
120602,2025-10-04,29.2,75,2.8,7.4,2025-10-05T00:00:00-05:00,24,39.3,,unknown,"Open-Meteo ERA5 reanalysis; retrospective, not operational availability"
120602,2025-10-05,29.0,75,0.8,8.3,2025-10-06T00:00:00-05:00,24,38.6,,unknown,"Open-Meteo ERA5 reanalysis; retrospective, not operational availability"
120602,2025-10-06,29.2,73,1.8,6.5,2025-10-07T00:00:00-05:00,24,39.0,,unknown,"Open-Meteo ERA5 reanalysis; retrospective, not operational availability"
120602,2025-10-07,28.0,78,5.0,6.7,2025-10-08T00:00:00-05:00,24,42.0,,unknown,"Open-Meteo ERA5 reanalysis; retrospective, not operational availability"
120602,2025-10-08,23.7,88,10.2,6.3,2025-10-09T00:00:00-05:00,24,46.400000000000006,,unknown,"Open-Meteo ERA5 reanalysis; retrospective, not operational availability"
120602,2025-10-09,25.5,85,9.5,6.2,2025-10-10T00:00:00-05:00,24,40.2,,unknown,"Open-Meteo ERA5 reanalysis; retrospective, not operational availability"
120602,2025-10-10,24.7,83,9.6,5.5,2025-10-11T00:00:00-05:00,24,39.699999999999996,,unknown,"Open-Meteo ERA5 reanalysis; retrospective, not operational availability"
120602,2025-10-11,27.9,81,4.4,7.0,2025-10-12T00:00:00-05:00,24,41.3,,unknown,"Open-Meteo ERA5 reanalysis; retrospective, not operational availability"
120602,2025-10-12,28.2,78,6.4,8.0,2025-10-13T00:00:00-05:00,24,46.9,,unknown,"Open-Meteo ERA5 reanalysis; retrospective, not operational availability"
120602,2025-10-13,27.8,76,7.3,5.6,2025-10-14T00:00:00-05:00,24,52.4,,unknown,"Open-Meteo ERA5 reanalysis; retrospective, not operational availability"
120602,2025-10-14,25.7,81,6.2,5.6,2025-10-15T00:00:00-05:00,24,53.6,,unknown,"Open-Meteo ERA5 reanalysis; retrospective, not operational availability"
120602,2025-10-15,27.0,78,2.7,7.3,2025-10-16T00:00:00-05:00,24,46.1,,unknown,"Open-Meteo ERA5 reanalysis; retrospective, not operational availability"
120602,2025-10-16,25.6,81,4.3,5.9,2025-10-17T00:00:00-05:00,24,40.9,,unknown,"Open-Meteo ERA5 reanalysis; retrospective, not operational availability"
120602,2025-10-17,26.7,80,6.3,7.3,2025-10-18T00:00:00-05:00,24,37.6,,unknown,"Open-Meteo ERA5 reanalysis; retrospective, not operational availability"
120602,2025-10-18,26.7,79,3.3,6.6,2025-10-19T00:00:00-05:00,24,36.5,,unknown,"Open-Meteo ERA5 reanalysis; retrospective, not operational availability"
120602,2025-10-19,26.2,82,5.3,7.1,2025-10-20T00:00:00-05:00,24,35.4,,unknown,"Open-Meteo ERA5 reanalysis; retrospective, not operational availability"
120602,2025-10-20,26.3,81,10.7,7.8,2025-10-21T00:00:00-05:00,24,38.8,,unknown,"Open-Meteo ERA5 reanalysis; retrospective, not operational availability"
120602,2025-10-21,27.1,80,4.5,6.2,2025-10-22T00:00:00-05:00,24,37.099999999999994,,unknown,"Open-Meteo ERA5 reanalysis; retrospective, not operational availability"
120602,2025-10-22,27.6,78,1.5,6.5,2025-10-23T00:00:00-05:00,24,35.900000000000006,,unknown,"Open-Meteo ERA5 reanalysis; retrospective, not operational availability"
120602,2025-10-23,26.9,79,3.3,6.9,2025-10-24T00:00:00-05:00,24,34.9,,unknown,"Open-Meteo ERA5 reanalysis; retrospective, not operational availability"
120602,2025-10-24,28.1,75,2.9,7.1,2025-10-25T00:00:00-05:00,24,31.5,,unknown,"Open-Meteo ERA5 reanalysis; retrospective, not operational availability"
120602,2025-10-25,28.3,79,4.5,7.7,2025-10-26T00:00:00-05:00,24,32.7,,unknown,"Open-Meteo ERA5 reanalysis; retrospective, not operational availability"
120602,2025-10-26,27.1,80,4.0,6.8,2025-10-27T00:00:00-05:00,24,31.4,,unknown,"Open-Meteo ERA5 reanalysis; retrospective, not operational availability"
120602,2025-10-27,27.0,83,11.6,8.1,2025-10-28T00:00:00-05:00,24,32.3,,unknown,"Open-Meteo ERA5 reanalysis; retrospective, not operational availability"
120602,2025-10-28,27.7,84,15.7,6.9,2025-10-29T00:00:00-05:00,24,43.5,,unknown,"Open-Meteo ERA5 reanalysis; retrospective, not operational availability"
120602,2025-10-29,26.8,86,23.2,6.4,2025-10-30T00:00:00-05:00,24,65.19999999999999,,unknown,"Open-Meteo ERA5 reanalysis; retrospective, not operational availability"
120602,2025-10-30,27.0,84,14.3,7.5,2025-10-31T00:00:00-05:00,24,76.2,,unknown,"Open-Meteo ERA5 reanalysis; retrospective, not operational availability"
120602,2025-10-31,26.0,84,16.8,6.9,2025-11-01T00:00:00-05:00,24,90.1,,unknown,"Open-Meteo ERA5 reanalysis; retrospective, not operational availability"
120602,2025-11-01,27.0,85,9.0,5.8,2025-11-02T00:00:00-05:00,24,94.6,,unknown,"Open-Meteo ERA5 reanalysis; retrospective, not operational availability"
120602,2025-11-02,27.8,80,5.9,6.9,2025-11-03T00:00:00-05:00,24,96.5,,unknown,"Open-Meteo ERA5 reanalysis; retrospective, not operational availability"
120602,2025-11-03,28.2,81,10.1,6.1,2025-11-04T00:00:00-05:00,24,95.0,,unknown,"Open-Meteo ERA5 reanalysis; retrospective, not operational availability"
120602,2025-11-04,27.4,82,15.8,6.7,2025-11-05T00:00:00-05:00,24,95.1,,unknown,"Open-Meteo ERA5 reanalysis; retrospective, not operational availability"
120602,2025-11-05,27.5,80,3.6,7.5,2025-11-06T00:00:00-05:00,24,75.50000000000001,,unknown,"Open-Meteo ERA5 reanalysis; retrospective, not operational availability"
120602,2025-11-06,28.6,79,4.6,7.3,2025-11-07T00:00:00-05:00,24,65.8,,unknown,"Open-Meteo ERA5 reanalysis; retrospective, not operational availability"
120602,2025-11-07,29.8,82,9.5,6.0,2025-11-08T00:00:00-05:00,24,58.5,,unknown,"Open-Meteo ERA5 reanalysis; retrospective, not operational availability"
120602,2025-11-08,27.8,78,7.4,7.7,2025-11-09T00:00:00-05:00,24,56.9,,unknown,"Open-Meteo ERA5 reanalysis; retrospective, not operational availability"
120602,2025-11-09,27.7,80,11.7,5.8,2025-11-10T00:00:00-05:00,24,62.7,,unknown,"Open-Meteo ERA5 reanalysis; retrospective, not operational availability"
120602,2025-11-10,26.4,85,10.2,5.5,2025-11-11T00:00:00-05:00,24,62.8,,unknown,"Open-Meteo ERA5 reanalysis; retrospective, not operational availability"
120602,2025-11-11,28.0,81,4.7,7.8,2025-11-12T00:00:00-05:00,24,51.7,,unknown,"Open-Meteo ERA5 reanalysis; retrospective, not operational availability"
120602,2025-11-12,27.8,80,8.7,7.3,2025-11-13T00:00:00-05:00,24,56.8,,unknown,"Open-Meteo ERA5 reanalysis; retrospective, not operational availability"
120602,2025-11-13,27.6,81,12.4,7.3,2025-11-14T00:00:00-05:00,24,64.6,,unknown,"Open-Meteo ERA5 reanalysis; retrospective, not operational availability"
120602,2025-11-14,29.3,77,9.0,7.7,2025-11-15T00:00:00-05:00,24,64.1,,unknown,"Open-Meteo ERA5 reanalysis; retrospective, not operational availability"
120602,2025-11-15,26.7,85,7.8,4.6,2025-11-16T00:00:00-05:00,24,64.5,,unknown,"Open-Meteo ERA5 reanalysis; retrospective, not operational availability"
120602,2025-11-16,27.6,78,2.8,7.1,2025-11-17T00:00:00-05:00,24,55.599999999999994,,unknown,"Open-Meteo ERA5 reanalysis; retrospective, not operational availability"
120602,2025-11-17,28.2,81,3.4,7.0,2025-11-18T00:00:00-05:00,24,48.800000000000004,,unknown,"Open-Meteo ERA5 reanalysis; retrospective, not operational availability"
120602,2025-11-18,25.7,86,18.5,6.9,2025-11-19T00:00:00-05:00,24,62.599999999999994,,unknown,"Open-Meteo ERA5 reanalysis; retrospective, not operational availability"
120602,2025-11-19,27.9,81,3.5,7.3,2025-11-20T00:00:00-05:00,24,57.39999999999999,,unknown,"Open-Meteo ERA5 reanalysis; retrospective, not operational availability"
120602,2025-11-20,25.9,86,17.8,4.3,2025-11-21T00:00:00-05:00,24,62.8,,unknown,"Open-Meteo ERA5 reanalysis; retrospective, not operational availability"
120602,2025-11-21,28.1,81,2.1,6.6,2025-11-22T00:00:00-05:00,24,55.9,,unknown,"Open-Meteo ERA5 reanalysis; retrospective, not operational availability"
120602,2025-11-22,28.5,79,1.7,7.1,2025-11-23T00:00:00-05:00,24,49.8,,unknown,"Open-Meteo ERA5 reanalysis; retrospective, not operational availability"
120602,2025-11-23,27.4,84,12.0,7.9,2025-11-24T00:00:00-05:00,24,59.0,,unknown,"Open-Meteo ERA5 reanalysis; retrospective, not operational availability"
120602,2025-11-24,26.3,81,10.0,5.6,2025-11-25T00:00:00-05:00,24,65.6,,unknown,"Open-Meteo ERA5 reanalysis; retrospective, not operational availability"
120602,2025-11-25,28.6,81,10.8,5.7,2025-11-26T00:00:00-05:00,24,57.9,,unknown,"Open-Meteo ERA5 reanalysis; retrospective, not operational availability"
120602,2025-11-26,28.2,78,4.8,5.1,2025-11-27T00:00:00-05:00,24,59.2,,unknown,"Open-Meteo ERA5 reanalysis; retrospective, not operational availability"
120602,2025-11-27,24.7,86,12.0,5.9,2025-11-28T00:00:00-05:00,24,53.400000000000006,,unknown,"Open-Meteo ERA5 reanalysis; retrospective, not operational availability"
120602,2025-11-28,27.3,79,5.5,6.2,2025-11-29T00:00:00-05:00,24,56.8,,unknown,"Open-Meteo ERA5 reanalysis; retrospective, not operational availability"
120602,2025-11-29,29.0,77,5.2,7.4,2025-11-30T00:00:00-05:00,24,60.300000000000004,,unknown,"Open-Meteo ERA5 reanalysis; retrospective, not operational availability"
120602,2025-11-30,27.7,79,4.6,7.5,2025-12-01T00:00:00-05:00,24,52.9,,unknown,"Open-Meteo ERA5 reanalysis; retrospective, not operational availability"
120602,2025-12-01,27.9,76,3.4,6.6,2025-12-02T00:00:00-05:00,24,46.300000000000004,,unknown,"Open-Meteo ERA5 reanalysis; retrospective, not operational availability"
120602,2025-12-02,29.1,79,12.5,7.5,2025-12-03T00:00:00-05:00,24,48.0,,unknown,"Open-Meteo ERA5 reanalysis; retrospective, not operational availability"
120602,2025-12-03,27.0,81,10.5,8.5,2025-12-04T00:00:00-05:00,24,53.7,,unknown,"Open-Meteo ERA5 reanalysis; retrospective, not operational availability"
120602,2025-12-04,24.9,87,26.8,6.2,2025-12-05T00:00:00-05:00,24,68.5,,unknown,"Open-Meteo ERA5 reanalysis; retrospective, not operational availability"
120602,2025-12-05,27.9,79,2.4,6.6,2025-12-06T00:00:00-05:00,24,65.4,,unknown,"Open-Meteo ERA5 reanalysis; retrospective, not operational availability"
120602,2025-12-06,26.6,83,2.5,7.8,2025-12-07T00:00:00-05:00,24,62.7,,unknown,"Open-Meteo ERA5 reanalysis; retrospective, not operational availability"
120602,2025-12-07,28.6,78,4.4,6.2,2025-12-08T00:00:00-05:00,24,62.5,,unknown,"Open-Meteo ERA5 reanalysis; retrospective, not operational availability"
120602,2025-12-08,22.1,91,13.9,5.2,2025-12-09T00:00:00-05:00,24,73.0,,unknown,"Open-Meteo ERA5 reanalysis; retrospective, not operational availability"
120602,2025-12-09,27.8,81,3.6,5.8,2025-12-10T00:00:00-05:00,24,64.10000000000001,,unknown,"Open-Meteo ERA5 reanalysis; retrospective, not operational availability"
120602,2025-12-10,26.2,82,6.5,7.0,2025-12-11T00:00:00-05:00,24,60.1,,unknown,"Open-Meteo ERA5 reanalysis; retrospective, not operational availability"
120602,2025-12-11,25.9,87,18.7,5.8,2025-12-12T00:00:00-05:00,24,52.0,,unknown,"Open-Meteo ERA5 reanalysis; retrospective, not operational availability"
120602,2025-12-12,27.9,84,8.6,7.3,2025-12-13T00:00:00-05:00,24,58.199999999999996,,unknown,"Open-Meteo ERA5 reanalysis; retrospective, not operational availability"
120602,2025-12-13,28.4,83,6.1,6.9,2025-12-14T00:00:00-05:00,24,61.8,,unknown,"Open-Meteo ERA5 reanalysis; retrospective, not operational availability"
120602,2025-12-14,27.9,81,3.2,6.5,2025-12-15T00:00:00-05:00,24,60.6,,unknown,"Open-Meteo ERA5 reanalysis; retrospective, not operational availability"
120602,2025-12-15,27.2,83,8.4,6.8,2025-12-16T00:00:00-05:00,24,55.1,,unknown,"Open-Meteo ERA5 reanalysis; retrospective, not operational availability"
120602,2025-12-16,26.6,82,7.9,8.0,2025-12-17T00:00:00-05:00,24,59.4,,unknown,"Open-Meteo ERA5 reanalysis; retrospective, not operational availability"
120602,2025-12-17,24.9,88,16.7,7.6,2025-12-18T00:00:00-05:00,24,69.6,,unknown,"Open-Meteo ERA5 reanalysis; retrospective, not operational availability"
120602,2025-12-18,26.6,83,12.0,6.6,2025-12-19T00:00:00-05:00,24,62.9,,unknown,"Open-Meteo ERA5 reanalysis; retrospective, not operational availability"
120602,2025-12-19,28.4,80,7.1,6.1,2025-12-20T00:00:00-05:00,24,61.400000000000006,,unknown,"Open-Meteo ERA5 reanalysis; retrospective, not operational availability"
120602,2025-12-20,26.9,83,14.9,7.7,2025-12-21T00:00:00-05:00,24,70.2,,unknown,"Open-Meteo ERA5 reanalysis; retrospective, not operational availability"
120602,2025-12-21,27.6,83,7.7,7.1,2025-12-22T00:00:00-05:00,24,74.7,,unknown,"Open-Meteo ERA5 reanalysis; retrospective, not operational availability"
120602,2025-12-22,26.2,85,20.4,7.1,2025-12-23T00:00:00-05:00,24,86.7,,unknown,"Open-Meteo ERA5 reanalysis; retrospective, not operational availability"
120602,2025-12-23,27.6,82,6.6,7.6,2025-12-24T00:00:00-05:00,24,85.4,,unknown,"Open-Meteo ERA5 reanalysis; retrospective, not operational availability"
120602,2025-12-24,27.1,83,8.9,7.2,2025-12-25T00:00:00-05:00,24,77.6,,unknown,"Open-Meteo ERA5 reanalysis; retrospective, not operational availability"
120602,2025-12-25,25.7,89,30.9,6.1,2025-12-26T00:00:00-05:00,24,96.5,,unknown,"Open-Meteo ERA5 reanalysis; retrospective, not operational availability"
120602,2025-12-26,26.5,83,18.5,8.1,2025-12-27T00:00:00-05:00,24,107.9,,unknown,"Open-Meteo ERA5 reanalysis; retrospective, not operational availability"
120602,2025-12-27,22.9,90,35.9,6.1,2025-12-28T00:00:00-05:00,24,128.89999999999998,,unknown,"Open-Meteo ERA5 reanalysis; retrospective, not operational availability"
120602,2025-12-28,26.2,81,7.7,7.2,2025-12-29T00:00:00-05:00,24,128.89999999999998,,unknown,"Open-Meteo ERA5 reanalysis; retrospective, not operational availability"
120602,2025-12-29,27.1,81,6.1,7.7,2025-12-30T00:00:00-05:00,24,114.6,,unknown,"Open-Meteo ERA5 reanalysis; retrospective, not operational availability"
120602,2025-12-30,26.9,78,3.5,7.0,2025-12-31T00:00:00-05:00,24,111.49999999999999,,unknown,"Open-Meteo ERA5 reanalysis; retrospective, not operational availability"
120602,2025-12-31,26.5,82,5.1,6.8,2026-01-01T00:00:00-05:00,24,107.7,,unknown,"Open-Meteo ERA5 reanalysis; retrospective, not operational availability"
120603,2025-01-01,19.0,85,8.1,8.0,2025-01-02T00:00:00-05:00,24,,,unknown,"Open-Meteo ERA5 reanalysis; retrospective, not operational availability"
120603,2025-01-02,17.3,89,12.4,5.6,2025-01-03T00:00:00-05:00,24,,,unknown,"Open-Meteo ERA5 reanalysis; retrospective, not operational availability"
120603,2025-01-03,19.5,87,9.0,8.3,2025-01-04T00:00:00-05:00,24,,,unknown,"Open-Meteo ERA5 reanalysis; retrospective, not operational availability"
120603,2025-01-04,21.0,81,8.9,7.9,2025-01-05T00:00:00-05:00,24,,,unknown,"Open-Meteo ERA5 reanalysis; retrospective, not operational availability"
120603,2025-01-05,19.8,85,8.1,8.1,2025-01-06T00:00:00-05:00,24,,,unknown,"Open-Meteo ERA5 reanalysis; retrospective, not operational availability"
120603,2025-01-06,19.8,90,9.7,7.7,2025-01-07T00:00:00-05:00,24,,,unknown,"Open-Meteo ERA5 reanalysis; retrospective, not operational availability"
120603,2025-01-07,18.7,91,10.2,6.6,2025-01-08T00:00:00-05:00,24,66.4,,unknown,"Open-Meteo ERA5 reanalysis; retrospective, not operational availability"
120603,2025-01-08,20.7,91,10.3,7.5,2025-01-09T00:00:00-05:00,24,68.6,,unknown,"Open-Meteo ERA5 reanalysis; retrospective, not operational availability"
120603,2025-01-09,18.4,91,11.8,5.2,2025-01-10T00:00:00-05:00,24,68.0,,unknown,"Open-Meteo ERA5 reanalysis; retrospective, not operational availability"
120603,2025-01-10,19.8,89,8.4,8.6,2025-01-11T00:00:00-05:00,24,67.4,,unknown,"Open-Meteo ERA5 reanalysis; retrospective, not operational availability"
120603,2025-01-11,19.8,87,7.0,7.0,2025-01-12T00:00:00-05:00,24,65.5,,unknown,"Open-Meteo ERA5 reanalysis; retrospective, not operational availability"
120603,2025-01-12,19.7,86,11.1,8.2,2025-01-13T00:00:00-05:00,24,68.5,,unknown,"Open-Meteo ERA5 reanalysis; retrospective, not operational availability"
120603,2025-01-13,20.6,87,4.8,6.3,2025-01-14T00:00:00-05:00,24,63.599999999999994,,unknown,"Open-Meteo ERA5 reanalysis; retrospective, not operational availability"
120603,2025-01-14,21.2,89,3.8,6.9,2025-01-15T00:00:00-05:00,24,57.2,,unknown,"Open-Meteo ERA5 reanalysis; retrospective, not operational availability"
120603,2025-01-15,22.2,85,3.8,7.9,2025-01-16T00:00:00-05:00,24,50.7,,unknown,"Open-Meteo ERA5 reanalysis; retrospective, not operational availability"
120603,2025-01-16,19.7,87,36.5,6.5,2025-01-17T00:00:00-05:00,24,75.4,,unknown,"Open-Meteo ERA5 reanalysis; retrospective, not operational availability"
120603,2025-01-17,19.5,86,9.4,9.8,2025-01-18T00:00:00-05:00,24,76.39999999999999,,unknown,"Open-Meteo ERA5 reanalysis; retrospective, not operational availability"
120603,2025-01-18,21.0,84,6.3,8.2,2025-01-19T00:00:00-05:00,24,75.69999999999999,,unknown,"Open-Meteo ERA5 reanalysis; retrospective, not operational availability"
120603,2025-01-19,20.1,84,6.8,7.8,2025-01-20T00:00:00-05:00,24,71.4,,unknown,"Open-Meteo ERA5 reanalysis; retrospective, not operational availability"
120603,2025-01-20,19.0,90,13.0,7.8,2025-01-21T00:00:00-05:00,24,79.6,,unknown,"Open-Meteo ERA5 reanalysis; retrospective, not operational availability"
120603,2025-01-21,17.2,92,10.3,7.3,2025-01-22T00:00:00-05:00,24,86.10000000000001,,unknown,"Open-Meteo ERA5 reanalysis; retrospective, not operational availability"
120603,2025-01-22,17.5,90,14.2,6.8,2025-01-23T00:00:00-05:00,24,96.5,,unknown,"Open-Meteo ERA5 reanalysis; retrospective, not operational availability"
120603,2025-01-23,18.2,88,8.0,9.0,2025-01-24T00:00:00-05:00,24,68.0,,unknown,"Open-Meteo ERA5 reanalysis; retrospective, not operational availability"
120603,2025-01-24,18.5,84,4.5,9.2,2025-01-25T00:00:00-05:00,24,63.1,,unknown,"Open-Meteo ERA5 reanalysis; retrospective, not operational availability"
120603,2025-01-25,19.9,81,2.4,7.5,2025-01-26T00:00:00-05:00,24,59.199999999999996,,unknown,"Open-Meteo ERA5 reanalysis; retrospective, not operational availability"
120603,2025-01-26,19.1,87,5.2,8.4,2025-01-27T00:00:00-05:00,24,57.6,,unknown,"Open-Meteo ERA5 reanalysis; retrospective, not operational availability"
120603,2025-01-27,19.8,88,6.3,7.9,2025-01-28T00:00:00-05:00,24,50.9,,unknown,"Open-Meteo ERA5 reanalysis; retrospective, not operational availability"
120603,2025-01-28,20.0,88,6.4,7.4,2025-01-29T00:00:00-05:00,24,46.99999999999999,,unknown,"Open-Meteo ERA5 reanalysis; retrospective, not operational availability"
120603,2025-01-29,22.3,81,3.1,8.4,2025-01-30T00:00:00-05:00,24,35.9,,unknown,"Open-Meteo ERA5 reanalysis; retrospective, not operational availability"
120603,2025-01-30,19.5,84,3.1,8.9,2025-01-31T00:00:00-05:00,24,31.0,,unknown,"Open-Meteo ERA5 reanalysis; retrospective, not operational availability"
120603,2025-01-31,19.5,87,5.6,8.1,2025-02-01T00:00:00-05:00,24,32.1,,unknown,"Open-Meteo ERA5 reanalysis; retrospective, not operational availability"
120603,2025-02-01,18.3,89,9.8,7.3,2025-02-02T00:00:00-05:00,24,39.5,,unknown,"Open-Meteo ERA5 reanalysis; retrospective, not operational availability"
120603,2025-02-02,20.4,83,11.0,9.3,2025-02-03T00:00:00-05:00,24,45.3,,unknown,"Open-Meteo ERA5 reanalysis; retrospective, not operational availability"
120603,2025-02-03,20.5,84,3.2,7.4,2025-02-04T00:00:00-05:00,24,42.2,,unknown,"Open-Meteo ERA5 reanalysis; retrospective, not operational availability"
120603,2025-02-04,18.0,92,16.9,8.1,2025-02-05T00:00:00-05:00,24,52.7,,unknown,"Open-Meteo ERA5 reanalysis; retrospective, not operational availability"
120603,2025-02-05,19.5,83,5.2,6.8,2025-02-06T00:00:00-05:00,24,54.800000000000004,,unknown,"Open-Meteo ERA5 reanalysis; retrospective, not operational availability"
120603,2025-02-06,21.1,83,6.1,7.8,2025-02-07T00:00:00-05:00,24,57.8,,unknown,"Open-Meteo ERA5 reanalysis; retrospective, not operational availability"
120603,2025-02-07,21.6,83,5.1,7.8,2025-02-08T00:00:00-05:00,24,57.3,,unknown,"Open-Meteo ERA5 reanalysis; retrospective, not operational availability"
120603,2025-02-08,17.1,91,7.3,7.4,2025-02-09T00:00:00-05:00,24,54.8,,unknown,"Open-Meteo ERA5 reanalysis; retrospective, not operational availability"
120603,2025-02-09,19.4,87,12.1,7.1,2025-02-10T00:00:00-05:00,24,55.9,,unknown,"Open-Meteo ERA5 reanalysis; retrospective, not operational availability"
120603,2025-02-10,19.0,93,23.6,6.0,2025-02-11T00:00:00-05:00,24,76.3,,unknown,"Open-Meteo ERA5 reanalysis; retrospective, not operational availability"
120603,2025-02-11,20.7,90,12.2,6.5,2025-02-12T00:00:00-05:00,24,71.6,,unknown,"Open-Meteo ERA5 reanalysis; retrospective, not operational availability"
120603,2025-02-12,15.5,92,33.9,4.8,2025-02-13T00:00:00-05:00,24,100.3,,unknown,"Open-Meteo ERA5 reanalysis; retrospective, not operational availability"
120603,2025-02-13,18.9,87,9.2,7.6,2025-02-14T00:00:00-05:00,24,103.4,,unknown,"Open-Meteo ERA5 reanalysis; retrospective, not operational availability"
120603,2025-02-14,20.8,87,7.0,8.4,2025-02-15T00:00:00-05:00,24,105.3,,unknown,"Open-Meteo ERA5 reanalysis; retrospective, not operational availability"
120603,2025-02-15,19.2,90,16.8,7.6,2025-02-16T00:00:00-05:00,24,114.8,,unknown,"Open-Meteo ERA5 reanalysis; retrospective, not operational availability"
120603,2025-02-16,18.0,92,16.6,7.6,2025-02-17T00:00:00-05:00,24,119.30000000000001,,unknown,"Open-Meteo ERA5 reanalysis; retrospective, not operational availability"
120603,2025-02-17,19.3,93,34.1,8.5,2025-02-18T00:00:00-05:00,24,129.8,,unknown,"Open-Meteo ERA5 reanalysis; retrospective, not operational availability"
120603,2025-02-18,17.8,92,23.2,8.9,2025-02-19T00:00:00-05:00,24,140.8,,unknown,"Open-Meteo ERA5 reanalysis; retrospective, not operational availability"
120603,2025-02-19,19.4,91,8.7,8.6,2025-02-20T00:00:00-05:00,24,115.6,,unknown,"Open-Meteo ERA5 reanalysis; retrospective, not operational availability"
120603,2025-02-20,19.3,89,8.4,8.6,2025-02-21T00:00:00-05:00,24,114.8,,unknown,"Open-Meteo ERA5 reanalysis; retrospective, not operational availability"
120603,2025-02-21,19.4,88,7.6,7.4,2025-02-22T00:00:00-05:00,24,115.4,,unknown,"Open-Meteo ERA5 reanalysis; retrospective, not operational availability"
120603,2025-02-22,19.7,87,14.7,6.3,2025-02-23T00:00:00-05:00,24,113.3,,unknown,"Open-Meteo ERA5 reanalysis; retrospective, not operational availability"
120603,2025-02-23,19.2,90,17.6,6.3,2025-02-24T00:00:00-05:00,24,114.3,,unknown,"Open-Meteo ERA5 reanalysis; retrospective, not operational availability"
120603,2025-02-24,21.8,83,7.0,8.3,2025-02-25T00:00:00-05:00,24,87.2,,unknown,"Open-Meteo ERA5 reanalysis; retrospective, not operational availability"
120603,2025-02-25,21.2,81,3.4,8.2,2025-02-26T00:00:00-05:00,24,67.39999999999999,,unknown,"Open-Meteo ERA5 reanalysis; retrospective, not operational availability"
120603,2025-02-26,18.9,88,9.3,6.6,2025-02-27T00:00:00-05:00,24,68.0,,unknown,"Open-Meteo ERA5 reanalysis; retrospective, not operational availability"
120603,2025-02-27,21.7,84,5.3,8.5,2025-02-28T00:00:00-05:00,24,64.9,,unknown,"Open-Meteo ERA5 reanalysis; retrospective, not operational availability"
120603,2025-02-28,21.1,88,6.1,7.4,2025-03-01T00:00:00-05:00,24,63.4,,unknown,"Open-Meteo ERA5 reanalysis; retrospective, not operational availability"
120603,2025-03-01,19.6,92,16.2,6.8,2025-03-02T00:00:00-05:00,24,64.9,,unknown,"Open-Meteo ERA5 reanalysis; retrospective, not operational availability"
120603,2025-03-02,18.8,90,9.7,7.0,2025-03-03T00:00:00-05:00,24,57.0,,unknown,"Open-Meteo ERA5 reanalysis; retrospective, not operational availability"
120603,2025-03-03,19.7,90,7.9,7.3,2025-03-04T00:00:00-05:00,24,57.9,,unknown,"Open-Meteo ERA5 reanalysis; retrospective, not operational availability"
120603,2025-03-04,17.9,91,8.7,7.3,2025-03-05T00:00:00-05:00,24,63.199999999999996,,unknown,"Open-Meteo ERA5 reanalysis; retrospective, not operational availability"
120603,2025-03-05,18.2,91,12.9,5.9,2025-03-06T00:00:00-05:00,24,66.8,,unknown,"Open-Meteo ERA5 reanalysis; retrospective, not operational availability"
120603,2025-03-06,18.8,91,10.7,6.7,2025-03-07T00:00:00-05:00,24,72.19999999999999,,unknown,"Open-Meteo ERA5 reanalysis; retrospective, not operational availability"
120603,2025-03-07,18.1,90,12.7,7.1,2025-03-08T00:00:00-05:00,24,78.8,,unknown,"Open-Meteo ERA5 reanalysis; retrospective, not operational availability"
120603,2025-03-08,17.5,92,12.8,5.3,2025-03-09T00:00:00-05:00,24,75.4,,unknown,"Open-Meteo ERA5 reanalysis; retrospective, not operational availability"
120603,2025-03-09,17.6,87,8.8,6.9,2025-03-10T00:00:00-05:00,24,74.5,,unknown,"Open-Meteo ERA5 reanalysis; retrospective, not operational availability"
120603,2025-03-10,18.4,92,18.2,6.8,2025-03-11T00:00:00-05:00,24,84.80000000000001,,unknown,"Open-Meteo ERA5 reanalysis; retrospective, not operational availability"
120603,2025-03-11,19.3,89,16.2,7.2,2025-03-12T00:00:00-05:00,24,92.3,,unknown,"Open-Meteo ERA5 reanalysis; retrospective, not operational availability"
120603,2025-03-12,18.5,90,7.3,7.1,2025-03-13T00:00:00-05:00,24,86.69999999999999,,unknown,"Open-Meteo ERA5 reanalysis; retrospective, not operational availability"
120603,2025-03-13,18.3,91,14.9,7.9,2025-03-14T00:00:00-05:00,24,90.9,,unknown,"Open-Meteo ERA5 reanalysis; retrospective, not operational availability"
120603,2025-03-14,17.0,91,11.1,6.6,2025-03-15T00:00:00-05:00,24,89.3,,unknown,"Open-Meteo ERA5 reanalysis; retrospective, not operational availability"
120603,2025-03-15,18.3,86,11.6,4.8,2025-03-16T00:00:00-05:00,24,88.10000000000001,,unknown,"Open-Meteo ERA5 reanalysis; retrospective, not operational availability"
120603,2025-03-16,17.8,91,16.3,4.6,2025-03-17T00:00:00-05:00,24,95.6,,unknown,"Open-Meteo ERA5 reanalysis; retrospective, not operational availability"
120603,2025-03-17,20.0,83,5.8,6.9,2025-03-18T00:00:00-05:00,24,83.2,,unknown,"Open-Meteo ERA5 reanalysis; retrospective, not operational availability"
120603,2025-03-18,19.3,89,12.2,8.9,2025-03-19T00:00:00-05:00,24,79.2,,unknown,"Open-Meteo ERA5 reanalysis; retrospective, not operational availability"
120603,2025-03-19,20.4,88,8.6,7.3,2025-03-20T00:00:00-05:00,24,80.5,,unknown,"Open-Meteo ERA5 reanalysis; retrospective, not operational availability"
120603,2025-03-20,18.1,87,16.0,4.8,2025-03-21T00:00:00-05:00,24,81.6,,unknown,"Open-Meteo ERA5 reanalysis; retrospective, not operational availability"
120603,2025-03-21,20.8,87,8.4,7.5,2025-03-22T00:00:00-05:00,24,78.9,,unknown,"Open-Meteo ERA5 reanalysis; retrospective, not operational availability"
120603,2025-03-22,21.1,85,3.9,7.2,2025-03-23T00:00:00-05:00,24,71.2,,unknown,"Open-Meteo ERA5 reanalysis; retrospective, not operational availability"
120603,2025-03-23,20.5,84,4.4,8.2,2025-03-24T00:00:00-05:00,24,59.300000000000004,,unknown,"Open-Meteo ERA5 reanalysis; retrospective, not operational availability"
120603,2025-03-24,21.8,81,3.3,7.4,2025-03-25T00:00:00-05:00,24,56.800000000000004,,unknown,"Open-Meteo ERA5 reanalysis; retrospective, not operational availability"
120603,2025-03-25,19.3,85,6.2,9.1,2025-03-26T00:00:00-05:00,24,50.800000000000004,,unknown,"Open-Meteo ERA5 reanalysis; retrospective, not operational availability"
120603,2025-03-26,20.1,89,5.8,6.9,2025-03-27T00:00:00-05:00,24,48.0,,unknown,"Open-Meteo ERA5 reanalysis; retrospective, not operational availability"
120603,2025-03-27,19.1,87,3.5,8.0,2025-03-28T00:00:00-05:00,24,35.5,,unknown,"Open-Meteo ERA5 reanalysis; retrospective, not operational availability"
120603,2025-03-28,19.4,89,5.5,8.5,2025-03-29T00:00:00-05:00,24,32.6,,unknown,"Open-Meteo ERA5 reanalysis; retrospective, not operational availability"
120603,2025-03-29,19.8,86,5.4,8.5,2025-03-30T00:00:00-05:00,24,34.1,,unknown,"Open-Meteo ERA5 reanalysis; retrospective, not operational availability"
120603,2025-03-30,19.5,87,7.3,7.9,2025-03-31T00:00:00-05:00,24,37.0,,unknown,"Open-Meteo ERA5 reanalysis; retrospective, not operational availability"
120603,2025-03-31,18.4,88,5.4,8.1,2025-04-01T00:00:00-05:00,24,39.10000000000001,,unknown,"Open-Meteo ERA5 reanalysis; retrospective, not operational availability"
120603,2025-04-01,19.6,88,8.4,7.8,2025-04-02T00:00:00-05:00,24,41.300000000000004,,unknown,"Open-Meteo ERA5 reanalysis; retrospective, not operational availability"
120603,2025-04-02,16.9,91,11.2,5.5,2025-04-03T00:00:00-05:00,24,46.7,,unknown,"Open-Meteo ERA5 reanalysis; retrospective, not operational availability"
120603,2025-04-03,18.8,87,8.3,6.0,2025-04-04T00:00:00-05:00,24,51.50000000000001,,unknown,"Open-Meteo ERA5 reanalysis; retrospective, not operational availability"
120603,2025-04-04,20.5,87,10.2,7.8,2025-04-05T00:00:00-05:00,24,56.2,,unknown,"Open-Meteo ERA5 reanalysis; retrospective, not operational availability"
120603,2025-04-05,15.8,91,14.8,5.2,2025-04-06T00:00:00-05:00,24,65.6,,unknown,"Open-Meteo ERA5 reanalysis; retrospective, not operational availability"
120603,2025-04-06,19.6,84,3.2,6.5,2025-04-07T00:00:00-05:00,24,61.5,,unknown,"Open-Meteo ERA5 reanalysis; retrospective, not operational availability"
120603,2025-04-07,19.7,84,4.2,10.1,2025-04-08T00:00:00-05:00,24,60.300000000000004,,unknown,"Open-Meteo ERA5 reanalysis; retrospective, not operational availability"
120603,2025-04-08,19.7,86,4.8,9.1,2025-04-09T00:00:00-05:00,24,56.7,,unknown,"Open-Meteo ERA5 reanalysis; retrospective, not operational availability"
120603,2025-04-09,17.9,88,4.7,8.9,2025-04-10T00:00:00-05:00,24,50.2,,unknown,"Open-Meteo ERA5 reanalysis; retrospective, not operational availability"
120603,2025-04-10,21.0,82,7.4,7.3,2025-04-11T00:00:00-05:00,24,49.300000000000004,,unknown,"Open-Meteo ERA5 reanalysis; retrospective, not operational availability"
120603,2025-04-11,19.8,87,14.1,6.8,2025-04-12T00:00:00-05:00,24,53.2,,unknown,"Open-Meteo ERA5 reanalysis; retrospective, not operational availability"
120603,2025-04-12,19.4,86,9.9,7.8,2025-04-13T00:00:00-05:00,24,48.300000000000004,,unknown,"Open-Meteo ERA5 reanalysis; retrospective, not operational availability"
120603,2025-04-13,20.0,85,7.0,7.6,2025-04-14T00:00:00-05:00,24,52.1,,unknown,"Open-Meteo ERA5 reanalysis; retrospective, not operational availability"
120603,2025-04-14,19.5,86,8.6,7.0,2025-04-15T00:00:00-05:00,24,56.5,,unknown,"Open-Meteo ERA5 reanalysis; retrospective, not operational availability"
120603,2025-04-15,19.7,85,5.0,7.3,2025-04-16T00:00:00-05:00,24,56.7,,unknown,"Open-Meteo ERA5 reanalysis; retrospective, not operational availability"
120603,2025-04-16,22.0,83,3.7,6.6,2025-04-17T00:00:00-05:00,24,55.7,,unknown,"Open-Meteo ERA5 reanalysis; retrospective, not operational availability"
120603,2025-04-17,20.3,86,4.6,8.0,2025-04-18T00:00:00-05:00,24,52.9,,unknown,"Open-Meteo ERA5 reanalysis; retrospective, not operational availability"
120603,2025-04-18,20.6,85,3.4,7.1,2025-04-19T00:00:00-05:00,24,42.2,,unknown,"Open-Meteo ERA5 reanalysis; retrospective, not operational availability"
120603,2025-04-19,20.8,85,4.7,7.5,2025-04-20T00:00:00-05:00,24,37.0,,unknown,"Open-Meteo ERA5 reanalysis; retrospective, not operational availability"
120603,2025-04-20,18.9,91,8.7,7.0,2025-04-21T00:00:00-05:00,24,38.7,,unknown,"Open-Meteo ERA5 reanalysis; retrospective, not operational availability"
120603,2025-04-21,19.7,84,5.1,6.5,2025-04-22T00:00:00-05:00,24,35.2,,unknown,"Open-Meteo ERA5 reanalysis; retrospective, not operational availability"
120603,2025-04-22,19.6,86,7.3,8.1,2025-04-23T00:00:00-05:00,24,37.5,,unknown,"Open-Meteo ERA5 reanalysis; retrospective, not operational availability"
120603,2025-04-23,20.9,86,3.6,7.3,2025-04-24T00:00:00-05:00,24,37.400000000000006,,unknown,"Open-Meteo ERA5 reanalysis; retrospective, not operational availability"
120603,2025-04-24,21.7,83,4.1,7.1,2025-04-25T00:00:00-05:00,24,36.900000000000006,,unknown,"Open-Meteo ERA5 reanalysis; retrospective, not operational availability"
120603,2025-04-25,20.0,84,3.2,6.8,2025-04-26T00:00:00-05:00,24,36.7,,unknown,"Open-Meteo ERA5 reanalysis; retrospective, not operational availability"
120603,2025-04-26,21.4,86,6.3,7.4,2025-04-27T00:00:00-05:00,24,38.3,,unknown,"Open-Meteo ERA5 reanalysis; retrospective, not operational availability"
120603,2025-04-27,20.1,85,5.0,7.1,2025-04-28T00:00:00-05:00,24,34.6,,unknown,"Open-Meteo ERA5 reanalysis; retrospective, not operational availability"
120603,2025-04-28,18.6,88,4.8,6.5,2025-04-29T00:00:00-05:00,24,34.3,,unknown,"Open-Meteo ERA5 reanalysis; retrospective, not operational availability"
120603,2025-04-29,19.4,88,7.7,7.6,2025-04-30T00:00:00-05:00,24,34.7,,unknown,"Open-Meteo ERA5 reanalysis; retrospective, not operational availability"
120603,2025-04-30,18.3,89,7.9,6.9,2025-05-01T00:00:00-05:00,24,39.0,,unknown,"Open-Meteo ERA5 reanalysis; retrospective, not operational availability"
120603,2025-05-01,18.8,87,4.2,7.8,2025-05-02T00:00:00-05:00,24,39.1,,unknown,"Open-Meteo ERA5 reanalysis; retrospective, not operational availability"
120603,2025-05-02,20.4,83,3.5,6.7,2025-05-03T00:00:00-05:00,24,39.400000000000006,,unknown,"Open-Meteo ERA5 reanalysis; retrospective, not operational availability"
120603,2025-05-03,18.1,88,5.9,5.7,2025-05-04T00:00:00-05:00,24,39.0,,unknown,"Open-Meteo ERA5 reanalysis; retrospective, not operational availability"
120603,2025-05-04,18.9,83,2.3,6.1,2025-05-05T00:00:00-05:00,24,36.3,,unknown,"Open-Meteo ERA5 reanalysis; retrospective, not operational availability"
120603,2025-05-05,18.5,85,4.8,7.3,2025-05-06T00:00:00-05:00,24,36.300000000000004,,unknown,"Open-Meteo ERA5 reanalysis; retrospective, not operational availability"
120603,2025-05-06,19.8,84,3.0,6.9,2025-05-07T00:00:00-05:00,24,31.6,,unknown,"Open-Meteo ERA5 reanalysis; retrospective, not operational availability"
120603,2025-05-07,20.7,79,0.4,6.8,2025-05-08T00:00:00-05:00,24,24.1,,unknown,"Open-Meteo ERA5 reanalysis; retrospective, not operational availability"
120603,2025-05-08,20.7,79,1.4,6.8,2025-05-09T00:00:00-05:00,24,21.300000000000004,,unknown,"Open-Meteo ERA5 reanalysis; retrospective, not operational availability"
120603,2025-05-09,20.6,81,1.5,6.6,2025-05-10T00:00:00-05:00,24,19.300000000000004,,unknown,"Open-Meteo ERA5 reanalysis; retrospective, not operational availability"
120603,2025-05-10,18.8,83,2.0,7.0,2025-05-11T00:00:00-05:00,24,15.4,,unknown,"Open-Meteo ERA5 reanalysis; retrospective, not operational availability"
120603,2025-05-11,18.5,89,6.1,6.2,2025-05-12T00:00:00-05:00,24,19.200000000000003,,unknown,"Open-Meteo ERA5 reanalysis; retrospective, not operational availability"
120603,2025-05-12,19.1,81,1.2,7.0,2025-05-13T00:00:00-05:00,24,15.6,,unknown,"Open-Meteo ERA5 reanalysis; retrospective, not operational availability"
120603,2025-05-13,18.7,81,1.1,6.7,2025-05-14T00:00:00-05:00,24,13.700000000000003,,unknown,"Open-Meteo ERA5 reanalysis; retrospective, not operational availability"
120603,2025-05-14,18.9,83,2.3,6.6,2025-05-15T00:00:00-05:00,24,15.600000000000001,,unknown,"Open-Meteo ERA5 reanalysis; retrospective, not operational availability"
120603,2025-05-15,19.5,86,3.3,8.6,2025-05-16T00:00:00-05:00,24,17.5,,unknown,"Open-Meteo ERA5 reanalysis; retrospective, not operational availability"
120603,2025-05-16,18.7,87,4.4,8.4,2025-05-17T00:00:00-05:00,24,20.400000000000002,,unknown,"Open-Meteo ERA5 reanalysis; retrospective, not operational availability"
120603,2025-05-17,19.3,86,2.1,5.9,2025-05-18T00:00:00-05:00,24,20.5,,unknown,"Open-Meteo ERA5 reanalysis; retrospective, not operational availability"
120603,2025-05-18,20.1,85,3.8,6.2,2025-05-19T00:00:00-05:00,24,18.200000000000003,,unknown,"Open-Meteo ERA5 reanalysis; retrospective, not operational availability"
120603,2025-05-19,18.5,85,2.7,6.4,2025-05-20T00:00:00-05:00,24,19.700000000000003,,unknown,"Open-Meteo ERA5 reanalysis; retrospective, not operational availability"
120603,2025-05-20,18.3,89,2.5,7.2,2025-05-21T00:00:00-05:00,24,21.1,,unknown,"Open-Meteo ERA5 reanalysis; retrospective, not operational availability"
120603,2025-05-21,19.0,91,6.9,8.1,2025-05-22T00:00:00-05:00,24,25.700000000000003,,unknown,"Open-Meteo ERA5 reanalysis; retrospective, not operational availability"
120603,2025-05-22,18.7,86,2.4,7.4,2025-05-23T00:00:00-05:00,24,24.800000000000004,,unknown,"Open-Meteo ERA5 reanalysis; retrospective, not operational availability"
120603,2025-05-23,17.8,87,1.5,6.9,2025-05-24T00:00:00-05:00,24,21.900000000000002,,unknown,"Open-Meteo ERA5 reanalysis; retrospective, not operational availability"
120603,2025-05-24,18.6,84,1.4,6.4,2025-05-25T00:00:00-05:00,24,21.200000000000003,,unknown,"Open-Meteo ERA5 reanalysis; retrospective, not operational availability"
120603,2025-05-25,18.7,87,5.3,7.8,2025-05-26T00:00:00-05:00,24,22.700000000000003,,unknown,"Open-Meteo ERA5 reanalysis; retrospective, not operational availability"
120603,2025-05-26,19.6,81,6.3,6.8,2025-05-27T00:00:00-05:00,24,26.300000000000004,,unknown,"Open-Meteo ERA5 reanalysis; retrospective, not operational availability"
120603,2025-05-27,20.6,87,7.6,7.3,2025-05-28T00:00:00-05:00,24,31.400000000000002,,unknown,"Open-Meteo ERA5 reanalysis; retrospective, not operational availability"
120603,2025-05-28,19.9,84,7.2,7.8,2025-05-29T00:00:00-05:00,24,31.700000000000003,,unknown,"Open-Meteo ERA5 reanalysis; retrospective, not operational availability"
120603,2025-05-29,16.1,90,18.2,7.4,2025-05-30T00:00:00-05:00,24,47.5,,unknown,"Open-Meteo ERA5 reanalysis; retrospective, not operational availability"
120603,2025-05-30,17.7,89,8.6,6.4,2025-05-31T00:00:00-05:00,24,54.6,,unknown,"Open-Meteo ERA5 reanalysis; retrospective, not operational availability"
120603,2025-05-31,19.0,82,3.3,6.7,2025-06-01T00:00:00-05:00,24,56.5,,unknown,"Open-Meteo ERA5 reanalysis; retrospective, not operational availability"
120603,2025-06-01,17.3,94,7.0,7.3,2025-06-02T00:00:00-05:00,24,58.199999999999996,,unknown,"Open-Meteo ERA5 reanalysis; retrospective, not operational availability"
120603,2025-06-02,18.2,85,2.8,8.8,2025-06-03T00:00:00-05:00,24,54.7,,unknown,"Open-Meteo ERA5 reanalysis; retrospective, not operational availability"
120603,2025-06-03,19.5,78,0.5,7.1,2025-06-04T00:00:00-05:00,24,47.599999999999994,,unknown,"Open-Meteo ERA5 reanalysis; retrospective, not operational availability"
120603,2025-06-04,17.9,83,1.7,6.7,2025-06-05T00:00:00-05:00,24,42.099999999999994,,unknown,"Open-Meteo ERA5 reanalysis; retrospective, not operational availability"
120603,2025-06-05,18.3,83,1.3,7.1,2025-06-06T00:00:00-05:00,24,25.2,,unknown,"Open-Meteo ERA5 reanalysis; retrospective, not operational availability"
120603,2025-06-06,17.7,86,1.1,7.4,2025-06-07T00:00:00-05:00,24,17.700000000000003,,unknown,"Open-Meteo ERA5 reanalysis; retrospective, not operational availability"
120603,2025-06-07,18.6,82,2.8,6.1,2025-06-08T00:00:00-05:00,24,17.2,,unknown,"Open-Meteo ERA5 reanalysis; retrospective, not operational availability"
120603,2025-06-08,18.8,84,3.7,7.5,2025-06-09T00:00:00-05:00,24,13.9,,unknown,"Open-Meteo ERA5 reanalysis; retrospective, not operational availability"
120603,2025-06-09,19.3,83,2.3,7.2,2025-06-10T00:00:00-05:00,24,13.4,,unknown,"Open-Meteo ERA5 reanalysis; retrospective, not operational availability"
120603,2025-06-10,17.4,92,8.5,8.3,2025-06-11T00:00:00-05:00,24,21.4,,unknown,"Open-Meteo ERA5 reanalysis; retrospective, not operational availability"
120603,2025-06-11,17.1,92,7.0,6.9,2025-06-12T00:00:00-05:00,24,26.700000000000003,,unknown,"Open-Meteo ERA5 reanalysis; retrospective, not operational availability"
120603,2025-06-12,17.1,89,2.2,6.7,2025-06-13T00:00:00-05:00,24,27.6,,unknown,"Open-Meteo ERA5 reanalysis; retrospective, not operational availability"
120603,2025-06-13,17.3,90,1.7,7.0,2025-06-14T00:00:00-05:00,24,28.2,,unknown,"Open-Meteo ERA5 reanalysis; retrospective, not operational availability"
120603,2025-06-14,17.8,89,6.4,6.6,2025-06-15T00:00:00-05:00,24,31.800000000000004,,unknown,"Open-Meteo ERA5 reanalysis; retrospective, not operational availability"
120603,2025-06-15,14.7,93,25.4,5.1,2025-06-16T00:00:00-05:00,24,53.5,,unknown,"Open-Meteo ERA5 reanalysis; retrospective, not operational availability"
120603,2025-06-16,15.4,92,6.5,3.8,2025-06-17T00:00:00-05:00,24,57.7,,unknown,"Open-Meteo ERA5 reanalysis; retrospective, not operational availability"
120603,2025-06-17,15.5,93,6.0,4.9,2025-06-18T00:00:00-05:00,24,55.2,,unknown,"Open-Meteo ERA5 reanalysis; retrospective, not operational availability"
120603,2025-06-18,17.4,92,3.5,7.2,2025-06-19T00:00:00-05:00,24,51.7,,unknown,"Open-Meteo ERA5 reanalysis; retrospective, not operational availability"
120603,2025-06-19,17.3,84,1.2,5.8,2025-06-20T00:00:00-05:00,24,50.7,,unknown,"Open-Meteo ERA5 reanalysis; retrospective, not operational availability"
120603,2025-06-20,18.1,84,0.7,6.4,2025-06-21T00:00:00-05:00,24,49.7,,unknown,"Open-Meteo ERA5 reanalysis; retrospective, not operational availability"
120603,2025-06-21,19.4,82,0.1,7.5,2025-06-22T00:00:00-05:00,24,43.4,,unknown,"Open-Meteo ERA5 reanalysis; retrospective, not operational availability"
120603,2025-06-22,19.1,84,0.6,7.5,2025-06-23T00:00:00-05:00,24,18.6,,unknown,"Open-Meteo ERA5 reanalysis; retrospective, not operational availability"
120603,2025-06-23,19.9,79,0.7,7.0,2025-06-24T00:00:00-05:00,24,12.8,,unknown,"Open-Meteo ERA5 reanalysis; retrospective, not operational availability"
120603,2025-06-24,19.5,81,1.7,6.6,2025-06-25T00:00:00-05:00,24,8.5,,unknown,"Open-Meteo ERA5 reanalysis; retrospective, not operational availability"
120603,2025-06-25,16.3,89,5.2,7.5,2025-06-26T00:00:00-05:00,24,10.2,,unknown,"Open-Meteo ERA5 reanalysis; retrospective, not operational availability"
120603,2025-06-26,17.7,89,8.8,6.9,2025-06-27T00:00:00-05:00,24,17.8,,unknown,"Open-Meteo ERA5 reanalysis; retrospective, not operational availability"
120603,2025-06-27,17.1,92,6.7,8.1,2025-06-28T00:00:00-05:00,24,23.8,,unknown,"Open-Meteo ERA5 reanalysis; retrospective, not operational availability"
120603,2025-06-28,17.9,86,0.8,5.9,2025-06-29T00:00:00-05:00,24,24.5,,unknown,"Open-Meteo ERA5 reanalysis; retrospective, not operational availability"
120603,2025-06-29,18.5,89,6.1,7.6,2025-06-30T00:00:00-05:00,24,30.0,,unknown,"Open-Meteo ERA5 reanalysis; retrospective, not operational availability"
120603,2025-06-30,17.3,86,2.8,6.5,2025-07-01T00:00:00-05:00,24,32.1,,unknown,"Open-Meteo ERA5 reanalysis; retrospective, not operational availability"
120603,2025-07-01,14.1,95,9.3,6.7,2025-07-02T00:00:00-05:00,24,39.7,,unknown,"Open-Meteo ERA5 reanalysis; retrospective, not operational availability"
120603,2025-07-02,15.0,89,2.4,6.9,2025-07-03T00:00:00-05:00,24,36.9,,unknown,"Open-Meteo ERA5 reanalysis; retrospective, not operational availability"
120603,2025-07-03,16.1,84,1.3,7.2,2025-07-04T00:00:00-05:00,24,29.4,,unknown,"Open-Meteo ERA5 reanalysis; retrospective, not operational availability"
120603,2025-07-04,17.8,75,0.2,7.0,2025-07-05T00:00:00-05:00,24,22.9,,unknown,"Open-Meteo ERA5 reanalysis; retrospective, not operational availability"
120603,2025-07-05,18.5,71,0.0,6.5,2025-07-06T00:00:00-05:00,24,22.099999999999998,,unknown,"Open-Meteo ERA5 reanalysis; retrospective, not operational availability"
120603,2025-07-06,17.7,76,0.0,7.8,2025-07-07T00:00:00-05:00,24,16.0,,unknown,"Open-Meteo ERA5 reanalysis; retrospective, not operational availability"
120603,2025-07-07,18.6,74,0.0,7.1,2025-07-08T00:00:00-05:00,24,13.2,,unknown,"Open-Meteo ERA5 reanalysis; retrospective, not operational availability"
120603,2025-07-08,16.9,76,0.0,7.3,2025-07-09T00:00:00-05:00,24,3.899999999999998,,unknown,"Open-Meteo ERA5 reanalysis; retrospective, not operational availability"
120603,2025-07-09,18.3,73,0.0,7.1,2025-07-10T00:00:00-05:00,24,1.4999999999999982,,unknown,"Open-Meteo ERA5 reanalysis; retrospective, not operational availability"
120603,2025-07-10,18.0,76,0.0,7.0,2025-07-11T00:00:00-05:00,24,0.19999999999999823,,unknown,"Open-Meteo ERA5 reanalysis; retrospective, not operational availability"
120603,2025-07-11,17.4,82,0.3,8.0,2025-07-12T00:00:00-05:00,24,0.2999999999999982,,unknown,"Open-Meteo ERA5 reanalysis; retrospective, not operational availability"
120603,2025-07-12,18.0,82,0.5,7.2,2025-07-13T00:00:00-05:00,24,0.7999999999999983,,unknown,"Open-Meteo ERA5 reanalysis; retrospective, not operational availability"
120603,2025-07-13,17.1,83,0.4,7.5,2025-07-14T00:00:00-05:00,24,1.1999999999999984,,unknown,"Open-Meteo ERA5 reanalysis; retrospective, not operational availability"
120603,2025-07-14,17.2,84,2.0,6.9,2025-07-15T00:00:00-05:00,24,3.1999999999999984,,unknown,"Open-Meteo ERA5 reanalysis; retrospective, not operational availability"
120603,2025-07-15,17.9,78,0.9,7.3,2025-07-16T00:00:00-05:00,24,4.099999999999999,,unknown,"Open-Meteo ERA5 reanalysis; retrospective, not operational availability"
120603,2025-07-16,17.9,80,2.1,7.2,2025-07-17T00:00:00-05:00,24,6.199999999999998,,unknown,"Open-Meteo ERA5 reanalysis; retrospective, not operational availability"
120603,2025-07-17,17.0,83,3.6,6.8,2025-07-18T00:00:00-05:00,24,9.799999999999999,,unknown,"Open-Meteo ERA5 reanalysis; retrospective, not operational availability"
120603,2025-07-18,14.7,92,13.1,6.3,2025-07-19T00:00:00-05:00,24,22.599999999999998,,unknown,"Open-Meteo ERA5 reanalysis; retrospective, not operational availability"
120603,2025-07-19,16.6,82,5.7,6.4,2025-07-20T00:00:00-05:00,24,27.799999999999997,,unknown,"Open-Meteo ERA5 reanalysis; retrospective, not operational availability"
120603,2025-07-20,17.9,78,0.5,6.9,2025-07-21T00:00:00-05:00,24,27.9,,unknown,"Open-Meteo ERA5 reanalysis; retrospective, not operational availability"
120603,2025-07-21,19.9,76,0.1,7.5,2025-07-22T00:00:00-05:00,24,26.0,,unknown,"Open-Meteo ERA5 reanalysis; retrospective, not operational availability"
120603,2025-07-22,19.5,77,1.7,7.1,2025-07-23T00:00:00-05:00,24,26.799999999999997,,unknown,"Open-Meteo ERA5 reanalysis; retrospective, not operational availability"
120603,2025-07-23,18.1,81,1.2,7.0,2025-07-24T00:00:00-05:00,24,25.9,,unknown,"Open-Meteo ERA5 reanalysis; retrospective, not operational availability"
120603,2025-07-24,18.2,81,1.1,7.3,2025-07-25T00:00:00-05:00,24,23.4,,unknown,"Open-Meteo ERA5 reanalysis; retrospective, not operational availability"
120603,2025-07-25,18.1,82,2.6,6.5,2025-07-26T00:00:00-05:00,24,12.899999999999999,,unknown,"Open-Meteo ERA5 reanalysis; retrospective, not operational availability"
120603,2025-07-26,18.2,83,5.1,7.2,2025-07-27T00:00:00-05:00,24,12.299999999999997,,unknown,"Open-Meteo ERA5 reanalysis; retrospective, not operational availability"
120603,2025-07-27,17.8,87,6.5,7.1,2025-07-28T00:00:00-05:00,24,18.299999999999997,,unknown,"Open-Meteo ERA5 reanalysis; retrospective, not operational availability"
120603,2025-07-28,18.0,86,6.2,6.9,2025-07-29T00:00:00-05:00,24,24.4,,unknown,"Open-Meteo ERA5 reanalysis; retrospective, not operational availability"
120603,2025-07-29,18.0,86,14.1,6.9,2025-07-30T00:00:00-05:00,24,36.8,,unknown,"Open-Meteo ERA5 reanalysis; retrospective, not operational availability"
120603,2025-07-30,17.7,88,6.2,6.9,2025-07-31T00:00:00-05:00,24,41.8,,unknown,"Open-Meteo ERA5 reanalysis; retrospective, not operational availability"
120603,2025-07-31,17.1,87,3.3,6.5,2025-08-01T00:00:00-05:00,24,44.0,,unknown,"Open-Meteo ERA5 reanalysis; retrospective, not operational availability"
120603,2025-08-01,18.1,86,7.6,6.5,2025-08-02T00:00:00-05:00,24,49.0,,unknown,"Open-Meteo ERA5 reanalysis; retrospective, not operational availability"
120603,2025-08-02,19.2,81,2.5,7.1,2025-08-03T00:00:00-05:00,24,46.4,,unknown,"Open-Meteo ERA5 reanalysis; retrospective, not operational availability"
120603,2025-08-03,17.5,84,3.3,7.8,2025-08-04T00:00:00-05:00,24,43.199999999999996,,unknown,"Open-Meteo ERA5 reanalysis; retrospective, not operational availability"
120603,2025-08-04,18.4,81,2.7,8.0,2025-08-05T00:00:00-05:00,24,39.7,,unknown,"Open-Meteo ERA5 reanalysis; retrospective, not operational availability"
120603,2025-08-05,16.7,81,0.6,6.3,2025-08-06T00:00:00-05:00,24,26.2,,unknown,"Open-Meteo ERA5 reanalysis; retrospective, not operational availability"
120603,2025-08-06,18.6,79,0.7,6.4,2025-08-07T00:00:00-05:00,24,20.699999999999996,,unknown,"Open-Meteo ERA5 reanalysis; retrospective, not operational availability"
120603,2025-08-07,19.8,80,0.9,8.0,2025-08-08T00:00:00-05:00,24,18.3,,unknown,"Open-Meteo ERA5 reanalysis; retrospective, not operational availability"
120603,2025-08-08,17.4,81,3.0,6.5,2025-08-09T00:00:00-05:00,24,13.7,,unknown,"Open-Meteo ERA5 reanalysis; retrospective, not operational availability"
120603,2025-08-09,17.1,90,8.3,8.2,2025-08-10T00:00:00-05:00,24,19.5,,unknown,"Open-Meteo ERA5 reanalysis; retrospective, not operational availability"
120603,2025-08-10,17.4,88,4.8,7.3,2025-08-11T00:00:00-05:00,24,21.0,,unknown,"Open-Meteo ERA5 reanalysis; retrospective, not operational availability"
120603,2025-08-11,17.9,88,5.7,8.3,2025-08-12T00:00:00-05:00,24,24.0,,unknown,"Open-Meteo ERA5 reanalysis; retrospective, not operational availability"
120603,2025-08-12,18.6,86,5.6,8.3,2025-08-13T00:00:00-05:00,24,29.0,,unknown,"Open-Meteo ERA5 reanalysis; retrospective, not operational availability"
120603,2025-08-13,19.3,81,3.5,8.8,2025-08-14T00:00:00-05:00,24,31.799999999999997,,unknown,"Open-Meteo ERA5 reanalysis; retrospective, not operational availability"
120603,2025-08-14,18.4,84,6.3,7.2,2025-08-15T00:00:00-05:00,24,37.2,,unknown,"Open-Meteo ERA5 reanalysis; retrospective, not operational availability"
120603,2025-08-15,16.6,87,5.3,8.3,2025-08-16T00:00:00-05:00,24,39.5,,unknown,"Open-Meteo ERA5 reanalysis; retrospective, not operational availability"
120603,2025-08-16,17.2,84,1.5,7.0,2025-08-17T00:00:00-05:00,24,32.7,,unknown,"Open-Meteo ERA5 reanalysis; retrospective, not operational availability"
120603,2025-08-17,19.0,82,3.6,7.4,2025-08-18T00:00:00-05:00,24,31.5,,unknown,"Open-Meteo ERA5 reanalysis; retrospective, not operational availability"
120603,2025-08-18,18.3,83,7.0,6.9,2025-08-19T00:00:00-05:00,24,32.8,,unknown,"Open-Meteo ERA5 reanalysis; retrospective, not operational availability"
120603,2025-08-19,19.7,83,6.3,7.6,2025-08-20T00:00:00-05:00,24,33.5,,unknown,"Open-Meteo ERA5 reanalysis; retrospective, not operational availability"
120603,2025-08-20,19.2,79,2.9,8.1,2025-08-21T00:00:00-05:00,24,32.9,,unknown,"Open-Meteo ERA5 reanalysis; retrospective, not operational availability"
120603,2025-08-21,18.5,83,3.2,7.8,2025-08-22T00:00:00-05:00,24,29.8,,unknown,"Open-Meteo ERA5 reanalysis; retrospective, not operational availability"
120603,2025-08-22,18.7,84,6.3,8.6,2025-08-23T00:00:00-05:00,24,30.799999999999997,,unknown,"Open-Meteo ERA5 reanalysis; retrospective, not operational availability"
120603,2025-08-23,18.5,85,4.9,9.0,2025-08-24T00:00:00-05:00,24,34.2,,unknown,"Open-Meteo ERA5 reanalysis; retrospective, not operational availability"
120603,2025-08-24,18.4,85,6.0,8.4,2025-08-25T00:00:00-05:00,24,36.599999999999994,,unknown,"Open-Meteo ERA5 reanalysis; retrospective, not operational availability"
120603,2025-08-25,16.4,91,7.8,7.8,2025-08-26T00:00:00-05:00,24,37.4,,unknown,"Open-Meteo ERA5 reanalysis; retrospective, not operational availability"
120603,2025-08-26,15.9,91,4.6,7.0,2025-08-27T00:00:00-05:00,24,35.7,,unknown,"Open-Meteo ERA5 reanalysis; retrospective, not operational availability"
120603,2025-08-27,17.4,81,4.1,8.1,2025-08-28T00:00:00-05:00,24,36.9,,unknown,"Open-Meteo ERA5 reanalysis; retrospective, not operational availability"
120603,2025-08-28,18.6,85,4.5,8.0,2025-08-29T00:00:00-05:00,24,38.199999999999996,,unknown,"Open-Meteo ERA5 reanalysis; retrospective, not operational availability"
120603,2025-08-29,18.8,77,1.9,8.2,2025-08-30T00:00:00-05:00,24,33.800000000000004,,unknown,"Open-Meteo ERA5 reanalysis; retrospective, not operational availability"
120603,2025-08-30,20.5,80,11.5,7.3,2025-08-31T00:00:00-05:00,24,40.4,,unknown,"Open-Meteo ERA5 reanalysis; retrospective, not operational availability"
120603,2025-08-31,19.5,81,6.7,6.9,2025-09-01T00:00:00-05:00,24,41.1,,unknown,"Open-Meteo ERA5 reanalysis; retrospective, not operational availability"
120603,2025-09-01,19.0,79,3.5,6.9,2025-09-02T00:00:00-05:00,24,36.800000000000004,,unknown,"Open-Meteo ERA5 reanalysis; retrospective, not operational availability"
120603,2025-09-02,18.3,81,6.0,7.9,2025-09-03T00:00:00-05:00,24,38.2,,unknown,"Open-Meteo ERA5 reanalysis; retrospective, not operational availability"
120603,2025-09-03,18.1,82,7.6,6.2,2025-09-04T00:00:00-05:00,24,41.699999999999996,,unknown,"Open-Meteo ERA5 reanalysis; retrospective, not operational availability"
120603,2025-09-04,18.6,82,4.7,8.8,2025-09-05T00:00:00-05:00,24,41.9,,unknown,"Open-Meteo ERA5 reanalysis; retrospective, not operational availability"
120603,2025-09-05,19.0,82,5.4,8.2,2025-09-06T00:00:00-05:00,24,45.4,,unknown,"Open-Meteo ERA5 reanalysis; retrospective, not operational availability"
120603,2025-09-06,15.7,91,9.6,7.0,2025-09-07T00:00:00-05:00,24,43.5,,unknown,"Open-Meteo ERA5 reanalysis; retrospective, not operational availability"
120603,2025-09-07,17.6,87,8.3,6.5,2025-09-08T00:00:00-05:00,24,45.099999999999994,,unknown,"Open-Meteo ERA5 reanalysis; retrospective, not operational availability"
120603,2025-09-08,18.4,83,3.1,8.0,2025-09-09T00:00:00-05:00,24,44.699999999999996,,unknown,"Open-Meteo ERA5 reanalysis; retrospective, not operational availability"
120603,2025-09-09,19.6,78,0.8,7.1,2025-09-10T00:00:00-05:00,24,39.5,,unknown,"Open-Meteo ERA5 reanalysis; retrospective, not operational availability"
120603,2025-09-10,19.2,80,2.0,6.3,2025-09-11T00:00:00-05:00,24,33.9,,unknown,"Open-Meteo ERA5 reanalysis; retrospective, not operational availability"
120603,2025-09-11,19.7,72,1.3,9.3,2025-09-12T00:00:00-05:00,24,30.5,,unknown,"Open-Meteo ERA5 reanalysis; retrospective, not operational availability"
120603,2025-09-12,18.4,79,3.2,7.5,2025-09-13T00:00:00-05:00,24,28.300000000000004,,unknown,"Open-Meteo ERA5 reanalysis; retrospective, not operational availability"
120603,2025-09-13,20.7,73,2.5,7.6,2025-09-14T00:00:00-05:00,24,21.200000000000003,,unknown,"Open-Meteo ERA5 reanalysis; retrospective, not operational availability"
120603,2025-09-14,20.0,75,3.5,8.2,2025-09-15T00:00:00-05:00,24,16.4,,unknown,"Open-Meteo ERA5 reanalysis; retrospective, not operational availability"
120603,2025-09-15,20.7,74,2.6,8.8,2025-09-16T00:00:00-05:00,24,15.9,,unknown,"Open-Meteo ERA5 reanalysis; retrospective, not operational availability"
120603,2025-09-16,21.1,77,5.0,8.4,2025-09-17T00:00:00-05:00,24,20.1,,unknown,"Open-Meteo ERA5 reanalysis; retrospective, not operational availability"
120603,2025-09-17,19.6,77,5.0,7.7,2025-09-18T00:00:00-05:00,24,23.1,,unknown,"Open-Meteo ERA5 reanalysis; retrospective, not operational availability"
120603,2025-09-18,21.2,76,4.7,7.8,2025-09-19T00:00:00-05:00,24,26.5,,unknown,"Open-Meteo ERA5 reanalysis; retrospective, not operational availability"
120603,2025-09-19,21.1,81,2.9,8.6,2025-09-20T00:00:00-05:00,24,26.2,,unknown,"Open-Meteo ERA5 reanalysis; retrospective, not operational availability"
120603,2025-09-20,21.9,75,1.6,7.0,2025-09-21T00:00:00-05:00,24,25.3,,unknown,"Open-Meteo ERA5 reanalysis; retrospective, not operational availability"
120603,2025-09-21,20.7,77,2.5,7.0,2025-09-22T00:00:00-05:00,24,24.3,,unknown,"Open-Meteo ERA5 reanalysis; retrospective, not operational availability"
120603,2025-09-22,20.8,79,2.2,7.9,2025-09-23T00:00:00-05:00,24,23.9,,unknown,"Open-Meteo ERA5 reanalysis; retrospective, not operational availability"
120603,2025-09-23,20.1,78,3.2,7.9,2025-09-24T00:00:00-05:00,24,22.099999999999998,,unknown,"Open-Meteo ERA5 reanalysis; retrospective, not operational availability"
120603,2025-09-24,18.5,83,8.2,8.1,2025-09-25T00:00:00-05:00,24,25.3,,unknown,"Open-Meteo ERA5 reanalysis; retrospective, not operational availability"
120603,2025-09-25,17.4,82,4.8,9.6,2025-09-26T00:00:00-05:00,24,25.4,,unknown,"Open-Meteo ERA5 reanalysis; retrospective, not operational availability"
120603,2025-09-26,18.6,81,7.2,6.4,2025-09-27T00:00:00-05:00,24,29.7,,unknown,"Open-Meteo ERA5 reanalysis; retrospective, not operational availability"
120603,2025-09-27,20.0,77,3.1,9.5,2025-09-28T00:00:00-05:00,24,31.2,,unknown,"Open-Meteo ERA5 reanalysis; retrospective, not operational availability"
120603,2025-09-28,20.4,77,5.5,7.7,2025-09-29T00:00:00-05:00,24,34.199999999999996,,unknown,"Open-Meteo ERA5 reanalysis; retrospective, not operational availability"
120603,2025-09-29,20.5,75,3.9,7.5,2025-09-30T00:00:00-05:00,24,35.9,,unknown,"Open-Meteo ERA5 reanalysis; retrospective, not operational availability"
120603,2025-09-30,20.7,79,6.1,7.2,2025-10-01T00:00:00-05:00,24,38.8,,unknown,"Open-Meteo ERA5 reanalysis; retrospective, not operational availability"
120603,2025-10-01,19.0,80,9.8,8.5,2025-10-02T00:00:00-05:00,24,40.4,,unknown,"Open-Meteo ERA5 reanalysis; retrospective, not operational availability"
120603,2025-10-02,18.9,84,9.4,7.2,2025-10-03T00:00:00-05:00,24,45.0,,unknown,"Open-Meteo ERA5 reanalysis; retrospective, not operational availability"
120603,2025-10-03,18.4,87,11.6,8.1,2025-10-04T00:00:00-05:00,24,49.4,,unknown,"Open-Meteo ERA5 reanalysis; retrospective, not operational availability"
120603,2025-10-04,21.4,78,5.4,8.3,2025-10-05T00:00:00-05:00,24,51.7,,unknown,"Open-Meteo ERA5 reanalysis; retrospective, not operational availability"
120603,2025-10-05,22.0,80,3.7,8.6,2025-10-06T00:00:00-05:00,24,49.9,,unknown,"Open-Meteo ERA5 reanalysis; retrospective, not operational availability"
120603,2025-10-06,22.9,78,4.1,7.5,2025-10-07T00:00:00-05:00,24,50.1,,unknown,"Open-Meteo ERA5 reanalysis; retrospective, not operational availability"
120603,2025-10-07,20.7,82,5.9,9.0,2025-10-08T00:00:00-05:00,24,49.9,,unknown,"Open-Meteo ERA5 reanalysis; retrospective, not operational availability"
120603,2025-10-08,17.3,88,6.8,8.7,2025-10-09T00:00:00-05:00,24,46.900000000000006,,unknown,"Open-Meteo ERA5 reanalysis; retrospective, not operational availability"
120603,2025-10-09,18.6,88,6.3,7.8,2025-10-10T00:00:00-05:00,24,43.8,,unknown,"Open-Meteo ERA5 reanalysis; retrospective, not operational availability"
120603,2025-10-10,18.3,86,7.5,9.0,2025-10-11T00:00:00-05:00,24,39.7,,unknown,"Open-Meteo ERA5 reanalysis; retrospective, not operational availability"
120603,2025-10-11,21.5,83,6.9,8.0,2025-10-12T00:00:00-05:00,24,41.199999999999996,,unknown,"Open-Meteo ERA5 reanalysis; retrospective, not operational availability"
120603,2025-10-12,20.5,80,8.9,8.7,2025-10-13T00:00:00-05:00,24,46.400000000000006,,unknown,"Open-Meteo ERA5 reanalysis; retrospective, not operational availability"
120603,2025-10-13,20.7,78,6.5,6.4,2025-10-14T00:00:00-05:00,24,48.8,,unknown,"Open-Meteo ERA5 reanalysis; retrospective, not operational availability"
120603,2025-10-14,19.1,81,6.0,7.5,2025-10-15T00:00:00-05:00,24,48.900000000000006,,unknown,"Open-Meteo ERA5 reanalysis; retrospective, not operational availability"
120603,2025-10-15,19.7,82,7.0,8.4,2025-10-16T00:00:00-05:00,24,49.10000000000001,,unknown,"Open-Meteo ERA5 reanalysis; retrospective, not operational availability"
120603,2025-10-16,18.6,84,8.2,7.0,2025-10-17T00:00:00-05:00,24,51.0,,unknown,"Open-Meteo ERA5 reanalysis; retrospective, not operational availability"
120603,2025-10-17,20.6,81,3.8,8.0,2025-10-18T00:00:00-05:00,24,47.3,,unknown,"Open-Meteo ERA5 reanalysis; retrospective, not operational availability"
120603,2025-10-18,19.8,79,4.9,7.6,2025-10-19T00:00:00-05:00,24,45.300000000000004,,unknown,"Open-Meteo ERA5 reanalysis; retrospective, not operational availability"
120603,2025-10-19,19.4,83,6.9,8.3,2025-10-20T00:00:00-05:00,24,43.300000000000004,,unknown,"Open-Meteo ERA5 reanalysis; retrospective, not operational availability"
120603,2025-10-20,19.4,84,7.5,9.0,2025-10-21T00:00:00-05:00,24,44.3,,unknown,"Open-Meteo ERA5 reanalysis; retrospective, not operational availability"
120603,2025-10-21,20.1,82,5.0,8.1,2025-10-22T00:00:00-05:00,24,43.3,,unknown,"Open-Meteo ERA5 reanalysis; retrospective, not operational availability"
120603,2025-10-22,20.3,78,2.5,7.3,2025-10-23T00:00:00-05:00,24,38.8,,unknown,"Open-Meteo ERA5 reanalysis; retrospective, not operational availability"
120603,2025-10-23,20.7,83,4.9,8.2,2025-10-24T00:00:00-05:00,24,35.5,,unknown,"Open-Meteo ERA5 reanalysis; retrospective, not operational availability"
120603,2025-10-24,21.1,80,5.4,8.8,2025-10-25T00:00:00-05:00,24,37.1,,unknown,"Open-Meteo ERA5 reanalysis; retrospective, not operational availability"
120603,2025-10-25,21.0,81,4.5,8.3,2025-10-26T00:00:00-05:00,24,36.7,,unknown,"Open-Meteo ERA5 reanalysis; retrospective, not operational availability"
120603,2025-10-26,20.6,82,4.9,7.2,2025-10-27T00:00:00-05:00,24,34.7,,unknown,"Open-Meteo ERA5 reanalysis; retrospective, not operational availability"
120603,2025-10-27,20.8,85,9.0,10.0,2025-10-28T00:00:00-05:00,24,36.2,,unknown,"Open-Meteo ERA5 reanalysis; retrospective, not operational availability"
120603,2025-10-28,21.2,86,11.1,8.9,2025-10-29T00:00:00-05:00,24,42.3,,unknown,"Open-Meteo ERA5 reanalysis; retrospective, not operational availability"
120603,2025-10-29,21.3,86,16.3,8.1,2025-10-30T00:00:00-05:00,24,56.1,,unknown,"Open-Meteo ERA5 reanalysis; retrospective, not operational availability"
120603,2025-10-30,20.9,86,10.7,9.0,2025-10-31T00:00:00-05:00,24,61.900000000000006,,unknown,"Open-Meteo ERA5 reanalysis; retrospective, not operational availability"
120603,2025-10-31,19.6,85,10.7,10.2,2025-11-01T00:00:00-05:00,24,67.2,,unknown,"Open-Meteo ERA5 reanalysis; retrospective, not operational availability"
120603,2025-11-01,20.6,86,9.2,7.6,2025-11-02T00:00:00-05:00,24,71.9,,unknown,"Open-Meteo ERA5 reanalysis; retrospective, not operational availability"
120603,2025-11-02,20.8,82,6.4,8.0,2025-11-03T00:00:00-05:00,24,73.39999999999999,,unknown,"Open-Meteo ERA5 reanalysis; retrospective, not operational availability"
120603,2025-11-03,20.9,82,6.4,6.5,2025-11-04T00:00:00-05:00,24,70.8,,unknown,"Open-Meteo ERA5 reanalysis; retrospective, not operational availability"
120603,2025-11-04,21.2,82,3.9,6.7,2025-11-05T00:00:00-05:00,24,63.6,,unknown,"Open-Meteo ERA5 reanalysis; retrospective, not operational availability"
120603,2025-11-05,21.5,80,4.7,8.0,2025-11-06T00:00:00-05:00,24,52.0,,unknown,"Open-Meteo ERA5 reanalysis; retrospective, not operational availability"
120603,2025-11-06,21.8,79,4.8,7.8,2025-11-07T00:00:00-05:00,24,46.099999999999994,,unknown,"Open-Meteo ERA5 reanalysis; retrospective, not operational availability"
120603,2025-11-07,22.2,85,11.8,7.5,2025-11-08T00:00:00-05:00,24,47.2,,unknown,"Open-Meteo ERA5 reanalysis; retrospective, not operational availability"
120603,2025-11-08,20.8,82,4.6,8.2,2025-11-09T00:00:00-05:00,24,42.599999999999994,,unknown,"Open-Meteo ERA5 reanalysis; retrospective, not operational availability"
120603,2025-11-09,20.3,83,12.0,8.5,2025-11-10T00:00:00-05:00,24,48.199999999999996,,unknown,"Open-Meteo ERA5 reanalysis; retrospective, not operational availability"
120603,2025-11-10,19.7,86,9.7,5.9,2025-11-11T00:00:00-05:00,24,51.5,,unknown,"Open-Meteo ERA5 reanalysis; retrospective, not operational availability"
120603,2025-11-11,20.6,82,4.7,9.2,2025-11-12T00:00:00-05:00,24,52.3,,unknown,"Open-Meteo ERA5 reanalysis; retrospective, not operational availability"
120603,2025-11-12,20.5,82,8.0,8.7,2025-11-13T00:00:00-05:00,24,55.599999999999994,,unknown,"Open-Meteo ERA5 reanalysis; retrospective, not operational availability"
120603,2025-11-13,21.9,82,9.8,7.3,2025-11-14T00:00:00-05:00,24,60.6,,unknown,"Open-Meteo ERA5 reanalysis; retrospective, not operational availability"
120603,2025-11-14,22.3,78,10.3,8.0,2025-11-15T00:00:00-05:00,24,59.099999999999994,,unknown,"Open-Meteo ERA5 reanalysis; retrospective, not operational availability"
120603,2025-11-15,20.7,86,6.2,7.0,2025-11-16T00:00:00-05:00,24,60.7,,unknown,"Open-Meteo ERA5 reanalysis; retrospective, not operational availability"
120603,2025-11-16,20.7,80,1.2,7.1,2025-11-17T00:00:00-05:00,24,49.900000000000006,,unknown,"Open-Meteo ERA5 reanalysis; retrospective, not operational availability"
120603,2025-11-17,20.8,83,3.7,7.8,2025-11-18T00:00:00-05:00,24,43.9,,unknown,"Open-Meteo ERA5 reanalysis; retrospective, not operational availability"
120603,2025-11-18,20.7,88,10.0,7.9,2025-11-19T00:00:00-05:00,24,49.2,,unknown,"Open-Meteo ERA5 reanalysis; retrospective, not operational availability"
120603,2025-11-19,22.2,83,4.5,7.3,2025-11-20T00:00:00-05:00,24,45.7,,unknown,"Open-Meteo ERA5 reanalysis; retrospective, not operational availability"
120603,2025-11-20,20.0,86,7.0,6.9,2025-11-21T00:00:00-05:00,24,42.900000000000006,,unknown,"Open-Meteo ERA5 reanalysis; retrospective, not operational availability"
120603,2025-11-21,21.7,83,4.4,7.5,2025-11-22T00:00:00-05:00,24,37.00000000000001,,unknown,"Open-Meteo ERA5 reanalysis; retrospective, not operational availability"
120603,2025-11-22,21.2,80,2.7,8.0,2025-11-23T00:00:00-05:00,24,33.5,,unknown,"Open-Meteo ERA5 reanalysis; retrospective, not operational availability"
120603,2025-11-23,20.2,85,8.6,9.0,2025-11-24T00:00:00-05:00,24,40.9,,unknown,"Open-Meteo ERA5 reanalysis; retrospective, not operational availability"
120603,2025-11-24,19.7,86,14.5,7.9,2025-11-25T00:00:00-05:00,24,51.7,,unknown,"Open-Meteo ERA5 reanalysis; retrospective, not operational availability"
120603,2025-11-25,20.6,84,9.1,7.5,2025-11-26T00:00:00-05:00,24,50.800000000000004,,unknown,"Open-Meteo ERA5 reanalysis; retrospective, not operational availability"
120603,2025-11-26,21.6,81,5.3,7.5,2025-11-27T00:00:00-05:00,24,51.599999999999994,,unknown,"Open-Meteo ERA5 reanalysis; retrospective, not operational availability"
120603,2025-11-27,17.9,86,8.2,7.7,2025-11-28T00:00:00-05:00,24,52.8,,unknown,"Open-Meteo ERA5 reanalysis; retrospective, not operational availability"
120603,2025-11-28,20.6,81,8.0,7.7,2025-11-29T00:00:00-05:00,24,56.39999999999999,,unknown,"Open-Meteo ERA5 reanalysis; retrospective, not operational availability"
120603,2025-11-29,21.6,79,7.3,8.7,2025-11-30T00:00:00-05:00,24,61.0,,unknown,"Open-Meteo ERA5 reanalysis; retrospective, not operational availability"
120603,2025-11-30,21.8,82,8.9,8.5,2025-12-01T00:00:00-05:00,24,61.3,,unknown,"Open-Meteo ERA5 reanalysis; retrospective, not operational availability"
120603,2025-12-01,20.2,79,16.2,7.9,2025-12-02T00:00:00-05:00,24,63.0,,unknown,"Open-Meteo ERA5 reanalysis; retrospective, not operational availability"
120603,2025-12-02,22.0,80,10.8,8.3,2025-12-03T00:00:00-05:00,24,64.69999999999999,,unknown,"Open-Meteo ERA5 reanalysis; retrospective, not operational availability"
120603,2025-12-03,20.2,83,12.5,9.1,2025-12-04T00:00:00-05:00,24,71.9,,unknown,"Open-Meteo ERA5 reanalysis; retrospective, not operational availability"
120603,2025-12-04,18.7,88,10.1,7.4,2025-12-05T00:00:00-05:00,24,73.8,,unknown,"Open-Meteo ERA5 reanalysis; retrospective, not operational availability"
120603,2025-12-05,21.6,83,5.9,7.4,2025-12-06T00:00:00-05:00,24,71.69999999999999,,unknown,"Open-Meteo ERA5 reanalysis; retrospective, not operational availability"
120603,2025-12-06,19.8,82,3.2,7.7,2025-12-07T00:00:00-05:00,24,67.6,,unknown,"Open-Meteo ERA5 reanalysis; retrospective, not operational availability"
120603,2025-12-07,23.2,83,11.9,7.9,2025-12-08T00:00:00-05:00,24,70.6,,unknown,"Open-Meteo ERA5 reanalysis; retrospective, not operational availability"
120603,2025-12-08,16.5,92,13.1,4.8,2025-12-09T00:00:00-05:00,24,67.5,,unknown,"Open-Meteo ERA5 reanalysis; retrospective, not operational availability"
120603,2025-12-09,20.7,86,8.4,7.1,2025-12-10T00:00:00-05:00,24,65.1,,unknown,"Open-Meteo ERA5 reanalysis; retrospective, not operational availability"
120603,2025-12-10,19.1,85,12.3,7.6,2025-12-11T00:00:00-05:00,24,64.9,,unknown,"Open-Meteo ERA5 reanalysis; retrospective, not operational availability"
120603,2025-12-11,19.6,89,18.6,6.8,2025-12-12T00:00:00-05:00,24,73.4,,unknown,"Open-Meteo ERA5 reanalysis; retrospective, not operational availability"
120603,2025-12-12,20.6,84,7.1,8.3,2025-12-13T00:00:00-05:00,24,74.6,,unknown,"Open-Meteo ERA5 reanalysis; retrospective, not operational availability"
120603,2025-12-13,21.7,84,7.5,8.5,2025-12-14T00:00:00-05:00,24,78.9,,unknown,"Open-Meteo ERA5 reanalysis; retrospective, not operational availability"
120603,2025-12-14,21.0,81,4.6,6.1,2025-12-15T00:00:00-05:00,24,71.6,,unknown,"Open-Meteo ERA5 reanalysis; retrospective, not operational availability"
120603,2025-12-15,20.3,85,7.4,7.5,2025-12-16T00:00:00-05:00,24,65.9,,unknown,"Open-Meteo ERA5 reanalysis; retrospective, not operational availability"
120603,2025-12-16,19.0,85,4.8,8.7,2025-12-17T00:00:00-05:00,24,62.300000000000004,,unknown,"Open-Meteo ERA5 reanalysis; retrospective, not operational availability"
120603,2025-12-17,18.9,89,8.1,9.2,2025-12-18T00:00:00-05:00,24,58.099999999999994,,unknown,"Open-Meteo ERA5 reanalysis; retrospective, not operational availability"
120603,2025-12-18,19.9,84,10.1,7.3,2025-12-19T00:00:00-05:00,24,49.6,,unknown,"Open-Meteo ERA5 reanalysis; retrospective, not operational availability"
120603,2025-12-19,21.3,81,9.1,8.3,2025-12-20T00:00:00-05:00,24,51.6,,unknown,"Open-Meteo ERA5 reanalysis; retrospective, not operational availability"
120603,2025-12-20,20.4,83,7.7,9.1,2025-12-21T00:00:00-05:00,24,51.800000000000004,,unknown,"Open-Meteo ERA5 reanalysis; retrospective, not operational availability"
120603,2025-12-21,21.5,83,7.8,7.6,2025-12-22T00:00:00-05:00,24,55.0,,unknown,"Open-Meteo ERA5 reanalysis; retrospective, not operational availability"
120603,2025-12-22,21.1,85,12.9,8.2,2025-12-23T00:00:00-05:00,24,60.5,,unknown,"Open-Meteo ERA5 reanalysis; retrospective, not operational availability"
120603,2025-12-23,22.5,85,6.5,8.0,2025-12-24T00:00:00-05:00,24,62.199999999999996,,unknown,"Open-Meteo ERA5 reanalysis; retrospective, not operational availability"
120603,2025-12-24,22.1,85,6.2,8.3,2025-12-25T00:00:00-05:00,24,60.3,,unknown,"Open-Meteo ERA5 reanalysis; retrospective, not operational availability"
120603,2025-12-25,20.0,88,16.6,7.5,2025-12-26T00:00:00-05:00,24,66.80000000000001,,unknown,"Open-Meteo ERA5 reanalysis; retrospective, not operational availability"
120603,2025-12-26,20.4,85,13.1,8.4,2025-12-27T00:00:00-05:00,24,70.8,,unknown,"Open-Meteo ERA5 reanalysis; retrospective, not operational availability"
120603,2025-12-27,16.7,90,14.8,7.2,2025-12-28T00:00:00-05:00,24,77.9,,unknown,"Open-Meteo ERA5 reanalysis; retrospective, not operational availability"
120603,2025-12-28,19.4,83,6.0,8.9,2025-12-29T00:00:00-05:00,24,76.10000000000001,,unknown,"Open-Meteo ERA5 reanalysis; retrospective, not operational availability"
120603,2025-12-29,20.6,82,8.7,8.1,2025-12-30T00:00:00-05:00,24,71.9,,unknown,"Open-Meteo ERA5 reanalysis; retrospective, not operational availability"
120603,2025-12-30,19.7,80,5.4,8.2,2025-12-31T00:00:00-05:00,24,70.80000000000001,,unknown,"Open-Meteo ERA5 reanalysis; retrospective, not operational availability"
120603,2025-12-31,18.9,84,4.0,7.5,2026-01-01T00:00:00-05:00,24,68.6,,unknown,"Open-Meteo ERA5 reanalysis; retrospective, not operational availability"
120604,2025-01-01,24.8,78,1.8,4.9,2025-01-02T00:00:00-05:00,24,,,unknown,"Open-Meteo ERA5 reanalysis; retrospective, not operational availability"
120604,2025-01-02,21.9,87,16.7,4.7,2025-01-03T00:00:00-05:00,24,,,unknown,"Open-Meteo ERA5 reanalysis; retrospective, not operational availability"
120604,2025-01-03,25.4,78,0.6,4.9,2025-01-04T00:00:00-05:00,24,,,unknown,"Open-Meteo ERA5 reanalysis; retrospective, not operational availability"
120604,2025-01-04,28.6,68,0.0,6.6,2025-01-05T00:00:00-05:00,24,,,unknown,"Open-Meteo ERA5 reanalysis; retrospective, not operational availability"
120604,2025-01-05,26.7,71,0.4,7.7,2025-01-06T00:00:00-05:00,24,,,unknown,"Open-Meteo ERA5 reanalysis; retrospective, not operational availability"
120604,2025-01-06,23.9,80,0.8,4.5,2025-01-07T00:00:00-05:00,24,,,unknown,"Open-Meteo ERA5 reanalysis; retrospective, not operational availability"
120604,2025-01-07,24.2,81,0.4,4.9,2025-01-08T00:00:00-05:00,24,20.7,,unknown,"Open-Meteo ERA5 reanalysis; retrospective, not operational availability"
120604,2025-01-08,26.1,79,0.8,5.2,2025-01-09T00:00:00-05:00,24,19.7,,unknown,"Open-Meteo ERA5 reanalysis; retrospective, not operational availability"
120604,2025-01-09,24.3,83,4.3,4.4,2025-01-10T00:00:00-05:00,24,7.3,,unknown,"Open-Meteo ERA5 reanalysis; retrospective, not operational availability"
120604,2025-01-10,25.4,78,0.7,5.5,2025-01-11T00:00:00-05:00,24,7.4,,unknown,"Open-Meteo ERA5 reanalysis; retrospective, not operational availability"
120604,2025-01-11,26.3,74,0.2,6.2,2025-01-12T00:00:00-05:00,24,7.6000000000000005,,unknown,"Open-Meteo ERA5 reanalysis; retrospective, not operational availability"
120604,2025-01-12,26.1,70,1.9,6.4,2025-01-13T00:00:00-05:00,24,9.1,,unknown,"Open-Meteo ERA5 reanalysis; retrospective, not operational availability"
120604,2025-01-13,27.7,71,0.0,8.0,2025-01-14T00:00:00-05:00,24,8.299999999999999,,unknown,"Open-Meteo ERA5 reanalysis; retrospective, not operational availability"
120604,2025-01-14,27.9,73,0.1,7.6,2025-01-15T00:00:00-05:00,24,7.999999999999999,,unknown,"Open-Meteo ERA5 reanalysis; retrospective, not operational availability"
120604,2025-01-15,28.6,70,0.2,9.9,2025-01-16T00:00:00-05:00,24,7.3999999999999995,,unknown,"Open-Meteo ERA5 reanalysis; retrospective, not operational availability"
120604,2025-01-16,23.3,82,6.8,4.8,2025-01-17T00:00:00-05:00,24,9.899999999999999,,unknown,"Open-Meteo ERA5 reanalysis; retrospective, not operational availability"
120604,2025-01-17,24.4,75,1.3,7.4,2025-01-18T00:00:00-05:00,24,10.5,,unknown,"Open-Meteo ERA5 reanalysis; retrospective, not operational availability"
120604,2025-01-18,27.9,69,0.0,6.2,2025-01-19T00:00:00-05:00,24,10.299999999999999,,unknown,"Open-Meteo ERA5 reanalysis; retrospective, not operational availability"
120604,2025-01-19,25.3,70,0.0,5.0,2025-01-20T00:00:00-05:00,24,8.399999999999999,,unknown,"Open-Meteo ERA5 reanalysis; retrospective, not operational availability"
120604,2025-01-20,23.1,83,4.7,5.1,2025-01-21T00:00:00-05:00,24,13.099999999999998,,unknown,"Open-Meteo ERA5 reanalysis; retrospective, not operational availability"
120604,2025-01-21,22.3,81,2.8,3.8,2025-01-22T00:00:00-05:00,24,15.799999999999999,,unknown,"Open-Meteo ERA5 reanalysis; retrospective, not operational availability"
120604,2025-01-22,23.0,78,2.6,3.2,2025-01-23T00:00:00-05:00,24,18.2,,unknown,"Open-Meteo ERA5 reanalysis; retrospective, not operational availability"
120604,2025-01-23,23.3,72,0.7,4.4,2025-01-24T00:00:00-05:00,24,12.1,,unknown,"Open-Meteo ERA5 reanalysis; retrospective, not operational availability"
120604,2025-01-24,26.0,67,0.1,7.7,2025-01-25T00:00:00-05:00,24,10.9,,unknown,"Open-Meteo ERA5 reanalysis; retrospective, not operational availability"
120604,2025-01-25,28.2,72,0.4,5.9,2025-01-26T00:00:00-05:00,24,11.3,,unknown,"Open-Meteo ERA5 reanalysis; retrospective, not operational availability"
120604,2025-01-26,26.3,79,5.2,3.9,2025-01-27T00:00:00-05:00,24,16.5,,unknown,"Open-Meteo ERA5 reanalysis; retrospective, not operational availability"
120604,2025-01-27,24.3,83,8.3,4.1,2025-01-28T00:00:00-05:00,24,20.1,,unknown,"Open-Meteo ERA5 reanalysis; retrospective, not operational availability"
120604,2025-01-28,25.4,83,6.6,5.4,2025-01-29T00:00:00-05:00,24,23.9,,unknown,"Open-Meteo ERA5 reanalysis; retrospective, not operational availability"
120604,2025-01-29,28.9,72,0.0,5.0,2025-01-30T00:00:00-05:00,24,21.299999999999997,,unknown,"Open-Meteo ERA5 reanalysis; retrospective, not operational availability"
120604,2025-01-30,27.3,76,0.8,6.1,2025-01-31T00:00:00-05:00,24,21.4,,unknown,"Open-Meteo ERA5 reanalysis; retrospective, not operational availability"
120604,2025-01-31,25.1,78,0.8,4.5,2025-02-01T00:00:00-05:00,24,22.1,,unknown,"Open-Meteo ERA5 reanalysis; retrospective, not operational availability"
120604,2025-02-01,24.3,81,1.9,4.3,2025-02-02T00:00:00-05:00,24,23.6,,unknown,"Open-Meteo ERA5 reanalysis; retrospective, not operational availability"
120604,2025-02-02,28.8,71,0.9,8.3,2025-02-03T00:00:00-05:00,24,19.3,,unknown,"Open-Meteo ERA5 reanalysis; retrospective, not operational availability"
120604,2025-02-03,28.5,69,0.0,7.9,2025-02-04T00:00:00-05:00,24,11.0,,unknown,"Open-Meteo ERA5 reanalysis; retrospective, not operational availability"
120604,2025-02-04,22.3,86,8.6,5.2,2025-02-05T00:00:00-05:00,24,13.0,,unknown,"Open-Meteo ERA5 reanalysis; retrospective, not operational availability"
120604,2025-02-05,26.0,73,2.2,6.9,2025-02-06T00:00:00-05:00,24,15.2,,unknown,"Open-Meteo ERA5 reanalysis; retrospective, not operational availability"
120604,2025-02-06,27.4,69,0.2,6.7,2025-02-07T00:00:00-05:00,24,14.6,,unknown,"Open-Meteo ERA5 reanalysis; retrospective, not operational availability"
120604,2025-02-07,28.8,71,8.0,8.1,2025-02-08T00:00:00-05:00,24,21.8,,unknown,"Open-Meteo ERA5 reanalysis; retrospective, not operational availability"
120604,2025-02-08,21.2,92,16.5,3.3,2025-02-09T00:00:00-05:00,24,36.4,,unknown,"Open-Meteo ERA5 reanalysis; retrospective, not operational availability"
120604,2025-02-09,22.8,86,15.3,5.8,2025-02-10T00:00:00-05:00,24,50.8,,unknown,"Open-Meteo ERA5 reanalysis; retrospective, not operational availability"
120604,2025-02-10,22.0,93,33.1,3.7,2025-02-11T00:00:00-05:00,24,83.9,,unknown,"Open-Meteo ERA5 reanalysis; retrospective, not operational availability"
120604,2025-02-11,25.2,87,10.1,5.6,2025-02-12T00:00:00-05:00,24,85.4,,unknown,"Open-Meteo ERA5 reanalysis; retrospective, not operational availability"
120604,2025-02-12,20.3,93,76.2,5.9,2025-02-13T00:00:00-05:00,24,159.4,,unknown,"Open-Meteo ERA5 reanalysis; retrospective, not operational availability"
120604,2025-02-13,23.8,82,4.1,5.4,2025-02-14T00:00:00-05:00,24,163.3,,unknown,"Open-Meteo ERA5 reanalysis; retrospective, not operational availability"
120604,2025-02-14,25.9,77,0.3,5.2,2025-02-15T00:00:00-05:00,24,155.60000000000002,,unknown,"Open-Meteo ERA5 reanalysis; retrospective, not operational availability"
120604,2025-02-15,24.4,79,1.1,5.5,2025-02-16T00:00:00-05:00,24,140.20000000000002,,unknown,"Open-Meteo ERA5 reanalysis; retrospective, not operational availability"
120604,2025-02-16,21.9,89,7.7,4.6,2025-02-17T00:00:00-05:00,24,132.6,,unknown,"Open-Meteo ERA5 reanalysis; retrospective, not operational availability"
120604,2025-02-17,22.9,90,14.0,4.2,2025-02-18T00:00:00-05:00,24,113.5,,unknown,"Open-Meteo ERA5 reanalysis; retrospective, not operational availability"
120604,2025-02-18,22.3,90,14.1,6.6,2025-02-19T00:00:00-05:00,24,117.5,,unknown,"Open-Meteo ERA5 reanalysis; retrospective, not operational availability"
120604,2025-02-19,24.9,82,1.0,6.7,2025-02-20T00:00:00-05:00,24,42.3,,unknown,"Open-Meteo ERA5 reanalysis; retrospective, not operational availability"
120604,2025-02-20,23.0,83,2.9,3.6,2025-02-21T00:00:00-05:00,24,41.099999999999994,,unknown,"Open-Meteo ERA5 reanalysis; retrospective, not operational availability"
120604,2025-02-21,25.3,82,1.3,4.7,2025-02-22T00:00:00-05:00,24,42.1,,unknown,"Open-Meteo ERA5 reanalysis; retrospective, not operational availability"
120604,2025-02-22,25.1,85,24.6,4.7,2025-02-23T00:00:00-05:00,24,65.6,,unknown,"Open-Meteo ERA5 reanalysis; retrospective, not operational availability"
120604,2025-02-23,22.9,92,15.2,3.5,2025-02-24T00:00:00-05:00,24,73.1,,unknown,"Open-Meteo ERA5 reanalysis; retrospective, not operational availability"
120604,2025-02-24,27.8,78,4.3,5.8,2025-02-25T00:00:00-05:00,24,63.4,,unknown,"Open-Meteo ERA5 reanalysis; retrospective, not operational availability"
120604,2025-02-25,27.2,77,2.6,5.1,2025-02-26T00:00:00-05:00,24,51.900000000000006,,unknown,"Open-Meteo ERA5 reanalysis; retrospective, not operational availability"
120604,2025-02-26,22.4,91,26.4,5.6,2025-02-27T00:00:00-05:00,24,77.3,,unknown,"Open-Meteo ERA5 reanalysis; retrospective, not operational availability"
120604,2025-02-27,27.1,79,0.2,6.1,2025-02-28T00:00:00-05:00,24,74.6,,unknown,"Open-Meteo ERA5 reanalysis; retrospective, not operational availability"
120604,2025-02-28,24.2,85,4.9,4.9,2025-03-01T00:00:00-05:00,24,78.2,,unknown,"Open-Meteo ERA5 reanalysis; retrospective, not operational availability"
120604,2025-03-01,21.8,92,18.5,5.3,2025-03-02T00:00:00-05:00,24,72.1,,unknown,"Open-Meteo ERA5 reanalysis; retrospective, not operational availability"
120604,2025-03-02,22.4,89,6.0,5.6,2025-03-03T00:00:00-05:00,24,62.89999999999999,,unknown,"Open-Meteo ERA5 reanalysis; retrospective, not operational availability"
120604,2025-03-03,23.8,86,3.6,5.2,2025-03-04T00:00:00-05:00,24,62.199999999999996,,unknown,"Open-Meteo ERA5 reanalysis; retrospective, not operational availability"
120604,2025-03-04,22.6,87,2.6,3.5,2025-03-05T00:00:00-05:00,24,62.199999999999996,,unknown,"Open-Meteo ERA5 reanalysis; retrospective, not operational availability"
120604,2025-03-05,20.9,92,17.0,3.9,2025-03-06T00:00:00-05:00,24,52.8,,unknown,"Open-Meteo ERA5 reanalysis; retrospective, not operational availability"
120604,2025-03-06,23.3,86,4.7,3.6,2025-03-07T00:00:00-05:00,24,57.300000000000004,,unknown,"Open-Meteo ERA5 reanalysis; retrospective, not operational availability"
120604,2025-03-07,23.1,85,7.5,5.7,2025-03-08T00:00:00-05:00,24,59.900000000000006,,unknown,"Open-Meteo ERA5 reanalysis; retrospective, not operational availability"
120604,2025-03-08,21.6,91,11.8,5.0,2025-03-09T00:00:00-05:00,24,53.2,,unknown,"Open-Meteo ERA5 reanalysis; retrospective, not operational availability"
120604,2025-03-09,22.6,80,0.4,4.2,2025-03-10T00:00:00-05:00,24,47.6,,unknown,"Open-Meteo ERA5 reanalysis; retrospective, not operational availability"
120604,2025-03-10,22.6,88,6.5,4.5,2025-03-11T00:00:00-05:00,24,50.5,,unknown,"Open-Meteo ERA5 reanalysis; retrospective, not operational availability"
120604,2025-03-11,23.6,88,5.9,4.4,2025-03-12T00:00:00-05:00,24,53.8,,unknown,"Open-Meteo ERA5 reanalysis; retrospective, not operational availability"
120604,2025-03-12,22.7,87,7.9,3.8,2025-03-13T00:00:00-05:00,24,44.7,,unknown,"Open-Meteo ERA5 reanalysis; retrospective, not operational availability"
120604,2025-03-13,22.9,90,14.5,4.3,2025-03-14T00:00:00-05:00,24,54.5,,unknown,"Open-Meteo ERA5 reanalysis; retrospective, not operational availability"
120604,2025-03-14,21.1,92,13.4,5.2,2025-03-15T00:00:00-05:00,24,60.4,,unknown,"Open-Meteo ERA5 reanalysis; retrospective, not operational availability"
120604,2025-03-15,23.0,90,16.1,4.9,2025-03-16T00:00:00-05:00,24,64.7,,unknown,"Open-Meteo ERA5 reanalysis; retrospective, not operational availability"
120604,2025-03-16,20.3,93,17.8,4.1,2025-03-17T00:00:00-05:00,24,82.1,,unknown,"Open-Meteo ERA5 reanalysis; retrospective, not operational availability"
120604,2025-03-17,25.7,81,2.0,5.4,2025-03-18T00:00:00-05:00,24,77.6,,unknown,"Open-Meteo ERA5 reanalysis; retrospective, not operational availability"
120604,2025-03-18,23.3,84,10.8,5.1,2025-03-19T00:00:00-05:00,24,82.5,,unknown,"Open-Meteo ERA5 reanalysis; retrospective, not operational availability"
120604,2025-03-19,24.4,85,10.1,6.0,2025-03-20T00:00:00-05:00,24,84.7,,unknown,"Open-Meteo ERA5 reanalysis; retrospective, not operational availability"
120604,2025-03-20,21.7,92,32.4,4.1,2025-03-21T00:00:00-05:00,24,102.6,,unknown,"Open-Meteo ERA5 reanalysis; retrospective, not operational availability"
120604,2025-03-21,24.5,87,5.8,4.6,2025-03-22T00:00:00-05:00,24,95.0,,unknown,"Open-Meteo ERA5 reanalysis; retrospective, not operational availability"
120604,2025-03-22,26.2,79,2.0,6.1,2025-03-23T00:00:00-05:00,24,80.9,,unknown,"Open-Meteo ERA5 reanalysis; retrospective, not operational availability"
120604,2025-03-23,26.7,78,0.2,6.0,2025-03-24T00:00:00-05:00,24,63.300000000000004,,unknown,"Open-Meteo ERA5 reanalysis; retrospective, not operational availability"
120604,2025-03-24,28.5,75,0.0,6.2,2025-03-25T00:00:00-05:00,24,61.3,,unknown,"Open-Meteo ERA5 reanalysis; retrospective, not operational availability"
120604,2025-03-25,25.9,78,1.0,5.9,2025-03-26T00:00:00-05:00,24,51.5,,unknown,"Open-Meteo ERA5 reanalysis; retrospective, not operational availability"
120604,2025-03-26,25.9,78,0.8,5.2,2025-03-27T00:00:00-05:00,24,42.199999999999996,,unknown,"Open-Meteo ERA5 reanalysis; retrospective, not operational availability"
120604,2025-03-27,25.7,79,0.0,6.4,2025-03-28T00:00:00-05:00,24,9.8,,unknown,"Open-Meteo ERA5 reanalysis; retrospective, not operational availability"
120604,2025-03-28,25.0,78,0.0,6.4,2025-03-29T00:00:00-05:00,24,4.0,,unknown,"Open-Meteo ERA5 reanalysis; retrospective, not operational availability"
120604,2025-03-29,25.0,78,0.5,5.5,2025-03-30T00:00:00-05:00,24,2.5,,unknown,"Open-Meteo ERA5 reanalysis; retrospective, not operational availability"
120604,2025-03-30,26.1,76,0.8,4.2,2025-03-31T00:00:00-05:00,24,3.0999999999999996,,unknown,"Open-Meteo ERA5 reanalysis; retrospective, not operational availability"
120604,2025-03-31,24.3,80,0.2,4.9,2025-04-01T00:00:00-05:00,24,3.3,,unknown,"Open-Meteo ERA5 reanalysis; retrospective, not operational availability"
120604,2025-04-01,24.3,80,1.3,5.5,2025-04-02T00:00:00-05:00,24,3.5999999999999996,,unknown,"Open-Meteo ERA5 reanalysis; retrospective, not operational availability"
120604,2025-04-02,20.4,90,25.0,4.4,2025-04-03T00:00:00-05:00,24,27.8,,unknown,"Open-Meteo ERA5 reanalysis; retrospective, not operational availability"
120604,2025-04-03,24.4,83,6.0,6.0,2025-04-04T00:00:00-05:00,24,33.8,,unknown,"Open-Meteo ERA5 reanalysis; retrospective, not operational availability"
120604,2025-04-04,25.3,86,10.2,4.1,2025-04-05T00:00:00-05:00,24,44.0,,unknown,"Open-Meteo ERA5 reanalysis; retrospective, not operational availability"
120604,2025-04-05,21.3,90,9.9,6.0,2025-04-06T00:00:00-05:00,24,53.4,,unknown,"Open-Meteo ERA5 reanalysis; retrospective, not operational availability"
120604,2025-04-06,25.1,78,0.2,5.1,2025-04-07T00:00:00-05:00,24,52.800000000000004,,unknown,"Open-Meteo ERA5 reanalysis; retrospective, not operational availability"
120604,2025-04-07,26.3,74,0.0,5.6,2025-04-08T00:00:00-05:00,24,52.6,,unknown,"Open-Meteo ERA5 reanalysis; retrospective, not operational availability"
120604,2025-04-08,25.9,76,0.8,5.4,2025-04-09T00:00:00-05:00,24,52.1,,unknown,"Open-Meteo ERA5 reanalysis; retrospective, not operational availability"
120604,2025-04-09,21.7,86,6.4,6.3,2025-04-10T00:00:00-05:00,24,33.5,,unknown,"Open-Meteo ERA5 reanalysis; retrospective, not operational availability"
120604,2025-04-10,26.6,75,0.6,5.5,2025-04-11T00:00:00-05:00,24,28.1,,unknown,"Open-Meteo ERA5 reanalysis; retrospective, not operational availability"
120604,2025-04-11,24.9,77,0.1,5.4,2025-04-12T00:00:00-05:00,24,18.0,,unknown,"Open-Meteo ERA5 reanalysis; retrospective, not operational availability"
120604,2025-04-12,25.9,77,0.1,6.7,2025-04-13T00:00:00-05:00,24,8.200000000000001,,unknown,"Open-Meteo ERA5 reanalysis; retrospective, not operational availability"
120604,2025-04-13,26.4,76,0.1,4.7,2025-04-14T00:00:00-05:00,24,8.100000000000001,,unknown,"Open-Meteo ERA5 reanalysis; retrospective, not operational availability"
120604,2025-04-14,24.6,80,1.5,5.6,2025-04-15T00:00:00-05:00,24,9.600000000000001,,unknown,"Open-Meteo ERA5 reanalysis; retrospective, not operational availability"
120604,2025-04-15,25.1,77,0.3,5.5,2025-04-16T00:00:00-05:00,24,9.1,,unknown,"Open-Meteo ERA5 reanalysis; retrospective, not operational availability"
120604,2025-04-16,27.8,73,0.0,5.6,2025-04-17T00:00:00-05:00,24,2.6999999999999997,,unknown,"Open-Meteo ERA5 reanalysis; retrospective, not operational availability"
120604,2025-04-17,26.0,75,0.1,6.3,2025-04-18T00:00:00-05:00,24,2.1999999999999997,,unknown,"Open-Meteo ERA5 reanalysis; retrospective, not operational availability"
120604,2025-04-18,27.3,78,0.1,5.7,2025-04-19T00:00:00-05:00,24,2.1999999999999997,,unknown,"Open-Meteo ERA5 reanalysis; retrospective, not operational availability"
120604,2025-04-19,26.6,79,0.5,4.5,2025-04-20T00:00:00-05:00,24,2.6,,unknown,"Open-Meteo ERA5 reanalysis; retrospective, not operational availability"
120604,2025-04-20,22.2,90,8.5,4.7,2025-04-21T00:00:00-05:00,24,11.0,,unknown,"Open-Meteo ERA5 reanalysis; retrospective, not operational availability"
120604,2025-04-21,26.3,80,0.1,5.2,2025-04-22T00:00:00-05:00,24,9.6,,unknown,"Open-Meteo ERA5 reanalysis; retrospective, not operational availability"
120604,2025-04-22,26.1,76,0.0,4.6,2025-04-23T00:00:00-05:00,24,9.299999999999999,,unknown,"Open-Meteo ERA5 reanalysis; retrospective, not operational availability"
120604,2025-04-23,26.4,76,0.3,5.9,2025-04-24T00:00:00-05:00,24,9.6,,unknown,"Open-Meteo ERA5 reanalysis; retrospective, not operational availability"
120604,2025-04-24,27.5,72,0.1,5.7,2025-04-25T00:00:00-05:00,24,9.6,,unknown,"Open-Meteo ERA5 reanalysis; retrospective, not operational availability"
120604,2025-04-25,26.5,74,0.2,3.6,2025-04-26T00:00:00-05:00,24,9.7,,unknown,"Open-Meteo ERA5 reanalysis; retrospective, not operational availability"
120604,2025-04-26,27.6,75,0.0,6.0,2025-04-27T00:00:00-05:00,24,9.2,,unknown,"Open-Meteo ERA5 reanalysis; retrospective, not operational availability"
120604,2025-04-27,25.9,75,0.0,4.9,2025-04-28T00:00:00-05:00,24,0.7000000000000001,,unknown,"Open-Meteo ERA5 reanalysis; retrospective, not operational availability"
120604,2025-04-28,24.3,82,2.2,4.7,2025-04-29T00:00:00-05:00,24,2.8000000000000003,,unknown,"Open-Meteo ERA5 reanalysis; retrospective, not operational availability"
120604,2025-04-29,24.8,83,0.8,5.0,2025-04-30T00:00:00-05:00,24,3.6000000000000005,,unknown,"Open-Meteo ERA5 reanalysis; retrospective, not operational availability"
120604,2025-04-30,24.0,79,1.1,5.3,2025-05-01T00:00:00-05:00,24,4.4,,unknown,"Open-Meteo ERA5 reanalysis; retrospective, not operational availability"
120604,2025-05-01,24.9,76,0.4,5.5,2025-05-02T00:00:00-05:00,24,4.7,,unknown,"Open-Meteo ERA5 reanalysis; retrospective, not operational availability"
120604,2025-05-02,26.8,74,0.0,4.8,2025-05-03T00:00:00-05:00,24,4.500000000000001,,unknown,"Open-Meteo ERA5 reanalysis; retrospective, not operational availability"
120604,2025-05-03,21.8,86,9.6,3.8,2025-05-04T00:00:00-05:00,24,14.100000000000001,,unknown,"Open-Meteo ERA5 reanalysis; retrospective, not operational availability"
120604,2025-05-04,23.2,88,12.5,2.7,2025-05-05T00:00:00-05:00,24,26.6,,unknown,"Open-Meteo ERA5 reanalysis; retrospective, not operational availability"
120604,2025-05-05,22.8,85,4.4,4.2,2025-05-06T00:00:00-05:00,24,28.8,,unknown,"Open-Meteo ERA5 reanalysis; retrospective, not operational availability"
120604,2025-05-06,26.6,79,0.0,5.4,2025-05-07T00:00:00-05:00,24,28.0,,unknown,"Open-Meteo ERA5 reanalysis; retrospective, not operational availability"
120604,2025-05-07,27.0,76,0.2,5.4,2025-05-08T00:00:00-05:00,24,27.099999999999998,,unknown,"Open-Meteo ERA5 reanalysis; retrospective, not operational availability"
120604,2025-05-08,27.4,73,0.3,3.8,2025-05-09T00:00:00-05:00,24,27.0,,unknown,"Open-Meteo ERA5 reanalysis; retrospective, not operational availability"
120604,2025-05-09,27.0,73,0.2,5.1,2025-05-10T00:00:00-05:00,24,27.2,,unknown,"Open-Meteo ERA5 reanalysis; retrospective, not operational availability"
120604,2025-05-10,23.9,78,3.3,4.5,2025-05-11T00:00:00-05:00,24,20.900000000000002,,unknown,"Open-Meteo ERA5 reanalysis; retrospective, not operational availability"
120604,2025-05-11,22.7,91,22.3,4.5,2025-05-12T00:00:00-05:00,24,30.700000000000003,,unknown,"Open-Meteo ERA5 reanalysis; retrospective, not operational availability"
120604,2025-05-12,25.4,82,1.0,5.1,2025-05-13T00:00:00-05:00,24,27.3,,unknown,"Open-Meteo ERA5 reanalysis; retrospective, not operational availability"
120604,2025-05-13,25.1,76,0.0,6.2,2025-05-14T00:00:00-05:00,24,27.299999999999997,,unknown,"Open-Meteo ERA5 reanalysis; retrospective, not operational availability"
120604,2025-05-14,26.5,74,0.2,5.2,2025-05-15T00:00:00-05:00,24,27.299999999999997,,unknown,"Open-Meteo ERA5 reanalysis; retrospective, not operational availability"
120604,2025-05-15,26.0,80,0.4,4.5,2025-05-16T00:00:00-05:00,24,27.400000000000002,,unknown,"Open-Meteo ERA5 reanalysis; retrospective, not operational availability"
120604,2025-05-16,25.5,78,0.6,3.7,2025-05-17T00:00:00-05:00,24,27.799999999999997,,unknown,"Open-Meteo ERA5 reanalysis; retrospective, not operational availability"
120604,2025-05-17,26.1,73,0.0,5.6,2025-05-18T00:00:00-05:00,24,24.5,,unknown,"Open-Meteo ERA5 reanalysis; retrospective, not operational availability"
120604,2025-05-18,26.0,71,0.0,5.4,2025-05-19T00:00:00-05:00,24,2.1999999999999966,,unknown,"Open-Meteo ERA5 reanalysis; retrospective, not operational availability"
120604,2025-05-19,25.1,76,0.1,5.9,2025-05-20T00:00:00-05:00,24,1.2999999999999965,,unknown,"Open-Meteo ERA5 reanalysis; retrospective, not operational availability"
120604,2025-05-20,23.6,84,1.0,4.9,2025-05-21T00:00:00-05:00,24,2.2999999999999963,,unknown,"Open-Meteo ERA5 reanalysis; retrospective, not operational availability"
120604,2025-05-21,22.1,93,16.0,3.6,2025-05-22T00:00:00-05:00,24,18.099999999999994,,unknown,"Open-Meteo ERA5 reanalysis; retrospective, not operational availability"
120604,2025-05-22,24.9,84,0.5,5.4,2025-05-23T00:00:00-05:00,24,18.199999999999996,,unknown,"Open-Meteo ERA5 reanalysis; retrospective, not operational availability"
120604,2025-05-23,23.1,87,4.9,5.1,2025-05-24T00:00:00-05:00,24,22.499999999999996,,unknown,"Open-Meteo ERA5 reanalysis; retrospective, not operational availability"
120604,2025-05-24,25.7,80,0.0,4.7,2025-05-25T00:00:00-05:00,24,22.499999999999996,,unknown,"Open-Meteo ERA5 reanalysis; retrospective, not operational availability"
120604,2025-05-25,23.3,79,0.1,4.5,2025-05-26T00:00:00-05:00,24,22.599999999999998,,unknown,"Open-Meteo ERA5 reanalysis; retrospective, not operational availability"
120604,2025-05-26,26.1,76,0.3,5.6,2025-05-27T00:00:00-05:00,24,22.799999999999994,,unknown,"Open-Meteo ERA5 reanalysis; retrospective, not operational availability"
120604,2025-05-27,24.5,76,0.2,4.3,2025-05-28T00:00:00-05:00,24,21.999999999999996,,unknown,"Open-Meteo ERA5 reanalysis; retrospective, not operational availability"
120604,2025-05-28,26.0,76,0.1,3.4,2025-05-29T00:00:00-05:00,24,6.099999999999997,,unknown,"Open-Meteo ERA5 reanalysis; retrospective, not operational availability"
120604,2025-05-29,21.6,82,3.4,9.5,2025-05-30T00:00:00-05:00,24,8.999999999999996,,unknown,"Open-Meteo ERA5 reanalysis; retrospective, not operational availability"
120604,2025-05-30,24.1,75,1.3,5.1,2025-05-31T00:00:00-05:00,24,5.399999999999997,,unknown,"Open-Meteo ERA5 reanalysis; retrospective, not operational availability"
120604,2025-05-31,25.5,72,0.0,6.7,2025-06-01T00:00:00-05:00,24,5.399999999999997,,unknown,"Open-Meteo ERA5 reanalysis; retrospective, not operational availability"
120604,2025-06-01,22.9,80,0.5,5.2,2025-06-02T00:00:00-05:00,24,5.799999999999997,,unknown,"Open-Meteo ERA5 reanalysis; retrospective, not operational availability"
120604,2025-06-02,25.7,72,0.0,5.1,2025-06-03T00:00:00-05:00,24,5.4999999999999964,,unknown,"Open-Meteo ERA5 reanalysis; retrospective, not operational availability"
120604,2025-06-03,26.5,72,0.1,4.3,2025-06-04T00:00:00-05:00,24,5.399999999999997,,unknown,"Open-Meteo ERA5 reanalysis; retrospective, not operational availability"
120604,2025-06-04,25.4,72,0.0,2.9,2025-06-05T00:00:00-05:00,24,5.299999999999996,,unknown,"Open-Meteo ERA5 reanalysis; retrospective, not operational availability"
120604,2025-06-05,26.3,71,0.0,5.2,2025-06-06T00:00:00-05:00,24,1.8999999999999966,,unknown,"Open-Meteo ERA5 reanalysis; retrospective, not operational availability"
120604,2025-06-06,24.5,76,0.0,5.1,2025-06-07T00:00:00-05:00,24,0.5999999999999964,,unknown,"Open-Meteo ERA5 reanalysis; retrospective, not operational availability"
120604,2025-06-07,26.5,71,0.0,4.9,2025-06-08T00:00:00-05:00,24,0.5999999999999964,,unknown,"Open-Meteo ERA5 reanalysis; retrospective, not operational availability"
120604,2025-06-08,26.0,71,0.0,4.9,2025-06-09T00:00:00-05:00,24,0.09999999999999645,,unknown,"Open-Meteo ERA5 reanalysis; retrospective, not operational availability"
120604,2025-06-09,26.6,70,0.0,4.5,2025-06-10T00:00:00-05:00,24,0.09999999999999645,,unknown,"Open-Meteo ERA5 reanalysis; retrospective, not operational availability"
120604,2025-06-10,22.3,83,1.6,5.7,2025-06-11T00:00:00-05:00,24,1.5999999999999965,,unknown,"Open-Meteo ERA5 reanalysis; retrospective, not operational availability"
120604,2025-06-11,22.8,80,0.1,6.5,2025-06-12T00:00:00-05:00,24,1.6999999999999966,,unknown,"Open-Meteo ERA5 reanalysis; retrospective, not operational availability"
120604,2025-06-12,23.3,75,0.0,6.5,2025-06-13T00:00:00-05:00,24,1.6999999999999966,,unknown,"Open-Meteo ERA5 reanalysis; retrospective, not operational availability"
120604,2025-06-13,23.7,78,0.0,6.1,2025-06-14T00:00:00-05:00,24,1.6999999999999966,,unknown,"Open-Meteo ERA5 reanalysis; retrospective, not operational availability"
120604,2025-06-14,23.4,76,0.0,6.0,2025-06-15T00:00:00-05:00,24,1.6999999999999966,,unknown,"Open-Meteo ERA5 reanalysis; retrospective, not operational availability"
120604,2025-06-15,19.2,92,13.5,5.2,2025-06-16T00:00:00-05:00,24,15.199999999999996,,unknown,"Open-Meteo ERA5 reanalysis; retrospective, not operational availability"
120604,2025-06-16,20.9,90,0.5,3.2,2025-06-17T00:00:00-05:00,24,15.699999999999996,,unknown,"Open-Meteo ERA5 reanalysis; retrospective, not operational availability"
120604,2025-06-17,21.8,91,0.2,2.6,2025-06-18T00:00:00-05:00,24,14.299999999999995,,unknown,"Open-Meteo ERA5 reanalysis; retrospective, not operational availability"
120604,2025-06-18,24.2,84,0.2,3.0,2025-06-19T00:00:00-05:00,24,14.399999999999997,,unknown,"Open-Meteo ERA5 reanalysis; retrospective, not operational availability"
120604,2025-06-19,24.8,79,0.0,3.1,2025-06-20T00:00:00-05:00,24,14.399999999999997,,unknown,"Open-Meteo ERA5 reanalysis; retrospective, not operational availability"
120604,2025-06-20,26.0,76,0.1,5.5,2025-06-21T00:00:00-05:00,24,14.499999999999996,,unknown,"Open-Meteo ERA5 reanalysis; retrospective, not operational availability"
120604,2025-06-21,24.9,71,0.0,6.0,2025-06-22T00:00:00-05:00,24,14.499999999999996,,unknown,"Open-Meteo ERA5 reanalysis; retrospective, not operational availability"
120604,2025-06-22,25.2,73,0.0,6.6,2025-06-23T00:00:00-05:00,24,0.9999999999999964,,unknown,"Open-Meteo ERA5 reanalysis; retrospective, not operational availability"
120604,2025-06-23,26.4,66,0.0,5.5,2025-06-24T00:00:00-05:00,24,0.49999999999999645,,unknown,"Open-Meteo ERA5 reanalysis; retrospective, not operational availability"
120604,2025-06-24,26.8,70,0.0,6.7,2025-06-25T00:00:00-05:00,24,0.2999999999999965,,unknown,"Open-Meteo ERA5 reanalysis; retrospective, not operational availability"
120604,2025-06-25,23.3,79,0.2,5.4,2025-06-26T00:00:00-05:00,24,0.2999999999999965,,unknown,"Open-Meteo ERA5 reanalysis; retrospective, not operational availability"
120604,2025-06-26,23.8,75,0.1,5.9,2025-06-27T00:00:00-05:00,24,0.39999999999999647,,unknown,"Open-Meteo ERA5 reanalysis; retrospective, not operational availability"
120604,2025-06-27,23.7,78,0.1,3.0,2025-06-28T00:00:00-05:00,24,0.39999999999999647,,unknown,"Open-Meteo ERA5 reanalysis; retrospective, not operational availability"
120604,2025-06-28,25.1,76,0.0,5.2,2025-06-29T00:00:00-05:00,24,0.39999999999999647,,unknown,"Open-Meteo ERA5 reanalysis; retrospective, not operational availability"
120604,2025-06-29,24.3,76,0.0,3.7,2025-06-30T00:00:00-05:00,24,0.39999999999999647,,unknown,"Open-Meteo ERA5 reanalysis; retrospective, not operational availability"
120604,2025-06-30,24.9,82,0.2,5.7,2025-07-01T00:00:00-05:00,24,0.5999999999999965,,unknown,"Open-Meteo ERA5 reanalysis; retrospective, not operational availability"
120604,2025-07-01,18.7,83,2.4,7.1,2025-07-02T00:00:00-05:00,24,2.9999999999999964,,unknown,"Open-Meteo ERA5 reanalysis; retrospective, not operational availability"
120604,2025-07-02,21.8,71,0.0,6.5,2025-07-03T00:00:00-05:00,24,2.7999999999999963,,unknown,"Open-Meteo ERA5 reanalysis; retrospective, not operational availability"
120604,2025-07-03,23.4,69,0.5,5.5,2025-07-04T00:00:00-05:00,24,3.1999999999999966,,unknown,"Open-Meteo ERA5 reanalysis; retrospective, not operational availability"
120604,2025-07-04,25.9,64,0.0,7.1,2025-07-05T00:00:00-05:00,24,3.0999999999999965,,unknown,"Open-Meteo ERA5 reanalysis; retrospective, not operational availability"
120604,2025-07-05,26.4,67,0.0,7.6,2025-07-06T00:00:00-05:00,24,3.0999999999999965,,unknown,"Open-Meteo ERA5 reanalysis; retrospective, not operational availability"
120604,2025-07-06,25.3,66,0.0,6.4,2025-07-07T00:00:00-05:00,24,3.0999999999999965,,unknown,"Open-Meteo ERA5 reanalysis; retrospective, not operational availability"
120604,2025-07-07,26.5,58,0.0,6.5,2025-07-08T00:00:00-05:00,24,2.8999999999999964,,unknown,"Open-Meteo ERA5 reanalysis; retrospective, not operational availability"
120604,2025-07-08,25.2,56,0.0,6.8,2025-07-09T00:00:00-05:00,24,0.49999999999999645,,unknown,"Open-Meteo ERA5 reanalysis; retrospective, not operational availability"
120604,2025-07-09,26.9,54,0.0,7.2,2025-07-10T00:00:00-05:00,24,0.49999999999999645,,unknown,"Open-Meteo ERA5 reanalysis; retrospective, not operational availability"
120604,2025-07-10,26.3,53,0.0,6.5,2025-07-11T00:00:00-05:00,24,0.0,,unknown,"Open-Meteo ERA5 reanalysis; retrospective, not operational availability"
120604,2025-07-11,24.9,55,0.0,4.5,2025-07-12T00:00:00-05:00,24,0.0,,unknown,"Open-Meteo ERA5 reanalysis; retrospective, not operational availability"
120604,2025-07-12,25.3,60,0.0,2.9,2025-07-13T00:00:00-05:00,24,0.0,,unknown,"Open-Meteo ERA5 reanalysis; retrospective, not operational availability"
120604,2025-07-13,25.1,59,0.0,5.3,2025-07-14T00:00:00-05:00,24,0.0,,unknown,"Open-Meteo ERA5 reanalysis; retrospective, not operational availability"
120604,2025-07-14,25.7,55,0.0,5.2,2025-07-15T00:00:00-05:00,24,0.0,,unknown,"Open-Meteo ERA5 reanalysis; retrospective, not operational availability"
120604,2025-07-15,26.3,52,0.0,5.2,2025-07-16T00:00:00-05:00,24,0.0,,unknown,"Open-Meteo ERA5 reanalysis; retrospective, not operational availability"
120604,2025-07-16,26.9,55,0.0,4.2,2025-07-17T00:00:00-05:00,24,0.0,,unknown,"Open-Meteo ERA5 reanalysis; retrospective, not operational availability"
120604,2025-07-17,25.2,68,0.3,6.4,2025-07-18T00:00:00-05:00,24,0.29999999999999644,,unknown,"Open-Meteo ERA5 reanalysis; retrospective, not operational availability"
120604,2025-07-18,19.2,89,10.2,4.9,2025-07-19T00:00:00-05:00,24,10.499999999999996,,unknown,"Open-Meteo ERA5 reanalysis; retrospective, not operational availability"
120604,2025-07-19,24.3,72,1.0,7.2,2025-07-20T00:00:00-05:00,24,11.499999999999996,,unknown,"Open-Meteo ERA5 reanalysis; retrospective, not operational availability"
120604,2025-07-20,25.8,62,0.0,6.0,2025-07-21T00:00:00-05:00,24,11.499999999999996,,unknown,"Open-Meteo ERA5 reanalysis; retrospective, not operational availability"
120604,2025-07-21,28.2,60,0.0,3.1,2025-07-22T00:00:00-05:00,24,11.499999999999996,,unknown,"Open-Meteo ERA5 reanalysis; retrospective, not operational availability"
120604,2025-07-22,29.0,63,0.0,5.3,2025-07-23T00:00:00-05:00,24,11.499999999999996,,unknown,"Open-Meteo ERA5 reanalysis; retrospective, not operational availability"
120604,2025-07-23,26.0,65,0.0,5.2,2025-07-24T00:00:00-05:00,24,11.499999999999996,,unknown,"Open-Meteo ERA5 reanalysis; retrospective, not operational availability"
120604,2025-07-24,26.8,64,0.3,4.0,2025-07-25T00:00:00-05:00,24,11.499999999999996,,unknown,"Open-Meteo ERA5 reanalysis; retrospective, not operational availability"
120604,2025-07-25,27.6,62,0.1,5.6,2025-07-26T00:00:00-05:00,24,1.3999999999999964,,unknown,"Open-Meteo ERA5 reanalysis; retrospective, not operational availability"
120604,2025-07-26,26.5,65,0.0,4.7,2025-07-27T00:00:00-05:00,24,0.39999999999999647,,unknown,"Open-Meteo ERA5 reanalysis; retrospective, not operational availability"
120604,2025-07-27,26.6,62,0.0,4.8,2025-07-28T00:00:00-05:00,24,0.39999999999999647,,unknown,"Open-Meteo ERA5 reanalysis; retrospective, not operational availability"
120604,2025-07-28,25.3,63,0.0,6.0,2025-07-29T00:00:00-05:00,24,0.39999999999999647,,unknown,"Open-Meteo ERA5 reanalysis; retrospective, not operational availability"
120604,2025-07-29,24.9,71,0.8,5.6,2025-07-30T00:00:00-05:00,24,1.1999999999999966,,unknown,"Open-Meteo ERA5 reanalysis; retrospective, not operational availability"
120604,2025-07-30,25.2,75,0.2,5.8,2025-07-31T00:00:00-05:00,24,1.3999999999999966,,unknown,"Open-Meteo ERA5 reanalysis; retrospective, not operational availability"
120604,2025-07-31,25.0,71,0.1,4.9,2025-08-01T00:00:00-05:00,24,1.1999999999999964,,unknown,"Open-Meteo ERA5 reanalysis; retrospective, not operational availability"
120604,2025-08-01,27.1,68,0.1,7.3,2025-08-02T00:00:00-05:00,24,1.1999999999999966,,unknown,"Open-Meteo ERA5 reanalysis; retrospective, not operational availability"
120604,2025-08-02,27.5,65,0.0,6.6,2025-08-03T00:00:00-05:00,24,1.1999999999999966,,unknown,"Open-Meteo ERA5 reanalysis; retrospective, not operational availability"
120604,2025-08-03,26.1,66,0.0,5.1,2025-08-04T00:00:00-05:00,24,1.1999999999999966,,unknown,"Open-Meteo ERA5 reanalysis; retrospective, not operational availability"
120604,2025-08-04,27.9,61,0.0,4.5,2025-08-05T00:00:00-05:00,24,1.1999999999999966,,unknown,"Open-Meteo ERA5 reanalysis; retrospective, not operational availability"
120604,2025-08-05,22.0,82,4.0,4.6,2025-08-06T00:00:00-05:00,24,4.399999999999997,,unknown,"Open-Meteo ERA5 reanalysis; retrospective, not operational availability"
120604,2025-08-06,26.4,74,0.5,4.8,2025-08-07T00:00:00-05:00,24,4.699999999999997,,unknown,"Open-Meteo ERA5 reanalysis; retrospective, not operational availability"
120604,2025-08-07,28.2,63,0.0,6.0,2025-08-08T00:00:00-05:00,24,4.599999999999997,,unknown,"Open-Meteo ERA5 reanalysis; retrospective, not operational availability"
120604,2025-08-08,25.3,66,0.6,5.2,2025-08-09T00:00:00-05:00,24,5.099999999999996,,unknown,"Open-Meteo ERA5 reanalysis; retrospective, not operational availability"
120604,2025-08-09,22.5,76,2.3,8.7,2025-08-10T00:00:00-05:00,24,7.399999999999997,,unknown,"Open-Meteo ERA5 reanalysis; retrospective, not operational availability"
120604,2025-08-10,25.8,68,0.0,8.0,2025-08-11T00:00:00-05:00,24,7.399999999999997,,unknown,"Open-Meteo ERA5 reanalysis; retrospective, not operational availability"
120604,2025-08-11,26.9,65,0.0,5.4,2025-08-12T00:00:00-05:00,24,7.399999999999997,,unknown,"Open-Meteo ERA5 reanalysis; retrospective, not operational availability"
120604,2025-08-12,26.1,67,0.0,7.1,2025-08-13T00:00:00-05:00,24,3.399999999999997,,unknown,"Open-Meteo ERA5 reanalysis; retrospective, not operational availability"
120604,2025-08-13,28.2,64,0.1,7.9,2025-08-14T00:00:00-05:00,24,2.999999999999997,,unknown,"Open-Meteo ERA5 reanalysis; retrospective, not operational availability"
120604,2025-08-14,24.7,75,3.2,4.4,2025-08-15T00:00:00-05:00,24,6.1999999999999975,,unknown,"Open-Meteo ERA5 reanalysis; retrospective, not operational availability"
120604,2025-08-15,22.0,80,3.0,4.7,2025-08-16T00:00:00-05:00,24,8.599999999999998,,unknown,"Open-Meteo ERA5 reanalysis; retrospective, not operational availability"
120604,2025-08-16,25.4,68,0.1,4.0,2025-08-17T00:00:00-05:00,24,6.399999999999997,,unknown,"Open-Meteo ERA5 reanalysis; retrospective, not operational availability"
120604,2025-08-17,27.4,62,0.0,3.9,2025-08-18T00:00:00-05:00,24,6.399999999999997,,unknown,"Open-Meteo ERA5 reanalysis; retrospective, not operational availability"
120604,2025-08-18,26.8,62,0.0,5.4,2025-08-19T00:00:00-05:00,24,6.399999999999997,,unknown,"Open-Meteo ERA5 reanalysis; retrospective, not operational availability"
120604,2025-08-19,28.9,59,0.0,5.6,2025-08-20T00:00:00-05:00,24,6.399999999999997,,unknown,"Open-Meteo ERA5 reanalysis; retrospective, not operational availability"
120604,2025-08-20,29.0,59,0.2,5.8,2025-08-21T00:00:00-05:00,24,6.499999999999997,,unknown,"Open-Meteo ERA5 reanalysis; retrospective, not operational availability"
120604,2025-08-21,27.8,59,0.0,5.5,2025-08-22T00:00:00-05:00,24,3.2999999999999967,,unknown,"Open-Meteo ERA5 reanalysis; retrospective, not operational availability"
120604,2025-08-22,28.9,59,0.0,4.0,2025-08-23T00:00:00-05:00,24,0.29999999999999694,,unknown,"Open-Meteo ERA5 reanalysis; retrospective, not operational availability"
120604,2025-08-23,26.4,64,0.4,6.1,2025-08-24T00:00:00-05:00,24,0.599999999999997,,unknown,"Open-Meteo ERA5 reanalysis; retrospective, not operational availability"
120604,2025-08-24,26.9,69,0.0,5.8,2025-08-25T00:00:00-05:00,24,0.599999999999997,,unknown,"Open-Meteo ERA5 reanalysis; retrospective, not operational availability"
120604,2025-08-25,21.4,79,1.8,6.2,2025-08-26T00:00:00-05:00,24,2.399999999999997,,unknown,"Open-Meteo ERA5 reanalysis; retrospective, not operational availability"
120604,2025-08-26,24.9,69,0.0,7.6,2025-08-27T00:00:00-05:00,24,2.399999999999997,,unknown,"Open-Meteo ERA5 reanalysis; retrospective, not operational availability"
120604,2025-08-27,27.3,59,0.0,5.9,2025-08-28T00:00:00-05:00,24,2.1999999999999966,,unknown,"Open-Meteo ERA5 reanalysis; retrospective, not operational availability"
120604,2025-08-28,26.5,56,0.0,5.0,2025-08-29T00:00:00-05:00,24,2.1999999999999966,,unknown,"Open-Meteo ERA5 reanalysis; retrospective, not operational availability"
120604,2025-08-29,28.7,55,0.0,7.5,2025-08-30T00:00:00-05:00,24,2.1999999999999966,,unknown,"Open-Meteo ERA5 reanalysis; retrospective, not operational availability"
120604,2025-08-30,29.8,52,0.0,6.9,2025-08-31T00:00:00-05:00,24,1.799999999999997,,unknown,"Open-Meteo ERA5 reanalysis; retrospective, not operational availability"
120604,2025-08-31,29.9,53,0.0,5.7,2025-09-01T00:00:00-05:00,24,1.799999999999997,,unknown,"Open-Meteo ERA5 reanalysis; retrospective, not operational availability"
120604,2025-09-01,29.7,58,0.0,6.9,2025-09-02T00:00:00-05:00,24,0.0,,unknown,"Open-Meteo ERA5 reanalysis; retrospective, not operational availability"
120604,2025-09-02,27.4,60,0.0,6.0,2025-09-03T00:00:00-05:00,24,0.0,,unknown,"Open-Meteo ERA5 reanalysis; retrospective, not operational availability"
120604,2025-09-03,27.7,61,0.0,6.2,2025-09-04T00:00:00-05:00,24,0.0,,unknown,"Open-Meteo ERA5 reanalysis; retrospective, not operational availability"
120604,2025-09-04,28.1,62,0.2,4.5,2025-09-05T00:00:00-05:00,24,0.1999999999999969,,unknown,"Open-Meteo ERA5 reanalysis; retrospective, not operational availability"
120604,2025-09-05,27.8,59,0.0,3.6,2025-09-06T00:00:00-05:00,24,0.1999999999999969,,unknown,"Open-Meteo ERA5 reanalysis; retrospective, not operational availability"
120604,2025-09-06,19.9,82,3.3,5.3,2025-09-07T00:00:00-05:00,24,3.499999999999997,,unknown,"Open-Meteo ERA5 reanalysis; retrospective, not operational availability"
120604,2025-09-07,26.5,77,0.2,4.1,2025-09-08T00:00:00-05:00,24,3.699999999999997,,unknown,"Open-Meteo ERA5 reanalysis; retrospective, not operational availability"
120604,2025-09-08,27.1,65,0.0,5.4,2025-09-09T00:00:00-05:00,24,3.699999999999997,,unknown,"Open-Meteo ERA5 reanalysis; retrospective, not operational availability"
120604,2025-09-09,29.0,61,0.0,5.5,2025-09-10T00:00:00-05:00,24,3.699999999999997,,unknown,"Open-Meteo ERA5 reanalysis; retrospective, not operational availability"
120604,2025-09-10,27.6,65,0.0,5.3,2025-09-11T00:00:00-05:00,24,3.699999999999997,,unknown,"Open-Meteo ERA5 reanalysis; retrospective, not operational availability"
120604,2025-09-11,29.9,61,0.0,6.0,2025-09-12T00:00:00-05:00,24,3.499999999999997,,unknown,"Open-Meteo ERA5 reanalysis; retrospective, not operational availability"
120604,2025-09-12,26.6,63,3.5,7.7,2025-09-13T00:00:00-05:00,24,6.9999999999999964,,unknown,"Open-Meteo ERA5 reanalysis; retrospective, not operational availability"
120604,2025-09-13,30.1,55,0.0,4.9,2025-09-14T00:00:00-05:00,24,3.699999999999997,,unknown,"Open-Meteo ERA5 reanalysis; retrospective, not operational availability"
120604,2025-09-14,29.6,55,0.0,4.7,2025-09-15T00:00:00-05:00,24,3.499999999999997,,unknown,"Open-Meteo ERA5 reanalysis; retrospective, not operational availability"
120604,2025-09-15,28.8,56,0.2,5.6,2025-09-16T00:00:00-05:00,24,3.699999999999997,,unknown,"Open-Meteo ERA5 reanalysis; retrospective, not operational availability"
120604,2025-09-16,29.5,57,0.2,6.6,2025-09-17T00:00:00-05:00,24,3.899999999999997,,unknown,"Open-Meteo ERA5 reanalysis; retrospective, not operational availability"
120604,2025-09-17,28.7,57,0.1,4.8,2025-09-18T00:00:00-05:00,24,3.999999999999997,,unknown,"Open-Meteo ERA5 reanalysis; retrospective, not operational availability"
120604,2025-09-18,29.6,60,0.1,5.4,2025-09-19T00:00:00-05:00,24,4.099999999999997,,unknown,"Open-Meteo ERA5 reanalysis; retrospective, not operational availability"
120604,2025-09-19,29.1,63,0.0,6.1,2025-09-20T00:00:00-05:00,24,0.599999999999997,,unknown,"Open-Meteo ERA5 reanalysis; retrospective, not operational availability"
120604,2025-09-20,31.1,59,0.2,6.9,2025-09-21T00:00:00-05:00,24,0.7999999999999969,,unknown,"Open-Meteo ERA5 reanalysis; retrospective, not operational availability"
120604,2025-09-21,31.6,57,0.0,7.8,2025-09-22T00:00:00-05:00,24,0.7999999999999969,,unknown,"Open-Meteo ERA5 reanalysis; retrospective, not operational availability"
120604,2025-09-22,30.5,57,0.0,7.4,2025-09-23T00:00:00-05:00,24,0.599999999999997,,unknown,"Open-Meteo ERA5 reanalysis; retrospective, not operational availability"
120604,2025-09-23,26.5,69,1.3,5.7,2025-09-24T00:00:00-05:00,24,1.699999999999997,,unknown,"Open-Meteo ERA5 reanalysis; retrospective, not operational availability"
120604,2025-09-24,26.3,66,0.5,4.6,2025-09-25T00:00:00-05:00,24,2.099999999999997,,unknown,"Open-Meteo ERA5 reanalysis; retrospective, not operational availability"
120604,2025-09-25,26.9,67,1.2,7.6,2025-09-26T00:00:00-05:00,24,3.1999999999999966,,unknown,"Open-Meteo ERA5 reanalysis; retrospective, not operational availability"
120604,2025-09-26,25.4,75,4.1,6.0,2025-09-27T00:00:00-05:00,24,7.299999999999996,,unknown,"Open-Meteo ERA5 reanalysis; retrospective, not operational availability"
120604,2025-09-27,29.1,67,0.2,7.1,2025-09-28T00:00:00-05:00,24,7.299999999999996,,unknown,"Open-Meteo ERA5 reanalysis; retrospective, not operational availability"
120604,2025-09-28,25.8,79,7.6,5.5,2025-09-29T00:00:00-05:00,24,14.899999999999995,,unknown,"Open-Meteo ERA5 reanalysis; retrospective, not operational availability"
120604,2025-09-29,28.0,68,0.1,6.5,2025-09-30T00:00:00-05:00,24,14.999999999999996,,unknown,"Open-Meteo ERA5 reanalysis; retrospective, not operational availability"
120604,2025-09-30,27.8,68,0.2,5.9,2025-10-01T00:00:00-05:00,24,13.899999999999995,,unknown,"Open-Meteo ERA5 reanalysis; retrospective, not operational availability"
120604,2025-10-01,25.8,73,5.8,5.7,2025-10-02T00:00:00-05:00,24,19.199999999999996,,unknown,"Open-Meteo ERA5 reanalysis; retrospective, not operational availability"
120604,2025-10-02,24.1,80,13.6,5.4,2025-10-03T00:00:00-05:00,24,31.599999999999994,,unknown,"Open-Meteo ERA5 reanalysis; retrospective, not operational availability"
120604,2025-10-03,25.2,75,3.9,4.3,2025-10-04T00:00:00-05:00,24,31.39999999999999,,unknown,"Open-Meteo ERA5 reanalysis; retrospective, not operational availability"
120604,2025-10-04,30.8,65,0.5,6.2,2025-10-05T00:00:00-05:00,24,31.699999999999992,,unknown,"Open-Meteo ERA5 reanalysis; retrospective, not operational availability"
120604,2025-10-05,30.4,61,0.0,6.6,2025-10-06T00:00:00-05:00,24,24.099999999999994,,unknown,"Open-Meteo ERA5 reanalysis; retrospective, not operational availability"
120604,2025-10-06,29.1,61,0.0,5.5,2025-10-07T00:00:00-05:00,24,23.999999999999993,,unknown,"Open-Meteo ERA5 reanalysis; retrospective, not operational availability"
120604,2025-10-07,27.5,69,0.4,6.0,2025-10-08T00:00:00-05:00,24,24.199999999999996,,unknown,"Open-Meteo ERA5 reanalysis; retrospective, not operational availability"
120604,2025-10-08,23.7,76,0.3,7.8,2025-10-09T00:00:00-05:00,24,18.699999999999996,,unknown,"Open-Meteo ERA5 reanalysis; retrospective, not operational availability"
120604,2025-10-09,25.1,74,0.8,4.7,2025-10-10T00:00:00-05:00,24,5.899999999999997,,unknown,"Open-Meteo ERA5 reanalysis; retrospective, not operational availability"
120604,2025-10-10,24.9,71,0.4,4.0,2025-10-11T00:00:00-05:00,24,2.3999999999999964,,unknown,"Open-Meteo ERA5 reanalysis; retrospective, not operational availability"
120604,2025-10-11,29.6,67,0.0,4.4,2025-10-12T00:00:00-05:00,24,1.8999999999999964,,unknown,"Open-Meteo ERA5 reanalysis; retrospective, not operational availability"
120604,2025-10-12,29.4,64,0.1,8.7,2025-10-13T00:00:00-05:00,24,1.9999999999999964,,unknown,"Open-Meteo ERA5 reanalysis; retrospective, not operational availability"
120604,2025-10-13,28.7,62,0.1,7.8,2025-10-14T00:00:00-05:00,24,2.0999999999999965,,unknown,"Open-Meteo ERA5 reanalysis; retrospective, not operational availability"
120604,2025-10-14,25.6,72,0.3,8.1,2025-10-15T00:00:00-05:00,24,1.9999999999999964,,unknown,"Open-Meteo ERA5 reanalysis; retrospective, not operational availability"
120604,2025-10-15,26.1,72,0.1,5.0,2025-10-16T00:00:00-05:00,24,1.7999999999999965,,unknown,"Open-Meteo ERA5 reanalysis; retrospective, not operational availability"
120604,2025-10-16,25.4,75,1.5,4.7,2025-10-17T00:00:00-05:00,24,2.4999999999999964,,unknown,"Open-Meteo ERA5 reanalysis; retrospective, not operational availability"
120604,2025-10-17,27.5,70,0.1,6.2,2025-10-18T00:00:00-05:00,24,2.1999999999999966,,unknown,"Open-Meteo ERA5 reanalysis; retrospective, not operational availability"
120604,2025-10-18,26.1,68,0.6,3.9,2025-10-19T00:00:00-05:00,24,2.7999999999999963,,unknown,"Open-Meteo ERA5 reanalysis; retrospective, not operational availability"
120604,2025-10-19,26.2,76,1.6,6.6,2025-10-20T00:00:00-05:00,24,4.299999999999996,,unknown,"Open-Meteo ERA5 reanalysis; retrospective, not operational availability"
120604,2025-10-20,27.0,68,0.1,6.9,2025-10-21T00:00:00-05:00,24,4.299999999999997,,unknown,"Open-Meteo ERA5 reanalysis; retrospective, not operational availability"
120604,2025-10-21,27.3,63,0.1,5.8,2025-10-22T00:00:00-05:00,24,4.099999999999997,,unknown,"Open-Meteo ERA5 reanalysis; retrospective, not operational availability"
120604,2025-10-22,28.1,64,0.2,4.6,2025-10-23T00:00:00-05:00,24,4.199999999999997,,unknown,"Open-Meteo ERA5 reanalysis; retrospective, not operational availability"
120604,2025-10-23,24.9,77,8.7,4.7,2025-10-24T00:00:00-05:00,24,11.399999999999995,,unknown,"Open-Meteo ERA5 reanalysis; retrospective, not operational availability"
120604,2025-10-24,28.4,66,1.1,6.1,2025-10-25T00:00:00-05:00,24,12.399999999999995,,unknown,"Open-Meteo ERA5 reanalysis; retrospective, not operational availability"
120604,2025-10-25,28.9,66,0.4,6.6,2025-10-26T00:00:00-05:00,24,12.199999999999996,,unknown,"Open-Meteo ERA5 reanalysis; retrospective, not operational availability"
120604,2025-10-26,28.4,66,0.2,6.6,2025-10-27T00:00:00-05:00,24,10.799999999999994,,unknown,"Open-Meteo ERA5 reanalysis; retrospective, not operational availability"
120604,2025-10-27,27.1,68,0.8,8.2,2025-10-28T00:00:00-05:00,24,11.499999999999995,,unknown,"Open-Meteo ERA5 reanalysis; retrospective, not operational availability"
120604,2025-10-28,27.4,74,4.8,8.4,2025-10-29T00:00:00-05:00,24,16.199999999999996,,unknown,"Open-Meteo ERA5 reanalysis; retrospective, not operational availability"
120604,2025-10-29,27.4,72,3.3,7.3,2025-10-30T00:00:00-05:00,24,19.299999999999997,,unknown,"Open-Meteo ERA5 reanalysis; retrospective, not operational availability"
120604,2025-10-30,27.4,68,0.4,8.8,2025-10-31T00:00:00-05:00,24,10.999999999999996,,unknown,"Open-Meteo ERA5 reanalysis; retrospective, not operational availability"
120604,2025-10-31,25.6,70,0.5,8.6,2025-11-01T00:00:00-05:00,24,10.399999999999997,,unknown,"Open-Meteo ERA5 reanalysis; retrospective, not operational availability"
120604,2025-11-01,26.1,70,1.2,4.0,2025-11-02T00:00:00-05:00,24,11.199999999999996,,unknown,"Open-Meteo ERA5 reanalysis; retrospective, not operational availability"
120604,2025-11-02,29.2,64,0.0,6.1,2025-11-03T00:00:00-05:00,24,10.999999999999996,,unknown,"Open-Meteo ERA5 reanalysis; retrospective, not operational availability"
120604,2025-11-03,29.4,61,0.2,6.9,2025-11-04T00:00:00-05:00,24,10.399999999999997,,unknown,"Open-Meteo ERA5 reanalysis; retrospective, not operational availability"
120604,2025-11-04,28.5,64,0.5,7.7,2025-11-05T00:00:00-05:00,24,6.099999999999996,,unknown,"Open-Meteo ERA5 reanalysis; retrospective, not operational availability"
120604,2025-11-05,29.1,62,0.5,7.6,2025-11-06T00:00:00-05:00,24,3.2999999999999963,,unknown,"Open-Meteo ERA5 reanalysis; retrospective, not operational availability"
120604,2025-11-06,30.1,64,1.0,7.4,2025-11-07T00:00:00-05:00,24,3.899999999999997,,unknown,"Open-Meteo ERA5 reanalysis; retrospective, not operational availability"
120604,2025-11-07,30.4,63,0.0,5.7,2025-11-08T00:00:00-05:00,24,3.399999999999997,,unknown,"Open-Meteo ERA5 reanalysis; retrospective, not operational availability"
120604,2025-11-08,29.1,61,0.3,9.4,2025-11-09T00:00:00-05:00,24,2.4999999999999964,,unknown,"Open-Meteo ERA5 reanalysis; retrospective, not operational availability"
120604,2025-11-09,28.5,69,4.7,4.5,2025-11-10T00:00:00-05:00,24,7.199999999999997,,unknown,"Open-Meteo ERA5 reanalysis; retrospective, not operational availability"
120604,2025-11-10,27.3,73,0.7,6.9,2025-11-11T00:00:00-05:00,24,7.699999999999997,,unknown,"Open-Meteo ERA5 reanalysis; retrospective, not operational availability"
120604,2025-11-11,28.4,66,0.6,8.0,2025-11-12T00:00:00-05:00,24,7.799999999999996,,unknown,"Open-Meteo ERA5 reanalysis; retrospective, not operational availability"
120604,2025-11-12,28.1,65,1.0,5.5,2025-11-13T00:00:00-05:00,24,8.299999999999997,,unknown,"Open-Meteo ERA5 reanalysis; retrospective, not operational availability"
120604,2025-11-13,28.8,65,0.8,7.7,2025-11-14T00:00:00-05:00,24,8.099999999999996,,unknown,"Open-Meteo ERA5 reanalysis; retrospective, not operational availability"
120604,2025-11-14,30.0,66,3.1,9.2,2025-11-15T00:00:00-05:00,24,11.199999999999996,,unknown,"Open-Meteo ERA5 reanalysis; retrospective, not operational availability"
120604,2025-11-15,27.0,69,1.7,5.2,2025-11-16T00:00:00-05:00,24,12.599999999999998,,unknown,"Open-Meteo ERA5 reanalysis; retrospective, not operational availability"
120604,2025-11-16,29.4,62,0.0,7.6,2025-11-17T00:00:00-05:00,24,7.899999999999997,,unknown,"Open-Meteo ERA5 reanalysis; retrospective, not operational availability"
120604,2025-11-17,27.9,63,0.4,7.4,2025-11-18T00:00:00-05:00,24,7.599999999999996,,unknown,"Open-Meteo ERA5 reanalysis; retrospective, not operational availability"
120604,2025-11-18,26.0,71,2.7,6.4,2025-11-19T00:00:00-05:00,24,9.699999999999998,,unknown,"Open-Meteo ERA5 reanalysis; retrospective, not operational availability"
120604,2025-11-19,29.0,67,0.4,8.5,2025-11-20T00:00:00-05:00,24,9.099999999999998,,unknown,"Open-Meteo ERA5 reanalysis; retrospective, not operational availability"
120604,2025-11-20,24.8,75,10.2,8.3,2025-11-21T00:00:00-05:00,24,18.499999999999996,,unknown,"Open-Meteo ERA5 reanalysis; retrospective, not operational availability"
120604,2025-11-21,28.8,65,0.1,8.2,2025-11-22T00:00:00-05:00,24,15.499999999999996,,unknown,"Open-Meteo ERA5 reanalysis; retrospective, not operational availability"
120604,2025-11-22,29.9,63,0.1,7.5,2025-11-23T00:00:00-05:00,24,13.899999999999997,,unknown,"Open-Meteo ERA5 reanalysis; retrospective, not operational availability"
120604,2025-11-23,25.8,73,2.4,7.9,2025-11-24T00:00:00-05:00,24,16.299999999999997,,unknown,"Open-Meteo ERA5 reanalysis; retrospective, not operational availability"
120604,2025-11-24,27.9,67,0.0,4.7,2025-11-25T00:00:00-05:00,24,15.899999999999997,,unknown,"Open-Meteo ERA5 reanalysis; retrospective, not operational availability"
120604,2025-11-25,28.2,69,0.8,3.5,2025-11-26T00:00:00-05:00,24,13.999999999999996,,unknown,"Open-Meteo ERA5 reanalysis; retrospective, not operational availability"
120604,2025-11-26,28.6,68,6.4,4.7,2025-11-27T00:00:00-05:00,24,19.999999999999996,,unknown,"Open-Meteo ERA5 reanalysis; retrospective, not operational availability"
120604,2025-11-27,23.2,81,22.0,6.6,2025-11-28T00:00:00-05:00,24,31.799999999999997,,unknown,"Open-Meteo ERA5 reanalysis; retrospective, not operational availability"
120604,2025-11-28,27.4,66,0.0,7.8,2025-11-29T00:00:00-05:00,24,31.699999999999996,,unknown,"Open-Meteo ERA5 reanalysis; retrospective, not operational availability"
120604,2025-11-29,28.7,65,0.2,8.1,2025-11-30T00:00:00-05:00,24,31.799999999999997,,unknown,"Open-Meteo ERA5 reanalysis; retrospective, not operational availability"
120604,2025-11-30,27.9,69,0.2,9.4,2025-12-01T00:00:00-05:00,24,29.599999999999994,,unknown,"Open-Meteo ERA5 reanalysis; retrospective, not operational availability"
120604,2025-12-01,29.4,63,0.0,7.0,2025-12-02T00:00:00-05:00,24,29.599999999999994,,unknown,"Open-Meteo ERA5 reanalysis; retrospective, not operational availability"
120604,2025-12-02,29.2,67,2.7,10.0,2025-12-03T00:00:00-05:00,24,31.5,,unknown,"Open-Meteo ERA5 reanalysis; retrospective, not operational availability"
120604,2025-12-03,27.5,70,0.0,6.8,2025-12-04T00:00:00-05:00,24,25.099999999999998,,unknown,"Open-Meteo ERA5 reanalysis; retrospective, not operational availability"
120604,2025-12-04,25.1,79,7.0,7.4,2025-12-05T00:00:00-05:00,24,10.099999999999996,,unknown,"Open-Meteo ERA5 reanalysis; retrospective, not operational availability"
120604,2025-12-05,28.4,69,0.0,6.8,2025-12-06T00:00:00-05:00,24,10.099999999999996,,unknown,"Open-Meteo ERA5 reanalysis; retrospective, not operational availability"
120604,2025-12-06,25.7,71,0.6,8.0,2025-12-07T00:00:00-05:00,24,10.499999999999996,,unknown,"Open-Meteo ERA5 reanalysis; retrospective, not operational availability"
120604,2025-12-07,29.4,64,0.0,9.7,2025-12-08T00:00:00-05:00,24,10.299999999999995,,unknown,"Open-Meteo ERA5 reanalysis; retrospective, not operational availability"
120604,2025-12-08,21.1,84,6.8,7.0,2025-12-09T00:00:00-05:00,24,17.099999999999994,,unknown,"Open-Meteo ERA5 reanalysis; retrospective, not operational availability"
120604,2025-12-09,26.5,71,1.3,6.1,2025-12-10T00:00:00-05:00,24,15.699999999999996,,unknown,"Open-Meteo ERA5 reanalysis; retrospective, not operational availability"
120604,2025-12-10,24.6,77,9.4,7.1,2025-12-11T00:00:00-05:00,24,25.099999999999994,,unknown,"Open-Meteo ERA5 reanalysis; retrospective, not operational availability"
120604,2025-12-11,25.9,75,2.9,5.8,2025-12-12T00:00:00-05:00,24,20.999999999999996,,unknown,"Open-Meteo ERA5 reanalysis; retrospective, not operational availability"
120604,2025-12-12,27.1,72,2.9,6.7,2025-12-13T00:00:00-05:00,24,23.899999999999995,,unknown,"Open-Meteo ERA5 reanalysis; retrospective, not operational availability"
120604,2025-12-13,28.0,67,0.2,6.9,2025-12-14T00:00:00-05:00,24,23.499999999999993,,unknown,"Open-Meteo ERA5 reanalysis; retrospective, not operational availability"
120604,2025-12-14,28.0,67,0.1,7.7,2025-12-15T00:00:00-05:00,24,23.599999999999994,,unknown,"Open-Meteo ERA5 reanalysis; retrospective, not operational availability"
120604,2025-12-15,26.0,67,0.1,7.1,2025-12-16T00:00:00-05:00,24,16.9,,unknown,"Open-Meteo ERA5 reanalysis; retrospective, not operational availability"
120604,2025-12-16,26.8,68,0.0,9.0,2025-12-17T00:00:00-05:00,24,15.599999999999996,,unknown,"Open-Meteo ERA5 reanalysis; retrospective, not operational availability"
120604,2025-12-17,22.9,76,2.8,8.1,2025-12-18T00:00:00-05:00,24,8.999999999999996,,unknown,"Open-Meteo ERA5 reanalysis; retrospective, not operational availability"
120604,2025-12-18,28.1,59,0.0,7.1,2025-12-19T00:00:00-05:00,24,6.099999999999996,,unknown,"Open-Meteo ERA5 reanalysis; retrospective, not operational availability"
120604,2025-12-19,28.3,62,0.4,7.7,2025-12-20T00:00:00-05:00,24,3.599999999999996,,unknown,"Open-Meteo ERA5 reanalysis; retrospective, not operational availability"
120604,2025-12-20,27.7,65,0.3,5.9,2025-12-21T00:00:00-05:00,24,3.699999999999996,,unknown,"Open-Meteo ERA5 reanalysis; retrospective, not operational availability"
120604,2025-12-21,28.7,63,0.1,7.6,2025-12-22T00:00:00-05:00,24,3.699999999999996,,unknown,"Open-Meteo ERA5 reanalysis; retrospective, not operational availability"
120604,2025-12-22,26.7,66,2.2,8.6,2025-12-23T00:00:00-05:00,24,5.799999999999996,,unknown,"Open-Meteo ERA5 reanalysis; retrospective, not operational availability"
120604,2025-12-23,29.1,62,0.5,9.3,2025-12-24T00:00:00-05:00,24,6.299999999999996,,unknown,"Open-Meteo ERA5 reanalysis; retrospective, not operational availability"
120604,2025-12-24,29.0,66,0.6,8.5,2025-12-25T00:00:00-05:00,24,4.099999999999996,,unknown,"Open-Meteo ERA5 reanalysis; retrospective, not operational availability"
120604,2025-12-25,23.3,80,9.7,6.1,2025-12-26T00:00:00-05:00,24,13.799999999999995,,unknown,"Open-Meteo ERA5 reanalysis; retrospective, not operational availability"
120604,2025-12-26,26.0,75,2.7,6.7,2025-12-27T00:00:00-05:00,24,16.099999999999994,,unknown,"Open-Meteo ERA5 reanalysis; retrospective, not operational availability"
120604,2025-12-27,22.6,83,4.4,4.3,2025-12-28T00:00:00-05:00,24,20.199999999999996,,unknown,"Open-Meteo ERA5 reanalysis; retrospective, not operational availability"
120604,2025-12-28,26.5,70,0.2,8.7,2025-12-29T00:00:00-05:00,24,20.299999999999994,,unknown,"Open-Meteo ERA5 reanalysis; retrospective, not operational availability"
120604,2025-12-29,28.2,67,0.6,7.0,2025-12-30T00:00:00-05:00,24,18.699999999999996,,unknown,"Open-Meteo ERA5 reanalysis; retrospective, not operational availability"
120604,2025-12-30,28.0,63,0.1,7.9,2025-12-31T00:00:00-05:00,24,18.299999999999997,,unknown,"Open-Meteo ERA5 reanalysis; retrospective, not operational availability"
120604,2025-12-31,27.1,66,0.0,5.4,2026-01-01T00:00:00-05:00,24,17.699999999999996,,unknown,"Open-Meteo ERA5 reanalysis; retrospective, not operational availability"
120605,2025-01-01,15.5,85,8.1,8.0,2025-01-02T00:00:00-05:00,24,,,unknown,"Open-Meteo ERA5 reanalysis; retrospective, not operational availability"
120605,2025-01-02,13.9,89,12.4,5.6,2025-01-03T00:00:00-05:00,24,,,unknown,"Open-Meteo ERA5 reanalysis; retrospective, not operational availability"
120605,2025-01-03,16.1,87,9.0,8.3,2025-01-04T00:00:00-05:00,24,,,unknown,"Open-Meteo ERA5 reanalysis; retrospective, not operational availability"
120605,2025-01-04,17.6,80,8.9,7.9,2025-01-05T00:00:00-05:00,24,,,unknown,"Open-Meteo ERA5 reanalysis; retrospective, not operational availability"
120605,2025-01-05,16.4,84,8.1,8.1,2025-01-06T00:00:00-05:00,24,,,unknown,"Open-Meteo ERA5 reanalysis; retrospective, not operational availability"
120605,2025-01-06,16.4,90,9.7,7.7,2025-01-07T00:00:00-05:00,24,,,unknown,"Open-Meteo ERA5 reanalysis; retrospective, not operational availability"
120605,2025-01-07,15.3,91,10.2,6.6,2025-01-08T00:00:00-05:00,24,66.4,,unknown,"Open-Meteo ERA5 reanalysis; retrospective, not operational availability"
120605,2025-01-08,17.2,90,10.3,7.5,2025-01-09T00:00:00-05:00,24,68.6,,unknown,"Open-Meteo ERA5 reanalysis; retrospective, not operational availability"
120605,2025-01-09,15.0,91,11.8,5.2,2025-01-10T00:00:00-05:00,24,68.0,,unknown,"Open-Meteo ERA5 reanalysis; retrospective, not operational availability"
120605,2025-01-10,16.4,89,8.4,8.6,2025-01-11T00:00:00-05:00,24,67.4,,unknown,"Open-Meteo ERA5 reanalysis; retrospective, not operational availability"
120605,2025-01-11,16.4,86,7.0,7.0,2025-01-12T00:00:00-05:00,24,65.5,,unknown,"Open-Meteo ERA5 reanalysis; retrospective, not operational availability"
120605,2025-01-12,16.3,85,11.1,8.2,2025-01-13T00:00:00-05:00,24,68.5,,unknown,"Open-Meteo ERA5 reanalysis; retrospective, not operational availability"
120605,2025-01-13,17.2,87,4.8,6.3,2025-01-14T00:00:00-05:00,24,63.599999999999994,,unknown,"Open-Meteo ERA5 reanalysis; retrospective, not operational availability"
120605,2025-01-14,17.8,89,3.8,6.9,2025-01-15T00:00:00-05:00,24,57.2,,unknown,"Open-Meteo ERA5 reanalysis; retrospective, not operational availability"
120605,2025-01-15,18.7,85,3.8,7.9,2025-01-16T00:00:00-05:00,24,50.7,,unknown,"Open-Meteo ERA5 reanalysis; retrospective, not operational availability"
120605,2025-01-16,16.2,87,36.5,6.5,2025-01-17T00:00:00-05:00,24,75.4,,unknown,"Open-Meteo ERA5 reanalysis; retrospective, not operational availability"
120605,2025-01-17,16.0,86,9.4,9.8,2025-01-18T00:00:00-05:00,24,76.39999999999999,,unknown,"Open-Meteo ERA5 reanalysis; retrospective, not operational availability"
120605,2025-01-18,17.6,83,6.3,8.2,2025-01-19T00:00:00-05:00,24,75.69999999999999,,unknown,"Open-Meteo ERA5 reanalysis; retrospective, not operational availability"
120605,2025-01-19,16.6,83,6.8,7.8,2025-01-20T00:00:00-05:00,24,71.4,,unknown,"Open-Meteo ERA5 reanalysis; retrospective, not operational availability"
120605,2025-01-20,15.5,90,13.0,7.8,2025-01-21T00:00:00-05:00,24,79.6,,unknown,"Open-Meteo ERA5 reanalysis; retrospective, not operational availability"
120605,2025-01-21,13.8,92,10.3,7.3,2025-01-22T00:00:00-05:00,24,86.10000000000001,,unknown,"Open-Meteo ERA5 reanalysis; retrospective, not operational availability"
120605,2025-01-22,14.1,90,14.2,6.8,2025-01-23T00:00:00-05:00,24,96.5,,unknown,"Open-Meteo ERA5 reanalysis; retrospective, not operational availability"
120605,2025-01-23,14.7,88,8.0,9.0,2025-01-24T00:00:00-05:00,24,68.0,,unknown,"Open-Meteo ERA5 reanalysis; retrospective, not operational availability"
120605,2025-01-24,15.1,84,4.5,9.2,2025-01-25T00:00:00-05:00,24,63.1,,unknown,"Open-Meteo ERA5 reanalysis; retrospective, not operational availability"
120605,2025-01-25,16.4,81,2.4,7.5,2025-01-26T00:00:00-05:00,24,59.199999999999996,,unknown,"Open-Meteo ERA5 reanalysis; retrospective, not operational availability"
120605,2025-01-26,15.7,86,5.2,8.4,2025-01-27T00:00:00-05:00,24,57.6,,unknown,"Open-Meteo ERA5 reanalysis; retrospective, not operational availability"
120605,2025-01-27,16.4,88,6.3,7.9,2025-01-28T00:00:00-05:00,24,50.9,,unknown,"Open-Meteo ERA5 reanalysis; retrospective, not operational availability"
120605,2025-01-28,16.6,88,6.4,7.4,2025-01-29T00:00:00-05:00,24,46.99999999999999,,unknown,"Open-Meteo ERA5 reanalysis; retrospective, not operational availability"
120605,2025-01-29,18.9,80,3.1,8.4,2025-01-30T00:00:00-05:00,24,35.9,,unknown,"Open-Meteo ERA5 reanalysis; retrospective, not operational availability"
120605,2025-01-30,16.1,83,3.1,8.9,2025-01-31T00:00:00-05:00,24,31.0,,unknown,"Open-Meteo ERA5 reanalysis; retrospective, not operational availability"
120605,2025-01-31,16.1,87,5.6,8.1,2025-02-01T00:00:00-05:00,24,32.1,,unknown,"Open-Meteo ERA5 reanalysis; retrospective, not operational availability"
120605,2025-02-01,14.9,88,9.8,7.3,2025-02-02T00:00:00-05:00,24,39.5,,unknown,"Open-Meteo ERA5 reanalysis; retrospective, not operational availability"
120605,2025-02-02,16.9,82,11.0,9.3,2025-02-03T00:00:00-05:00,24,45.3,,unknown,"Open-Meteo ERA5 reanalysis; retrospective, not operational availability"
120605,2025-02-03,17.1,84,3.2,7.4,2025-02-04T00:00:00-05:00,24,42.2,,unknown,"Open-Meteo ERA5 reanalysis; retrospective, not operational availability"
120605,2025-02-04,14.5,91,16.9,8.1,2025-02-05T00:00:00-05:00,24,52.7,,unknown,"Open-Meteo ERA5 reanalysis; retrospective, not operational availability"
120605,2025-02-05,16.0,82,5.2,6.8,2025-02-06T00:00:00-05:00,24,54.800000000000004,,unknown,"Open-Meteo ERA5 reanalysis; retrospective, not operational availability"
120605,2025-02-06,17.6,83,6.1,7.8,2025-02-07T00:00:00-05:00,24,57.8,,unknown,"Open-Meteo ERA5 reanalysis; retrospective, not operational availability"
120605,2025-02-07,18.2,82,5.1,7.8,2025-02-08T00:00:00-05:00,24,57.3,,unknown,"Open-Meteo ERA5 reanalysis; retrospective, not operational availability"
120605,2025-02-08,13.6,90,7.3,7.4,2025-02-09T00:00:00-05:00,24,54.8,,unknown,"Open-Meteo ERA5 reanalysis; retrospective, not operational availability"
120605,2025-02-09,15.9,86,12.1,7.1,2025-02-10T00:00:00-05:00,24,55.9,,unknown,"Open-Meteo ERA5 reanalysis; retrospective, not operational availability"
120605,2025-02-10,15.5,93,23.6,6.0,2025-02-11T00:00:00-05:00,24,76.3,,unknown,"Open-Meteo ERA5 reanalysis; retrospective, not operational availability"
120605,2025-02-11,17.2,90,12.2,6.5,2025-02-12T00:00:00-05:00,24,71.6,,unknown,"Open-Meteo ERA5 reanalysis; retrospective, not operational availability"
120605,2025-02-12,12.0,92,33.9,4.8,2025-02-13T00:00:00-05:00,24,100.3,,unknown,"Open-Meteo ERA5 reanalysis; retrospective, not operational availability"
120605,2025-02-13,15.4,87,9.2,7.6,2025-02-14T00:00:00-05:00,24,103.4,,unknown,"Open-Meteo ERA5 reanalysis; retrospective, not operational availability"
120605,2025-02-14,17.3,86,7.0,8.4,2025-02-15T00:00:00-05:00,24,105.3,,unknown,"Open-Meteo ERA5 reanalysis; retrospective, not operational availability"
120605,2025-02-15,15.7,90,16.8,7.6,2025-02-16T00:00:00-05:00,24,114.8,,unknown,"Open-Meteo ERA5 reanalysis; retrospective, not operational availability"
120605,2025-02-16,14.6,92,16.6,7.6,2025-02-17T00:00:00-05:00,24,119.30000000000001,,unknown,"Open-Meteo ERA5 reanalysis; retrospective, not operational availability"
120605,2025-02-17,15.8,93,34.1,8.5,2025-02-18T00:00:00-05:00,24,129.8,,unknown,"Open-Meteo ERA5 reanalysis; retrospective, not operational availability"
120605,2025-02-18,14.4,92,23.2,8.9,2025-02-19T00:00:00-05:00,24,140.8,,unknown,"Open-Meteo ERA5 reanalysis; retrospective, not operational availability"
120605,2025-02-19,15.9,91,8.7,8.6,2025-02-20T00:00:00-05:00,24,115.6,,unknown,"Open-Meteo ERA5 reanalysis; retrospective, not operational availability"
120605,2025-02-20,15.9,88,8.4,8.6,2025-02-21T00:00:00-05:00,24,114.8,,unknown,"Open-Meteo ERA5 reanalysis; retrospective, not operational availability"
120605,2025-02-21,16.0,88,7.6,7.4,2025-02-22T00:00:00-05:00,24,115.4,,unknown,"Open-Meteo ERA5 reanalysis; retrospective, not operational availability"
120605,2025-02-22,16.3,86,14.7,6.3,2025-02-23T00:00:00-05:00,24,113.3,,unknown,"Open-Meteo ERA5 reanalysis; retrospective, not operational availability"
120605,2025-02-23,15.8,90,17.6,6.3,2025-02-24T00:00:00-05:00,24,114.3,,unknown,"Open-Meteo ERA5 reanalysis; retrospective, not operational availability"
120605,2025-02-24,18.4,82,7.0,8.3,2025-02-25T00:00:00-05:00,24,87.2,,unknown,"Open-Meteo ERA5 reanalysis; retrospective, not operational availability"
120605,2025-02-25,17.7,80,3.4,8.2,2025-02-26T00:00:00-05:00,24,67.39999999999999,,unknown,"Open-Meteo ERA5 reanalysis; retrospective, not operational availability"
120605,2025-02-26,15.5,88,9.3,6.6,2025-02-27T00:00:00-05:00,24,68.0,,unknown,"Open-Meteo ERA5 reanalysis; retrospective, not operational availability"
120605,2025-02-27,18.2,84,5.3,8.5,2025-02-28T00:00:00-05:00,24,64.9,,unknown,"Open-Meteo ERA5 reanalysis; retrospective, not operational availability"
120605,2025-02-28,17.7,88,6.1,7.4,2025-03-01T00:00:00-05:00,24,63.4,,unknown,"Open-Meteo ERA5 reanalysis; retrospective, not operational availability"
120605,2025-03-01,16.2,92,16.2,6.8,2025-03-02T00:00:00-05:00,24,64.9,,unknown,"Open-Meteo ERA5 reanalysis; retrospective, not operational availability"
120605,2025-03-02,15.3,90,9.7,7.0,2025-03-03T00:00:00-05:00,24,57.0,,unknown,"Open-Meteo ERA5 reanalysis; retrospective, not operational availability"
120605,2025-03-03,16.2,90,7.9,7.3,2025-03-04T00:00:00-05:00,24,57.9,,unknown,"Open-Meteo ERA5 reanalysis; retrospective, not operational availability"
120605,2025-03-04,14.5,90,8.7,7.3,2025-03-05T00:00:00-05:00,24,63.199999999999996,,unknown,"Open-Meteo ERA5 reanalysis; retrospective, not operational availability"
120605,2025-03-05,14.7,91,12.9,5.9,2025-03-06T00:00:00-05:00,24,66.8,,unknown,"Open-Meteo ERA5 reanalysis; retrospective, not operational availability"
120605,2025-03-06,15.3,91,10.7,6.7,2025-03-07T00:00:00-05:00,24,72.19999999999999,,unknown,"Open-Meteo ERA5 reanalysis; retrospective, not operational availability"
120605,2025-03-07,14.7,90,12.7,7.1,2025-03-08T00:00:00-05:00,24,78.8,,unknown,"Open-Meteo ERA5 reanalysis; retrospective, not operational availability"
120605,2025-03-08,14.0,92,12.8,5.3,2025-03-09T00:00:00-05:00,24,75.4,,unknown,"Open-Meteo ERA5 reanalysis; retrospective, not operational availability"
120605,2025-03-09,14.2,87,8.8,6.9,2025-03-10T00:00:00-05:00,24,74.5,,unknown,"Open-Meteo ERA5 reanalysis; retrospective, not operational availability"
120605,2025-03-10,14.9,91,18.2,6.8,2025-03-11T00:00:00-05:00,24,84.80000000000001,,unknown,"Open-Meteo ERA5 reanalysis; retrospective, not operational availability"
120605,2025-03-11,15.9,89,16.2,7.2,2025-03-12T00:00:00-05:00,24,92.3,,unknown,"Open-Meteo ERA5 reanalysis; retrospective, not operational availability"
120605,2025-03-12,15.1,90,7.3,7.1,2025-03-13T00:00:00-05:00,24,86.69999999999999,,unknown,"Open-Meteo ERA5 reanalysis; retrospective, not operational availability"
120605,2025-03-13,14.9,90,14.9,7.9,2025-03-14T00:00:00-05:00,24,90.9,,unknown,"Open-Meteo ERA5 reanalysis; retrospective, not operational availability"
120605,2025-03-14,13.6,91,11.1,6.6,2025-03-15T00:00:00-05:00,24,89.3,,unknown,"Open-Meteo ERA5 reanalysis; retrospective, not operational availability"
120605,2025-03-15,14.9,86,11.6,4.8,2025-03-16T00:00:00-05:00,24,88.10000000000001,,unknown,"Open-Meteo ERA5 reanalysis; retrospective, not operational availability"
120605,2025-03-16,14.3,91,16.3,4.6,2025-03-17T00:00:00-05:00,24,95.6,,unknown,"Open-Meteo ERA5 reanalysis; retrospective, not operational availability"
120605,2025-03-17,16.5,82,5.8,6.9,2025-03-18T00:00:00-05:00,24,83.2,,unknown,"Open-Meteo ERA5 reanalysis; retrospective, not operational availability"
120605,2025-03-18,15.9,89,12.2,8.9,2025-03-19T00:00:00-05:00,24,79.2,,unknown,"Open-Meteo ERA5 reanalysis; retrospective, not operational availability"
120605,2025-03-19,16.9,87,8.6,7.3,2025-03-20T00:00:00-05:00,24,80.5,,unknown,"Open-Meteo ERA5 reanalysis; retrospective, not operational availability"
120605,2025-03-20,14.6,87,16.0,4.8,2025-03-21T00:00:00-05:00,24,81.6,,unknown,"Open-Meteo ERA5 reanalysis; retrospective, not operational availability"
120605,2025-03-21,17.4,86,8.4,7.5,2025-03-22T00:00:00-05:00,24,78.9,,unknown,"Open-Meteo ERA5 reanalysis; retrospective, not operational availability"
120605,2025-03-22,17.7,85,3.9,7.2,2025-03-23T00:00:00-05:00,24,71.2,,unknown,"Open-Meteo ERA5 reanalysis; retrospective, not operational availability"
120605,2025-03-23,17.0,84,4.4,8.2,2025-03-24T00:00:00-05:00,24,59.300000000000004,,unknown,"Open-Meteo ERA5 reanalysis; retrospective, not operational availability"
120605,2025-03-24,18.3,80,3.3,7.4,2025-03-25T00:00:00-05:00,24,56.800000000000004,,unknown,"Open-Meteo ERA5 reanalysis; retrospective, not operational availability"
120605,2025-03-25,15.9,85,6.2,9.1,2025-03-26T00:00:00-05:00,24,50.800000000000004,,unknown,"Open-Meteo ERA5 reanalysis; retrospective, not operational availability"
120605,2025-03-26,16.6,88,5.8,6.9,2025-03-27T00:00:00-05:00,24,48.0,,unknown,"Open-Meteo ERA5 reanalysis; retrospective, not operational availability"
120605,2025-03-27,15.6,87,3.5,8.0,2025-03-28T00:00:00-05:00,24,35.5,,unknown,"Open-Meteo ERA5 reanalysis; retrospective, not operational availability"
120605,2025-03-28,16.0,89,5.5,8.5,2025-03-29T00:00:00-05:00,24,32.6,,unknown,"Open-Meteo ERA5 reanalysis; retrospective, not operational availability"
120605,2025-03-29,16.3,86,5.4,8.5,2025-03-30T00:00:00-05:00,24,34.1,,unknown,"Open-Meteo ERA5 reanalysis; retrospective, not operational availability"
120605,2025-03-30,16.0,87,7.3,7.9,2025-03-31T00:00:00-05:00,24,37.0,,unknown,"Open-Meteo ERA5 reanalysis; retrospective, not operational availability"
120605,2025-03-31,14.9,88,5.4,8.1,2025-04-01T00:00:00-05:00,24,39.10000000000001,,unknown,"Open-Meteo ERA5 reanalysis; retrospective, not operational availability"
120605,2025-04-01,16.2,88,8.4,7.8,2025-04-02T00:00:00-05:00,24,41.300000000000004,,unknown,"Open-Meteo ERA5 reanalysis; retrospective, not operational availability"
120605,2025-04-02,13.5,91,11.2,5.5,2025-04-03T00:00:00-05:00,24,46.7,,unknown,"Open-Meteo ERA5 reanalysis; retrospective, not operational availability"
120605,2025-04-03,15.3,87,8.3,6.0,2025-04-04T00:00:00-05:00,24,51.50000000000001,,unknown,"Open-Meteo ERA5 reanalysis; retrospective, not operational availability"
120605,2025-04-04,17.0,87,10.2,7.8,2025-04-05T00:00:00-05:00,24,56.2,,unknown,"Open-Meteo ERA5 reanalysis; retrospective, not operational availability"
120605,2025-04-05,12.3,91,14.8,5.2,2025-04-06T00:00:00-05:00,24,65.6,,unknown,"Open-Meteo ERA5 reanalysis; retrospective, not operational availability"
120605,2025-04-06,16.1,83,3.2,6.5,2025-04-07T00:00:00-05:00,24,61.5,,unknown,"Open-Meteo ERA5 reanalysis; retrospective, not operational availability"
120605,2025-04-07,16.3,84,4.2,10.1,2025-04-08T00:00:00-05:00,24,60.300000000000004,,unknown,"Open-Meteo ERA5 reanalysis; retrospective, not operational availability"
120605,2025-04-08,16.3,86,4.8,9.1,2025-04-09T00:00:00-05:00,24,56.7,,unknown,"Open-Meteo ERA5 reanalysis; retrospective, not operational availability"
120605,2025-04-09,14.5,88,4.7,8.9,2025-04-10T00:00:00-05:00,24,50.2,,unknown,"Open-Meteo ERA5 reanalysis; retrospective, not operational availability"
120605,2025-04-10,17.5,82,7.4,7.3,2025-04-11T00:00:00-05:00,24,49.300000000000004,,unknown,"Open-Meteo ERA5 reanalysis; retrospective, not operational availability"
120605,2025-04-11,16.3,86,14.1,6.8,2025-04-12T00:00:00-05:00,24,53.2,,unknown,"Open-Meteo ERA5 reanalysis; retrospective, not operational availability"
120605,2025-04-12,15.9,86,9.9,7.8,2025-04-13T00:00:00-05:00,24,48.300000000000004,,unknown,"Open-Meteo ERA5 reanalysis; retrospective, not operational availability"
120605,2025-04-13,16.6,85,7.0,7.6,2025-04-14T00:00:00-05:00,24,52.1,,unknown,"Open-Meteo ERA5 reanalysis; retrospective, not operational availability"
120605,2025-04-14,16.1,86,8.6,7.0,2025-04-15T00:00:00-05:00,24,56.5,,unknown,"Open-Meteo ERA5 reanalysis; retrospective, not operational availability"
120605,2025-04-15,16.2,85,5.0,7.3,2025-04-16T00:00:00-05:00,24,56.7,,unknown,"Open-Meteo ERA5 reanalysis; retrospective, not operational availability"
120605,2025-04-16,18.6,83,3.7,6.6,2025-04-17T00:00:00-05:00,24,55.7,,unknown,"Open-Meteo ERA5 reanalysis; retrospective, not operational availability"
120605,2025-04-17,16.9,86,4.6,8.0,2025-04-18T00:00:00-05:00,24,52.9,,unknown,"Open-Meteo ERA5 reanalysis; retrospective, not operational availability"
120605,2025-04-18,17.2,85,3.4,7.1,2025-04-19T00:00:00-05:00,24,42.2,,unknown,"Open-Meteo ERA5 reanalysis; retrospective, not operational availability"
120605,2025-04-19,17.4,84,4.7,7.5,2025-04-20T00:00:00-05:00,24,37.0,,unknown,"Open-Meteo ERA5 reanalysis; retrospective, not operational availability"
120605,2025-04-20,15.4,91,8.7,7.0,2025-04-21T00:00:00-05:00,24,38.7,,unknown,"Open-Meteo ERA5 reanalysis; retrospective, not operational availability"
120605,2025-04-21,16.2,84,5.1,6.5,2025-04-22T00:00:00-05:00,24,35.2,,unknown,"Open-Meteo ERA5 reanalysis; retrospective, not operational availability"
120605,2025-04-22,16.1,85,7.3,8.1,2025-04-23T00:00:00-05:00,24,37.5,,unknown,"Open-Meteo ERA5 reanalysis; retrospective, not operational availability"
120605,2025-04-23,17.4,85,3.6,7.3,2025-04-24T00:00:00-05:00,24,37.400000000000006,,unknown,"Open-Meteo ERA5 reanalysis; retrospective, not operational availability"
120605,2025-04-24,18.2,83,4.1,7.1,2025-04-25T00:00:00-05:00,24,36.900000000000006,,unknown,"Open-Meteo ERA5 reanalysis; retrospective, not operational availability"
120605,2025-04-25,16.6,84,3.2,6.8,2025-04-26T00:00:00-05:00,24,36.7,,unknown,"Open-Meteo ERA5 reanalysis; retrospective, not operational availability"
120605,2025-04-26,17.9,85,6.3,7.4,2025-04-27T00:00:00-05:00,24,38.3,,unknown,"Open-Meteo ERA5 reanalysis; retrospective, not operational availability"
120605,2025-04-27,16.6,85,5.0,7.1,2025-04-28T00:00:00-05:00,24,34.6,,unknown,"Open-Meteo ERA5 reanalysis; retrospective, not operational availability"
120605,2025-04-28,15.1,88,4.8,6.5,2025-04-29T00:00:00-05:00,24,34.3,,unknown,"Open-Meteo ERA5 reanalysis; retrospective, not operational availability"
120605,2025-04-29,15.9,87,7.7,7.6,2025-04-30T00:00:00-05:00,24,34.7,,unknown,"Open-Meteo ERA5 reanalysis; retrospective, not operational availability"
120605,2025-04-30,14.9,89,7.9,6.9,2025-05-01T00:00:00-05:00,24,39.0,,unknown,"Open-Meteo ERA5 reanalysis; retrospective, not operational availability"
120605,2025-05-01,15.3,87,4.2,7.8,2025-05-02T00:00:00-05:00,24,39.1,,unknown,"Open-Meteo ERA5 reanalysis; retrospective, not operational availability"
120605,2025-05-02,16.9,82,3.5,6.7,2025-05-03T00:00:00-05:00,24,39.400000000000006,,unknown,"Open-Meteo ERA5 reanalysis; retrospective, not operational availability"
120605,2025-05-03,14.6,88,5.9,5.7,2025-05-04T00:00:00-05:00,24,39.0,,unknown,"Open-Meteo ERA5 reanalysis; retrospective, not operational availability"
120605,2025-05-04,15.4,83,2.3,6.1,2025-05-05T00:00:00-05:00,24,36.3,,unknown,"Open-Meteo ERA5 reanalysis; retrospective, not operational availability"
120605,2025-05-05,15.0,85,4.8,7.3,2025-05-06T00:00:00-05:00,24,36.300000000000004,,unknown,"Open-Meteo ERA5 reanalysis; retrospective, not operational availability"
120605,2025-05-06,16.4,84,3.0,6.9,2025-05-07T00:00:00-05:00,24,31.6,,unknown,"Open-Meteo ERA5 reanalysis; retrospective, not operational availability"
120605,2025-05-07,17.2,79,0.4,6.8,2025-05-08T00:00:00-05:00,24,24.1,,unknown,"Open-Meteo ERA5 reanalysis; retrospective, not operational availability"
120605,2025-05-08,17.3,79,1.4,6.8,2025-05-09T00:00:00-05:00,24,21.300000000000004,,unknown,"Open-Meteo ERA5 reanalysis; retrospective, not operational availability"
120605,2025-05-09,17.2,81,1.5,6.6,2025-05-10T00:00:00-05:00,24,19.300000000000004,,unknown,"Open-Meteo ERA5 reanalysis; retrospective, not operational availability"
120605,2025-05-10,15.3,82,2.0,7.0,2025-05-11T00:00:00-05:00,24,15.4,,unknown,"Open-Meteo ERA5 reanalysis; retrospective, not operational availability"
120605,2025-05-11,15.1,88,6.1,6.2,2025-05-12T00:00:00-05:00,24,19.200000000000003,,unknown,"Open-Meteo ERA5 reanalysis; retrospective, not operational availability"
120605,2025-05-12,15.6,81,1.2,7.0,2025-05-13T00:00:00-05:00,24,15.6,,unknown,"Open-Meteo ERA5 reanalysis; retrospective, not operational availability"
120605,2025-05-13,15.3,80,1.1,6.7,2025-05-14T00:00:00-05:00,24,13.700000000000003,,unknown,"Open-Meteo ERA5 reanalysis; retrospective, not operational availability"
120605,2025-05-14,15.5,83,2.3,6.6,2025-05-15T00:00:00-05:00,24,15.600000000000001,,unknown,"Open-Meteo ERA5 reanalysis; retrospective, not operational availability"
120605,2025-05-15,16.1,86,3.3,8.6,2025-05-16T00:00:00-05:00,24,17.5,,unknown,"Open-Meteo ERA5 reanalysis; retrospective, not operational availability"
120605,2025-05-16,15.3,87,4.4,8.4,2025-05-17T00:00:00-05:00,24,20.400000000000002,,unknown,"Open-Meteo ERA5 reanalysis; retrospective, not operational availability"
120605,2025-05-17,15.9,85,2.1,5.9,2025-05-18T00:00:00-05:00,24,20.5,,unknown,"Open-Meteo ERA5 reanalysis; retrospective, not operational availability"
120605,2025-05-18,16.7,84,3.8,6.2,2025-05-19T00:00:00-05:00,24,18.200000000000003,,unknown,"Open-Meteo ERA5 reanalysis; retrospective, not operational availability"
120605,2025-05-19,15.0,85,2.7,6.4,2025-05-20T00:00:00-05:00,24,19.700000000000003,,unknown,"Open-Meteo ERA5 reanalysis; retrospective, not operational availability"
120605,2025-05-20,14.8,89,2.5,7.2,2025-05-21T00:00:00-05:00,24,21.1,,unknown,"Open-Meteo ERA5 reanalysis; retrospective, not operational availability"
120605,2025-05-21,15.5,91,6.9,8.1,2025-05-22T00:00:00-05:00,24,25.700000000000003,,unknown,"Open-Meteo ERA5 reanalysis; retrospective, not operational availability"
120605,2025-05-22,15.3,86,2.4,7.4,2025-05-23T00:00:00-05:00,24,24.800000000000004,,unknown,"Open-Meteo ERA5 reanalysis; retrospective, not operational availability"
120605,2025-05-23,14.3,86,1.5,6.9,2025-05-24T00:00:00-05:00,24,21.900000000000002,,unknown,"Open-Meteo ERA5 reanalysis; retrospective, not operational availability"
120605,2025-05-24,15.1,83,1.4,6.4,2025-05-25T00:00:00-05:00,24,21.200000000000003,,unknown,"Open-Meteo ERA5 reanalysis; retrospective, not operational availability"
120605,2025-05-25,15.2,87,5.3,7.8,2025-05-26T00:00:00-05:00,24,22.700000000000003,,unknown,"Open-Meteo ERA5 reanalysis; retrospective, not operational availability"
120605,2025-05-26,16.1,80,6.3,6.8,2025-05-27T00:00:00-05:00,24,26.300000000000004,,unknown,"Open-Meteo ERA5 reanalysis; retrospective, not operational availability"
120605,2025-05-27,17.2,86,7.6,7.3,2025-05-28T00:00:00-05:00,24,31.400000000000002,,unknown,"Open-Meteo ERA5 reanalysis; retrospective, not operational availability"
120605,2025-05-28,16.5,84,7.2,7.8,2025-05-29T00:00:00-05:00,24,31.700000000000003,,unknown,"Open-Meteo ERA5 reanalysis; retrospective, not operational availability"
120605,2025-05-29,12.7,90,18.2,7.4,2025-05-30T00:00:00-05:00,24,47.5,,unknown,"Open-Meteo ERA5 reanalysis; retrospective, not operational availability"
120605,2025-05-30,14.3,89,8.6,6.4,2025-05-31T00:00:00-05:00,24,54.6,,unknown,"Open-Meteo ERA5 reanalysis; retrospective, not operational availability"
120605,2025-05-31,15.6,82,3.3,6.7,2025-06-01T00:00:00-05:00,24,56.5,,unknown,"Open-Meteo ERA5 reanalysis; retrospective, not operational availability"
120605,2025-06-01,13.9,93,7.0,7.3,2025-06-02T00:00:00-05:00,24,58.199999999999996,,unknown,"Open-Meteo ERA5 reanalysis; retrospective, not operational availability"
120605,2025-06-02,14.8,84,2.8,8.8,2025-06-03T00:00:00-05:00,24,54.7,,unknown,"Open-Meteo ERA5 reanalysis; retrospective, not operational availability"
120605,2025-06-03,16.0,78,0.5,7.1,2025-06-04T00:00:00-05:00,24,47.599999999999994,,unknown,"Open-Meteo ERA5 reanalysis; retrospective, not operational availability"
120605,2025-06-04,14.5,83,1.7,6.7,2025-06-05T00:00:00-05:00,24,42.099999999999994,,unknown,"Open-Meteo ERA5 reanalysis; retrospective, not operational availability"
120605,2025-06-05,14.8,83,1.3,7.1,2025-06-06T00:00:00-05:00,24,25.2,,unknown,"Open-Meteo ERA5 reanalysis; retrospective, not operational availability"
120605,2025-06-06,14.3,86,1.1,7.4,2025-06-07T00:00:00-05:00,24,17.700000000000003,,unknown,"Open-Meteo ERA5 reanalysis; retrospective, not operational availability"
120605,2025-06-07,15.2,82,2.8,6.1,2025-06-08T00:00:00-05:00,24,17.2,,unknown,"Open-Meteo ERA5 reanalysis; retrospective, not operational availability"
120605,2025-06-08,15.4,83,3.7,7.5,2025-06-09T00:00:00-05:00,24,13.9,,unknown,"Open-Meteo ERA5 reanalysis; retrospective, not operational availability"
120605,2025-06-09,15.8,82,2.3,7.2,2025-06-10T00:00:00-05:00,24,13.4,,unknown,"Open-Meteo ERA5 reanalysis; retrospective, not operational availability"
120605,2025-06-10,14.0,92,8.5,8.3,2025-06-11T00:00:00-05:00,24,21.4,,unknown,"Open-Meteo ERA5 reanalysis; retrospective, not operational availability"
120605,2025-06-11,13.7,92,7.0,6.9,2025-06-12T00:00:00-05:00,24,26.700000000000003,,unknown,"Open-Meteo ERA5 reanalysis; retrospective, not operational availability"
120605,2025-06-12,13.7,89,2.2,6.7,2025-06-13T00:00:00-05:00,24,27.6,,unknown,"Open-Meteo ERA5 reanalysis; retrospective, not operational availability"
120605,2025-06-13,13.8,89,1.7,7.0,2025-06-14T00:00:00-05:00,24,28.2,,unknown,"Open-Meteo ERA5 reanalysis; retrospective, not operational availability"
120605,2025-06-14,14.4,88,6.4,6.6,2025-06-15T00:00:00-05:00,24,31.800000000000004,,unknown,"Open-Meteo ERA5 reanalysis; retrospective, not operational availability"
120605,2025-06-15,11.3,92,25.4,5.1,2025-06-16T00:00:00-05:00,24,53.5,,unknown,"Open-Meteo ERA5 reanalysis; retrospective, not operational availability"
120605,2025-06-16,12.0,92,6.5,3.8,2025-06-17T00:00:00-05:00,24,57.7,,unknown,"Open-Meteo ERA5 reanalysis; retrospective, not operational availability"
120605,2025-06-17,12.0,93,6.0,4.9,2025-06-18T00:00:00-05:00,24,55.2,,unknown,"Open-Meteo ERA5 reanalysis; retrospective, not operational availability"
120605,2025-06-18,14.0,92,3.5,7.2,2025-06-19T00:00:00-05:00,24,51.7,,unknown,"Open-Meteo ERA5 reanalysis; retrospective, not operational availability"
120605,2025-06-19,13.9,84,1.2,5.8,2025-06-20T00:00:00-05:00,24,50.7,,unknown,"Open-Meteo ERA5 reanalysis; retrospective, not operational availability"
120605,2025-06-20,14.6,84,0.7,6.4,2025-06-21T00:00:00-05:00,24,49.7,,unknown,"Open-Meteo ERA5 reanalysis; retrospective, not operational availability"
120605,2025-06-21,15.9,82,0.1,7.5,2025-06-22T00:00:00-05:00,24,43.4,,unknown,"Open-Meteo ERA5 reanalysis; retrospective, not operational availability"
120605,2025-06-22,15.7,83,0.6,7.5,2025-06-23T00:00:00-05:00,24,18.6,,unknown,"Open-Meteo ERA5 reanalysis; retrospective, not operational availability"
120605,2025-06-23,16.4,79,0.7,7.0,2025-06-24T00:00:00-05:00,24,12.8,,unknown,"Open-Meteo ERA5 reanalysis; retrospective, not operational availability"
120605,2025-06-24,16.0,81,1.7,6.6,2025-06-25T00:00:00-05:00,24,8.5,,unknown,"Open-Meteo ERA5 reanalysis; retrospective, not operational availability"
120605,2025-06-25,12.9,89,5.2,7.5,2025-06-26T00:00:00-05:00,24,10.2,,unknown,"Open-Meteo ERA5 reanalysis; retrospective, not operational availability"
120605,2025-06-26,14.2,88,8.8,6.9,2025-06-27T00:00:00-05:00,24,17.8,,unknown,"Open-Meteo ERA5 reanalysis; retrospective, not operational availability"
120605,2025-06-27,13.7,91,6.7,8.1,2025-06-28T00:00:00-05:00,24,23.8,,unknown,"Open-Meteo ERA5 reanalysis; retrospective, not operational availability"
120605,2025-06-28,14.5,85,0.8,5.9,2025-06-29T00:00:00-05:00,24,24.5,,unknown,"Open-Meteo ERA5 reanalysis; retrospective, not operational availability"
120605,2025-06-29,15.1,88,6.1,7.6,2025-06-30T00:00:00-05:00,24,30.0,,unknown,"Open-Meteo ERA5 reanalysis; retrospective, not operational availability"
120605,2025-06-30,13.9,86,2.8,6.5,2025-07-01T00:00:00-05:00,24,32.1,,unknown,"Open-Meteo ERA5 reanalysis; retrospective, not operational availability"
120605,2025-07-01,10.7,95,9.3,6.7,2025-07-02T00:00:00-05:00,24,39.7,,unknown,"Open-Meteo ERA5 reanalysis; retrospective, not operational availability"
120605,2025-07-02,11.6,89,2.4,6.9,2025-07-03T00:00:00-05:00,24,36.9,,unknown,"Open-Meteo ERA5 reanalysis; retrospective, not operational availability"
120605,2025-07-03,12.6,84,1.3,7.2,2025-07-04T00:00:00-05:00,24,29.4,,unknown,"Open-Meteo ERA5 reanalysis; retrospective, not operational availability"
120605,2025-07-04,14.4,75,0.2,7.0,2025-07-05T00:00:00-05:00,24,22.9,,unknown,"Open-Meteo ERA5 reanalysis; retrospective, not operational availability"
120605,2025-07-05,15.1,70,0.0,6.5,2025-07-06T00:00:00-05:00,24,22.099999999999998,,unknown,"Open-Meteo ERA5 reanalysis; retrospective, not operational availability"
120605,2025-07-06,14.3,76,0.0,7.8,2025-07-07T00:00:00-05:00,24,16.0,,unknown,"Open-Meteo ERA5 reanalysis; retrospective, not operational availability"
120605,2025-07-07,15.1,73,0.0,7.1,2025-07-08T00:00:00-05:00,24,13.2,,unknown,"Open-Meteo ERA5 reanalysis; retrospective, not operational availability"
120605,2025-07-08,13.5,75,0.0,7.3,2025-07-09T00:00:00-05:00,24,3.899999999999998,,unknown,"Open-Meteo ERA5 reanalysis; retrospective, not operational availability"
120605,2025-07-09,14.9,72,0.0,7.1,2025-07-10T00:00:00-05:00,24,1.4999999999999982,,unknown,"Open-Meteo ERA5 reanalysis; retrospective, not operational availability"
120605,2025-07-10,14.6,75,0.0,7.0,2025-07-11T00:00:00-05:00,24,0.19999999999999823,,unknown,"Open-Meteo ERA5 reanalysis; retrospective, not operational availability"
120605,2025-07-11,13.9,82,0.3,8.0,2025-07-12T00:00:00-05:00,24,0.2999999999999982,,unknown,"Open-Meteo ERA5 reanalysis; retrospective, not operational availability"
120605,2025-07-12,14.6,81,0.5,7.2,2025-07-13T00:00:00-05:00,24,0.7999999999999983,,unknown,"Open-Meteo ERA5 reanalysis; retrospective, not operational availability"
120605,2025-07-13,13.7,83,0.4,7.5,2025-07-14T00:00:00-05:00,24,1.1999999999999984,,unknown,"Open-Meteo ERA5 reanalysis; retrospective, not operational availability"
120605,2025-07-14,13.7,83,2.0,6.9,2025-07-15T00:00:00-05:00,24,3.1999999999999984,,unknown,"Open-Meteo ERA5 reanalysis; retrospective, not operational availability"
120605,2025-07-15,14.5,78,0.9,7.3,2025-07-16T00:00:00-05:00,24,4.099999999999999,,unknown,"Open-Meteo ERA5 reanalysis; retrospective, not operational availability"
120605,2025-07-16,14.5,80,2.1,7.2,2025-07-17T00:00:00-05:00,24,6.199999999999998,,unknown,"Open-Meteo ERA5 reanalysis; retrospective, not operational availability"
120605,2025-07-17,13.6,82,3.6,6.8,2025-07-18T00:00:00-05:00,24,9.799999999999999,,unknown,"Open-Meteo ERA5 reanalysis; retrospective, not operational availability"
120605,2025-07-18,11.2,91,13.1,6.3,2025-07-19T00:00:00-05:00,24,22.599999999999998,,unknown,"Open-Meteo ERA5 reanalysis; retrospective, not operational availability"
120605,2025-07-19,13.1,82,5.7,6.4,2025-07-20T00:00:00-05:00,24,27.799999999999997,,unknown,"Open-Meteo ERA5 reanalysis; retrospective, not operational availability"
120605,2025-07-20,14.4,78,0.5,6.9,2025-07-21T00:00:00-05:00,24,27.9,,unknown,"Open-Meteo ERA5 reanalysis; retrospective, not operational availability"
120605,2025-07-21,16.4,76,0.1,7.5,2025-07-22T00:00:00-05:00,24,26.0,,unknown,"Open-Meteo ERA5 reanalysis; retrospective, not operational availability"
120605,2025-07-22,16.0,76,1.7,7.1,2025-07-23T00:00:00-05:00,24,26.799999999999997,,unknown,"Open-Meteo ERA5 reanalysis; retrospective, not operational availability"
120605,2025-07-23,14.7,80,1.2,7.0,2025-07-24T00:00:00-05:00,24,25.9,,unknown,"Open-Meteo ERA5 reanalysis; retrospective, not operational availability"
120605,2025-07-24,14.7,81,1.1,7.3,2025-07-25T00:00:00-05:00,24,23.4,,unknown,"Open-Meteo ERA5 reanalysis; retrospective, not operational availability"
120605,2025-07-25,14.7,81,2.6,6.5,2025-07-26T00:00:00-05:00,24,12.899999999999999,,unknown,"Open-Meteo ERA5 reanalysis; retrospective, not operational availability"
120605,2025-07-26,14.8,83,5.1,7.2,2025-07-27T00:00:00-05:00,24,12.299999999999997,,unknown,"Open-Meteo ERA5 reanalysis; retrospective, not operational availability"
120605,2025-07-27,14.4,87,6.5,7.1,2025-07-28T00:00:00-05:00,24,18.299999999999997,,unknown,"Open-Meteo ERA5 reanalysis; retrospective, not operational availability"
120605,2025-07-28,14.5,86,6.2,6.9,2025-07-29T00:00:00-05:00,24,24.4,,unknown,"Open-Meteo ERA5 reanalysis; retrospective, not operational availability"
120605,2025-07-29,14.5,85,14.1,6.9,2025-07-30T00:00:00-05:00,24,36.8,,unknown,"Open-Meteo ERA5 reanalysis; retrospective, not operational availability"
120605,2025-07-30,14.2,88,6.2,6.9,2025-07-31T00:00:00-05:00,24,41.8,,unknown,"Open-Meteo ERA5 reanalysis; retrospective, not operational availability"
120605,2025-07-31,13.6,87,3.3,6.5,2025-08-01T00:00:00-05:00,24,44.0,,unknown,"Open-Meteo ERA5 reanalysis; retrospective, not operational availability"
120605,2025-08-01,14.6,85,7.6,6.5,2025-08-02T00:00:00-05:00,24,49.0,,unknown,"Open-Meteo ERA5 reanalysis; retrospective, not operational availability"
120605,2025-08-02,15.7,80,2.5,7.1,2025-08-03T00:00:00-05:00,24,46.4,,unknown,"Open-Meteo ERA5 reanalysis; retrospective, not operational availability"
120605,2025-08-03,14.0,83,3.3,7.8,2025-08-04T00:00:00-05:00,24,43.199999999999996,,unknown,"Open-Meteo ERA5 reanalysis; retrospective, not operational availability"
120605,2025-08-04,15.0,81,2.7,8.0,2025-08-05T00:00:00-05:00,24,39.7,,unknown,"Open-Meteo ERA5 reanalysis; retrospective, not operational availability"
120605,2025-08-05,13.2,80,0.6,6.3,2025-08-06T00:00:00-05:00,24,26.2,,unknown,"Open-Meteo ERA5 reanalysis; retrospective, not operational availability"
120605,2025-08-06,15.1,78,0.7,6.4,2025-08-07T00:00:00-05:00,24,20.699999999999996,,unknown,"Open-Meteo ERA5 reanalysis; retrospective, not operational availability"
120605,2025-08-07,16.3,79,0.9,8.0,2025-08-08T00:00:00-05:00,24,18.3,,unknown,"Open-Meteo ERA5 reanalysis; retrospective, not operational availability"
120605,2025-08-08,14.0,80,3.0,6.5,2025-08-09T00:00:00-05:00,24,13.7,,unknown,"Open-Meteo ERA5 reanalysis; retrospective, not operational availability"
120605,2025-08-09,13.7,90,8.3,8.2,2025-08-10T00:00:00-05:00,24,19.5,,unknown,"Open-Meteo ERA5 reanalysis; retrospective, not operational availability"
120605,2025-08-10,13.9,88,4.8,7.3,2025-08-11T00:00:00-05:00,24,21.0,,unknown,"Open-Meteo ERA5 reanalysis; retrospective, not operational availability"
120605,2025-08-11,14.4,88,5.7,8.3,2025-08-12T00:00:00-05:00,24,24.0,,unknown,"Open-Meteo ERA5 reanalysis; retrospective, not operational availability"
120605,2025-08-12,15.1,86,5.6,8.3,2025-08-13T00:00:00-05:00,24,29.0,,unknown,"Open-Meteo ERA5 reanalysis; retrospective, not operational availability"
120605,2025-08-13,15.8,80,3.5,8.8,2025-08-14T00:00:00-05:00,24,31.799999999999997,,unknown,"Open-Meteo ERA5 reanalysis; retrospective, not operational availability"
120605,2025-08-14,14.9,84,6.3,7.2,2025-08-15T00:00:00-05:00,24,37.2,,unknown,"Open-Meteo ERA5 reanalysis; retrospective, not operational availability"
120605,2025-08-15,13.2,87,5.3,8.3,2025-08-16T00:00:00-05:00,24,39.5,,unknown,"Open-Meteo ERA5 reanalysis; retrospective, not operational availability"
120605,2025-08-16,13.7,83,1.5,7.0,2025-08-17T00:00:00-05:00,24,32.7,,unknown,"Open-Meteo ERA5 reanalysis; retrospective, not operational availability"
120605,2025-08-17,15.6,82,3.6,7.4,2025-08-18T00:00:00-05:00,24,31.5,,unknown,"Open-Meteo ERA5 reanalysis; retrospective, not operational availability"
120605,2025-08-18,14.8,82,7.0,6.9,2025-08-19T00:00:00-05:00,24,32.8,,unknown,"Open-Meteo ERA5 reanalysis; retrospective, not operational availability"
120605,2025-08-19,16.3,82,6.3,7.6,2025-08-20T00:00:00-05:00,24,33.5,,unknown,"Open-Meteo ERA5 reanalysis; retrospective, not operational availability"
120605,2025-08-20,15.7,79,2.9,8.1,2025-08-21T00:00:00-05:00,24,32.9,,unknown,"Open-Meteo ERA5 reanalysis; retrospective, not operational availability"
120605,2025-08-21,15.1,82,3.2,7.8,2025-08-22T00:00:00-05:00,24,29.8,,unknown,"Open-Meteo ERA5 reanalysis; retrospective, not operational availability"
120605,2025-08-22,15.3,84,6.3,8.6,2025-08-23T00:00:00-05:00,24,30.799999999999997,,unknown,"Open-Meteo ERA5 reanalysis; retrospective, not operational availability"
120605,2025-08-23,15.0,84,4.9,9.0,2025-08-24T00:00:00-05:00,24,34.2,,unknown,"Open-Meteo ERA5 reanalysis; retrospective, not operational availability"
120605,2025-08-24,15.0,84,6.0,8.4,2025-08-25T00:00:00-05:00,24,36.599999999999994,,unknown,"Open-Meteo ERA5 reanalysis; retrospective, not operational availability"
120605,2025-08-25,13.0,91,7.8,7.8,2025-08-26T00:00:00-05:00,24,37.4,,unknown,"Open-Meteo ERA5 reanalysis; retrospective, not operational availability"
120605,2025-08-26,12.5,90,4.6,7.0,2025-08-27T00:00:00-05:00,24,35.7,,unknown,"Open-Meteo ERA5 reanalysis; retrospective, not operational availability"
120605,2025-08-27,13.9,81,4.1,8.1,2025-08-28T00:00:00-05:00,24,36.9,,unknown,"Open-Meteo ERA5 reanalysis; retrospective, not operational availability"
120605,2025-08-28,15.2,85,4.5,8.0,2025-08-29T00:00:00-05:00,24,38.199999999999996,,unknown,"Open-Meteo ERA5 reanalysis; retrospective, not operational availability"
120605,2025-08-29,15.4,77,1.9,8.2,2025-08-30T00:00:00-05:00,24,33.800000000000004,,unknown,"Open-Meteo ERA5 reanalysis; retrospective, not operational availability"
120605,2025-08-30,17.1,79,11.5,7.3,2025-08-31T00:00:00-05:00,24,40.4,,unknown,"Open-Meteo ERA5 reanalysis; retrospective, not operational availability"
120605,2025-08-31,16.0,80,6.7,6.9,2025-09-01T00:00:00-05:00,24,41.1,,unknown,"Open-Meteo ERA5 reanalysis; retrospective, not operational availability"
120605,2025-09-01,15.5,78,3.5,6.9,2025-09-02T00:00:00-05:00,24,36.800000000000004,,unknown,"Open-Meteo ERA5 reanalysis; retrospective, not operational availability"
120605,2025-09-02,14.8,81,6.0,7.9,2025-09-03T00:00:00-05:00,24,38.2,,unknown,"Open-Meteo ERA5 reanalysis; retrospective, not operational availability"
120605,2025-09-03,14.6,82,7.6,6.2,2025-09-04T00:00:00-05:00,24,41.699999999999996,,unknown,"Open-Meteo ERA5 reanalysis; retrospective, not operational availability"
120605,2025-09-04,15.1,82,4.7,8.8,2025-09-05T00:00:00-05:00,24,41.9,,unknown,"Open-Meteo ERA5 reanalysis; retrospective, not operational availability"
120605,2025-09-05,15.6,81,5.4,8.2,2025-09-06T00:00:00-05:00,24,45.4,,unknown,"Open-Meteo ERA5 reanalysis; retrospective, not operational availability"
120605,2025-09-06,12.2,91,9.6,7.0,2025-09-07T00:00:00-05:00,24,43.5,,unknown,"Open-Meteo ERA5 reanalysis; retrospective, not operational availability"
120605,2025-09-07,14.2,86,8.3,6.5,2025-09-08T00:00:00-05:00,24,45.099999999999994,,unknown,"Open-Meteo ERA5 reanalysis; retrospective, not operational availability"
120605,2025-09-08,14.9,82,3.1,8.0,2025-09-09T00:00:00-05:00,24,44.699999999999996,,unknown,"Open-Meteo ERA5 reanalysis; retrospective, not operational availability"
120605,2025-09-09,16.1,78,0.8,7.1,2025-09-10T00:00:00-05:00,24,39.5,,unknown,"Open-Meteo ERA5 reanalysis; retrospective, not operational availability"
120605,2025-09-10,15.7,80,2.0,6.3,2025-09-11T00:00:00-05:00,24,33.9,,unknown,"Open-Meteo ERA5 reanalysis; retrospective, not operational availability"
120605,2025-09-11,16.2,71,1.3,9.3,2025-09-12T00:00:00-05:00,24,30.5,,unknown,"Open-Meteo ERA5 reanalysis; retrospective, not operational availability"
120605,2025-09-12,15.0,79,3.2,7.5,2025-09-13T00:00:00-05:00,24,28.300000000000004,,unknown,"Open-Meteo ERA5 reanalysis; retrospective, not operational availability"
120605,2025-09-13,17.2,72,2.5,7.6,2025-09-14T00:00:00-05:00,24,21.200000000000003,,unknown,"Open-Meteo ERA5 reanalysis; retrospective, not operational availability"
120605,2025-09-14,16.5,75,3.5,8.2,2025-09-15T00:00:00-05:00,24,16.4,,unknown,"Open-Meteo ERA5 reanalysis; retrospective, not operational availability"
120605,2025-09-15,17.2,73,2.6,8.8,2025-09-16T00:00:00-05:00,24,15.9,,unknown,"Open-Meteo ERA5 reanalysis; retrospective, not operational availability"
120605,2025-09-16,17.7,77,5.0,8.4,2025-09-17T00:00:00-05:00,24,20.1,,unknown,"Open-Meteo ERA5 reanalysis; retrospective, not operational availability"
120605,2025-09-17,16.2,76,5.0,7.7,2025-09-18T00:00:00-05:00,24,23.1,,unknown,"Open-Meteo ERA5 reanalysis; retrospective, not operational availability"
120605,2025-09-18,17.7,76,4.7,7.8,2025-09-19T00:00:00-05:00,24,26.5,,unknown,"Open-Meteo ERA5 reanalysis; retrospective, not operational availability"
120605,2025-09-19,17.7,80,2.9,8.6,2025-09-20T00:00:00-05:00,24,26.2,,unknown,"Open-Meteo ERA5 reanalysis; retrospective, not operational availability"
120605,2025-09-20,18.4,75,1.6,7.0,2025-09-21T00:00:00-05:00,24,25.3,,unknown,"Open-Meteo ERA5 reanalysis; retrospective, not operational availability"
120605,2025-09-21,17.2,77,2.5,7.0,2025-09-22T00:00:00-05:00,24,24.3,,unknown,"Open-Meteo ERA5 reanalysis; retrospective, not operational availability"
120605,2025-09-22,17.3,79,2.2,7.9,2025-09-23T00:00:00-05:00,24,23.9,,unknown,"Open-Meteo ERA5 reanalysis; retrospective, not operational availability"
120605,2025-09-23,16.6,77,3.2,7.9,2025-09-24T00:00:00-05:00,24,22.099999999999998,,unknown,"Open-Meteo ERA5 reanalysis; retrospective, not operational availability"
120605,2025-09-24,15.0,82,8.2,8.1,2025-09-25T00:00:00-05:00,24,25.3,,unknown,"Open-Meteo ERA5 reanalysis; retrospective, not operational availability"
120605,2025-09-25,14.0,82,4.8,9.6,2025-09-26T00:00:00-05:00,24,25.4,,unknown,"Open-Meteo ERA5 reanalysis; retrospective, not operational availability"
120605,2025-09-26,15.2,80,7.2,6.4,2025-09-27T00:00:00-05:00,24,29.7,,unknown,"Open-Meteo ERA5 reanalysis; retrospective, not operational availability"
120605,2025-09-27,16.6,77,3.1,9.5,2025-09-28T00:00:00-05:00,24,31.2,,unknown,"Open-Meteo ERA5 reanalysis; retrospective, not operational availability"
120605,2025-09-28,17.0,76,5.5,7.7,2025-09-29T00:00:00-05:00,24,34.199999999999996,,unknown,"Open-Meteo ERA5 reanalysis; retrospective, not operational availability"
120605,2025-09-29,17.1,74,3.9,7.5,2025-09-30T00:00:00-05:00,24,35.9,,unknown,"Open-Meteo ERA5 reanalysis; retrospective, not operational availability"
120605,2025-09-30,17.2,79,6.1,7.2,2025-10-01T00:00:00-05:00,24,38.8,,unknown,"Open-Meteo ERA5 reanalysis; retrospective, not operational availability"
120605,2025-10-01,15.5,79,9.8,8.5,2025-10-02T00:00:00-05:00,24,40.4,,unknown,"Open-Meteo ERA5 reanalysis; retrospective, not operational availability"
120605,2025-10-02,15.4,83,9.4,7.2,2025-10-03T00:00:00-05:00,24,45.0,,unknown,"Open-Meteo ERA5 reanalysis; retrospective, not operational availability"
120605,2025-10-03,14.9,87,11.6,8.1,2025-10-04T00:00:00-05:00,24,49.4,,unknown,"Open-Meteo ERA5 reanalysis; retrospective, not operational availability"
120605,2025-10-04,18.0,77,5.4,8.3,2025-10-05T00:00:00-05:00,24,51.7,,unknown,"Open-Meteo ERA5 reanalysis; retrospective, not operational availability"
120605,2025-10-05,18.5,79,3.7,8.6,2025-10-06T00:00:00-05:00,24,49.9,,unknown,"Open-Meteo ERA5 reanalysis; retrospective, not operational availability"
120605,2025-10-06,19.4,78,4.1,7.5,2025-10-07T00:00:00-05:00,24,50.1,,unknown,"Open-Meteo ERA5 reanalysis; retrospective, not operational availability"
120605,2025-10-07,17.3,81,5.9,9.0,2025-10-08T00:00:00-05:00,24,49.9,,unknown,"Open-Meteo ERA5 reanalysis; retrospective, not operational availability"
120605,2025-10-08,13.9,87,6.8,8.7,2025-10-09T00:00:00-05:00,24,46.900000000000006,,unknown,"Open-Meteo ERA5 reanalysis; retrospective, not operational availability"
120605,2025-10-09,15.2,87,6.3,7.8,2025-10-10T00:00:00-05:00,24,43.8,,unknown,"Open-Meteo ERA5 reanalysis; retrospective, not operational availability"
120605,2025-10-10,14.8,86,7.5,9.0,2025-10-11T00:00:00-05:00,24,39.7,,unknown,"Open-Meteo ERA5 reanalysis; retrospective, not operational availability"
120605,2025-10-11,18.1,82,6.9,8.0,2025-10-12T00:00:00-05:00,24,41.199999999999996,,unknown,"Open-Meteo ERA5 reanalysis; retrospective, not operational availability"
120605,2025-10-12,17.1,80,8.9,8.7,2025-10-13T00:00:00-05:00,24,46.400000000000006,,unknown,"Open-Meteo ERA5 reanalysis; retrospective, not operational availability"
120605,2025-10-13,17.2,78,6.5,6.4,2025-10-14T00:00:00-05:00,24,48.8,,unknown,"Open-Meteo ERA5 reanalysis; retrospective, not operational availability"
120605,2025-10-14,15.7,81,6.0,7.5,2025-10-15T00:00:00-05:00,24,48.900000000000006,,unknown,"Open-Meteo ERA5 reanalysis; retrospective, not operational availability"
120605,2025-10-15,16.2,82,7.0,8.4,2025-10-16T00:00:00-05:00,24,49.10000000000001,,unknown,"Open-Meteo ERA5 reanalysis; retrospective, not operational availability"
120605,2025-10-16,15.1,84,8.2,7.0,2025-10-17T00:00:00-05:00,24,51.0,,unknown,"Open-Meteo ERA5 reanalysis; retrospective, not operational availability"
120605,2025-10-17,17.1,80,3.8,8.0,2025-10-18T00:00:00-05:00,24,47.3,,unknown,"Open-Meteo ERA5 reanalysis; retrospective, not operational availability"
120605,2025-10-18,16.4,79,4.9,7.6,2025-10-19T00:00:00-05:00,24,45.300000000000004,,unknown,"Open-Meteo ERA5 reanalysis; retrospective, not operational availability"
120605,2025-10-19,16.0,83,6.9,8.3,2025-10-20T00:00:00-05:00,24,43.300000000000004,,unknown,"Open-Meteo ERA5 reanalysis; retrospective, not operational availability"
120605,2025-10-20,16.0,83,7.5,9.0,2025-10-21T00:00:00-05:00,24,44.3,,unknown,"Open-Meteo ERA5 reanalysis; retrospective, not operational availability"
120605,2025-10-21,16.6,82,5.0,8.1,2025-10-22T00:00:00-05:00,24,43.3,,unknown,"Open-Meteo ERA5 reanalysis; retrospective, not operational availability"
120605,2025-10-22,16.9,78,2.5,7.3,2025-10-23T00:00:00-05:00,24,38.8,,unknown,"Open-Meteo ERA5 reanalysis; retrospective, not operational availability"
120605,2025-10-23,17.3,83,4.9,8.2,2025-10-24T00:00:00-05:00,24,35.5,,unknown,"Open-Meteo ERA5 reanalysis; retrospective, not operational availability"
120605,2025-10-24,17.7,79,5.4,8.8,2025-10-25T00:00:00-05:00,24,37.1,,unknown,"Open-Meteo ERA5 reanalysis; retrospective, not operational availability"
120605,2025-10-25,17.6,80,4.5,8.3,2025-10-26T00:00:00-05:00,24,36.7,,unknown,"Open-Meteo ERA5 reanalysis; retrospective, not operational availability"
120605,2025-10-26,17.1,81,4.9,7.2,2025-10-27T00:00:00-05:00,24,34.7,,unknown,"Open-Meteo ERA5 reanalysis; retrospective, not operational availability"
120605,2025-10-27,17.3,85,9.0,10.0,2025-10-28T00:00:00-05:00,24,36.2,,unknown,"Open-Meteo ERA5 reanalysis; retrospective, not operational availability"
120605,2025-10-28,17.8,85,11.1,8.9,2025-10-29T00:00:00-05:00,24,42.3,,unknown,"Open-Meteo ERA5 reanalysis; retrospective, not operational availability"
120605,2025-10-29,17.8,86,16.3,8.1,2025-10-30T00:00:00-05:00,24,56.1,,unknown,"Open-Meteo ERA5 reanalysis; retrospective, not operational availability"
120605,2025-10-30,17.4,86,10.7,9.0,2025-10-31T00:00:00-05:00,24,61.900000000000006,,unknown,"Open-Meteo ERA5 reanalysis; retrospective, not operational availability"
120605,2025-10-31,16.2,85,10.7,10.2,2025-11-01T00:00:00-05:00,24,67.2,,unknown,"Open-Meteo ERA5 reanalysis; retrospective, not operational availability"
120605,2025-11-01,17.2,86,9.2,7.6,2025-11-02T00:00:00-05:00,24,71.9,,unknown,"Open-Meteo ERA5 reanalysis; retrospective, not operational availability"
120605,2025-11-02,17.3,82,6.4,8.0,2025-11-03T00:00:00-05:00,24,73.39999999999999,,unknown,"Open-Meteo ERA5 reanalysis; retrospective, not operational availability"
120605,2025-11-03,17.5,81,6.4,6.5,2025-11-04T00:00:00-05:00,24,70.8,,unknown,"Open-Meteo ERA5 reanalysis; retrospective, not operational availability"
120605,2025-11-04,17.8,82,3.9,6.7,2025-11-05T00:00:00-05:00,24,63.6,,unknown,"Open-Meteo ERA5 reanalysis; retrospective, not operational availability"
120605,2025-11-05,18.1,80,4.7,8.0,2025-11-06T00:00:00-05:00,24,52.0,,unknown,"Open-Meteo ERA5 reanalysis; retrospective, not operational availability"
120605,2025-11-06,18.4,79,4.8,7.8,2025-11-07T00:00:00-05:00,24,46.099999999999994,,unknown,"Open-Meteo ERA5 reanalysis; retrospective, not operational availability"
120605,2025-11-07,18.8,84,11.8,7.5,2025-11-08T00:00:00-05:00,24,47.2,,unknown,"Open-Meteo ERA5 reanalysis; retrospective, not operational availability"
120605,2025-11-08,17.4,81,4.6,8.2,2025-11-09T00:00:00-05:00,24,42.599999999999994,,unknown,"Open-Meteo ERA5 reanalysis; retrospective, not operational availability"
120605,2025-11-09,16.8,83,12.0,8.5,2025-11-10T00:00:00-05:00,24,48.199999999999996,,unknown,"Open-Meteo ERA5 reanalysis; retrospective, not operational availability"
120605,2025-11-10,16.3,86,9.7,5.9,2025-11-11T00:00:00-05:00,24,51.5,,unknown,"Open-Meteo ERA5 reanalysis; retrospective, not operational availability"
120605,2025-11-11,17.2,82,4.7,9.2,2025-11-12T00:00:00-05:00,24,52.3,,unknown,"Open-Meteo ERA5 reanalysis; retrospective, not operational availability"
120605,2025-11-12,17.0,82,8.0,8.7,2025-11-13T00:00:00-05:00,24,55.599999999999994,,unknown,"Open-Meteo ERA5 reanalysis; retrospective, not operational availability"
120605,2025-11-13,18.4,82,9.8,7.3,2025-11-14T00:00:00-05:00,24,60.6,,unknown,"Open-Meteo ERA5 reanalysis; retrospective, not operational availability"
120605,2025-11-14,18.8,78,10.3,8.0,2025-11-15T00:00:00-05:00,24,59.099999999999994,,unknown,"Open-Meteo ERA5 reanalysis; retrospective, not operational availability"
120605,2025-11-15,17.3,86,6.2,7.0,2025-11-16T00:00:00-05:00,24,60.7,,unknown,"Open-Meteo ERA5 reanalysis; retrospective, not operational availability"
120605,2025-11-16,17.3,80,1.2,7.1,2025-11-17T00:00:00-05:00,24,49.900000000000006,,unknown,"Open-Meteo ERA5 reanalysis; retrospective, not operational availability"
120605,2025-11-17,17.3,82,3.7,7.8,2025-11-18T00:00:00-05:00,24,43.9,,unknown,"Open-Meteo ERA5 reanalysis; retrospective, not operational availability"
120605,2025-11-18,17.2,87,10.0,7.9,2025-11-19T00:00:00-05:00,24,49.2,,unknown,"Open-Meteo ERA5 reanalysis; retrospective, not operational availability"
120605,2025-11-19,18.7,82,4.5,7.3,2025-11-20T00:00:00-05:00,24,45.7,,unknown,"Open-Meteo ERA5 reanalysis; retrospective, not operational availability"
120605,2025-11-20,16.6,86,7.0,6.9,2025-11-21T00:00:00-05:00,24,42.900000000000006,,unknown,"Open-Meteo ERA5 reanalysis; retrospective, not operational availability"
120605,2025-11-21,18.2,82,4.4,7.5,2025-11-22T00:00:00-05:00,24,37.00000000000001,,unknown,"Open-Meteo ERA5 reanalysis; retrospective, not operational availability"
120605,2025-11-22,17.7,79,2.7,8.0,2025-11-23T00:00:00-05:00,24,33.5,,unknown,"Open-Meteo ERA5 reanalysis; retrospective, not operational availability"
120605,2025-11-23,16.8,84,8.6,9.0,2025-11-24T00:00:00-05:00,24,40.9,,unknown,"Open-Meteo ERA5 reanalysis; retrospective, not operational availability"
120605,2025-11-24,16.3,86,14.5,7.9,2025-11-25T00:00:00-05:00,24,51.7,,unknown,"Open-Meteo ERA5 reanalysis; retrospective, not operational availability"
120605,2025-11-25,17.2,83,9.1,7.5,2025-11-26T00:00:00-05:00,24,50.800000000000004,,unknown,"Open-Meteo ERA5 reanalysis; retrospective, not operational availability"
120605,2025-11-26,18.1,81,5.3,7.5,2025-11-27T00:00:00-05:00,24,51.599999999999994,,unknown,"Open-Meteo ERA5 reanalysis; retrospective, not operational availability"
120605,2025-11-27,14.5,86,8.2,7.7,2025-11-28T00:00:00-05:00,24,52.8,,unknown,"Open-Meteo ERA5 reanalysis; retrospective, not operational availability"
120605,2025-11-28,17.2,81,8.0,7.7,2025-11-29T00:00:00-05:00,24,56.39999999999999,,unknown,"Open-Meteo ERA5 reanalysis; retrospective, not operational availability"
120605,2025-11-29,18.1,79,7.3,8.7,2025-11-30T00:00:00-05:00,24,61.0,,unknown,"Open-Meteo ERA5 reanalysis; retrospective, not operational availability"
120605,2025-11-30,18.4,81,8.9,8.5,2025-12-01T00:00:00-05:00,24,61.3,,unknown,"Open-Meteo ERA5 reanalysis; retrospective, not operational availability"
120605,2025-12-01,16.7,78,16.2,7.9,2025-12-02T00:00:00-05:00,24,63.0,,unknown,"Open-Meteo ERA5 reanalysis; retrospective, not operational availability"
120605,2025-12-02,18.5,79,10.8,8.3,2025-12-03T00:00:00-05:00,24,64.69999999999999,,unknown,"Open-Meteo ERA5 reanalysis; retrospective, not operational availability"
120605,2025-12-03,16.7,83,12.5,9.1,2025-12-04T00:00:00-05:00,24,71.9,,unknown,"Open-Meteo ERA5 reanalysis; retrospective, not operational availability"
120605,2025-12-04,15.3,88,10.1,7.4,2025-12-05T00:00:00-05:00,24,73.8,,unknown,"Open-Meteo ERA5 reanalysis; retrospective, not operational availability"
120605,2025-12-05,18.2,83,5.9,7.4,2025-12-06T00:00:00-05:00,24,71.69999999999999,,unknown,"Open-Meteo ERA5 reanalysis; retrospective, not operational availability"
120605,2025-12-06,16.3,82,3.2,7.7,2025-12-07T00:00:00-05:00,24,67.6,,unknown,"Open-Meteo ERA5 reanalysis; retrospective, not operational availability"
120605,2025-12-07,19.7,82,11.9,7.9,2025-12-08T00:00:00-05:00,24,70.6,,unknown,"Open-Meteo ERA5 reanalysis; retrospective, not operational availability"
120605,2025-12-08,13.1,92,13.1,4.8,2025-12-09T00:00:00-05:00,24,67.5,,unknown,"Open-Meteo ERA5 reanalysis; retrospective, not operational availability"
120605,2025-12-09,17.2,86,8.4,7.1,2025-12-10T00:00:00-05:00,24,65.1,,unknown,"Open-Meteo ERA5 reanalysis; retrospective, not operational availability"
120605,2025-12-10,15.6,85,12.3,7.6,2025-12-11T00:00:00-05:00,24,64.9,,unknown,"Open-Meteo ERA5 reanalysis; retrospective, not operational availability"
120605,2025-12-11,16.1,88,18.6,6.8,2025-12-12T00:00:00-05:00,24,73.4,,unknown,"Open-Meteo ERA5 reanalysis; retrospective, not operational availability"
120605,2025-12-12,17.1,83,7.1,8.3,2025-12-13T00:00:00-05:00,24,74.6,,unknown,"Open-Meteo ERA5 reanalysis; retrospective, not operational availability"
120605,2025-12-13,18.2,83,7.5,8.5,2025-12-14T00:00:00-05:00,24,78.9,,unknown,"Open-Meteo ERA5 reanalysis; retrospective, not operational availability"
120605,2025-12-14,17.6,81,4.6,6.1,2025-12-15T00:00:00-05:00,24,71.6,,unknown,"Open-Meteo ERA5 reanalysis; retrospective, not operational availability"
120605,2025-12-15,16.9,85,7.4,7.5,2025-12-16T00:00:00-05:00,24,65.9,,unknown,"Open-Meteo ERA5 reanalysis; retrospective, not operational availability"
120605,2025-12-16,15.6,85,4.8,8.7,2025-12-17T00:00:00-05:00,24,62.300000000000004,,unknown,"Open-Meteo ERA5 reanalysis; retrospective, not operational availability"
120605,2025-12-17,15.4,88,8.1,9.2,2025-12-18T00:00:00-05:00,24,58.099999999999994,,unknown,"Open-Meteo ERA5 reanalysis; retrospective, not operational availability"
120605,2025-12-18,16.5,84,10.1,7.3,2025-12-19T00:00:00-05:00,24,49.6,,unknown,"Open-Meteo ERA5 reanalysis; retrospective, not operational availability"
120605,2025-12-19,17.9,81,9.1,8.3,2025-12-20T00:00:00-05:00,24,51.6,,unknown,"Open-Meteo ERA5 reanalysis; retrospective, not operational availability"
120605,2025-12-20,17.0,82,7.7,9.1,2025-12-21T00:00:00-05:00,24,51.800000000000004,,unknown,"Open-Meteo ERA5 reanalysis; retrospective, not operational availability"
120605,2025-12-21,18.0,83,7.8,7.6,2025-12-22T00:00:00-05:00,24,55.0,,unknown,"Open-Meteo ERA5 reanalysis; retrospective, not operational availability"
120605,2025-12-22,17.6,85,12.9,8.2,2025-12-23T00:00:00-05:00,24,60.5,,unknown,"Open-Meteo ERA5 reanalysis; retrospective, not operational availability"
120605,2025-12-23,19.1,84,6.5,8.0,2025-12-24T00:00:00-05:00,24,62.199999999999996,,unknown,"Open-Meteo ERA5 reanalysis; retrospective, not operational availability"
120605,2025-12-24,18.6,85,6.2,8.3,2025-12-25T00:00:00-05:00,24,60.3,,unknown,"Open-Meteo ERA5 reanalysis; retrospective, not operational availability"
120605,2025-12-25,16.5,87,16.6,7.5,2025-12-26T00:00:00-05:00,24,66.80000000000001,,unknown,"Open-Meteo ERA5 reanalysis; retrospective, not operational availability"
120605,2025-12-26,16.9,85,13.1,8.4,2025-12-27T00:00:00-05:00,24,70.8,,unknown,"Open-Meteo ERA5 reanalysis; retrospective, not operational availability"
120605,2025-12-27,13.2,90,14.8,7.2,2025-12-28T00:00:00-05:00,24,77.9,,unknown,"Open-Meteo ERA5 reanalysis; retrospective, not operational availability"
120605,2025-12-28,16.0,83,6.0,8.9,2025-12-29T00:00:00-05:00,24,76.10000000000001,,unknown,"Open-Meteo ERA5 reanalysis; retrospective, not operational availability"
120605,2025-12-29,17.1,81,8.7,8.1,2025-12-30T00:00:00-05:00,24,71.9,,unknown,"Open-Meteo ERA5 reanalysis; retrospective, not operational availability"
120605,2025-12-30,16.3,79,5.4,8.2,2025-12-31T00:00:00-05:00,24,70.80000000000001,,unknown,"Open-Meteo ERA5 reanalysis; retrospective, not operational availability"
120605,2025-12-31,15.5,84,4.0,7.5,2026-01-01T00:00:00-05:00,24,68.6,,unknown,"Open-Meteo ERA5 reanalysis; retrospective, not operational availability"
120606,2025-01-01,23.8,75,0.1,4.9,2025-01-02T00:00:00-05:00,24,,,unknown,"Open-Meteo ERA5 reanalysis; retrospective, not operational availability"
120606,2025-01-02,20.8,89,13.9,4.2,2025-01-03T00:00:00-05:00,24,,,unknown,"Open-Meteo ERA5 reanalysis; retrospective, not operational availability"
120606,2025-01-03,23.4,77,0.3,4.6,2025-01-04T00:00:00-05:00,24,,,unknown,"Open-Meteo ERA5 reanalysis; retrospective, not operational availability"
120606,2025-01-04,26.5,70,4.5,5.5,2025-01-05T00:00:00-05:00,24,,,unknown,"Open-Meteo ERA5 reanalysis; retrospective, not operational availability"
120606,2025-01-05,24.8,72,6.0,6.6,2025-01-06T00:00:00-05:00,24,,,unknown,"Open-Meteo ERA5 reanalysis; retrospective, not operational availability"
120606,2025-01-06,22.8,82,2.4,5.9,2025-01-07T00:00:00-05:00,24,,,unknown,"Open-Meteo ERA5 reanalysis; retrospective, not operational availability"
120606,2025-01-07,23.0,84,6.8,5.9,2025-01-08T00:00:00-05:00,24,34.0,,unknown,"Open-Meteo ERA5 reanalysis; retrospective, not operational availability"
120606,2025-01-08,24.6,81,6.9,4.8,2025-01-09T00:00:00-05:00,24,40.8,,unknown,"Open-Meteo ERA5 reanalysis; retrospective, not operational availability"
120606,2025-01-09,23.0,86,8.0,4.3,2025-01-10T00:00:00-05:00,24,34.9,,unknown,"Open-Meteo ERA5 reanalysis; retrospective, not operational availability"
120606,2025-01-10,24.5,80,0.8,4.6,2025-01-11T00:00:00-05:00,24,35.400000000000006,,unknown,"Open-Meteo ERA5 reanalysis; retrospective, not operational availability"
120606,2025-01-11,23.9,80,0.6,5.9,2025-01-12T00:00:00-05:00,24,31.5,,unknown,"Open-Meteo ERA5 reanalysis; retrospective, not operational availability"
120606,2025-01-12,23.9,77,15.5,5.9,2025-01-13T00:00:00-05:00,24,41.0,,unknown,"Open-Meteo ERA5 reanalysis; retrospective, not operational availability"
120606,2025-01-13,26.1,75,2.9,6.3,2025-01-14T00:00:00-05:00,24,41.5,,unknown,"Open-Meteo ERA5 reanalysis; retrospective, not operational availability"
120606,2025-01-14,26.3,78,1.6,5.6,2025-01-15T00:00:00-05:00,24,36.300000000000004,,unknown,"Open-Meteo ERA5 reanalysis; retrospective, not operational availability"
120606,2025-01-15,27.4,75,1.1,9.0,2025-01-16T00:00:00-05:00,24,30.5,,unknown,"Open-Meteo ERA5 reanalysis; retrospective, not operational availability"
120606,2025-01-16,22.4,87,22.9,5.2,2025-01-17T00:00:00-05:00,24,45.4,,unknown,"Open-Meteo ERA5 reanalysis; retrospective, not operational availability"
120606,2025-01-17,23.6,79,2.6,6.5,2025-01-18T00:00:00-05:00,24,47.2,,unknown,"Open-Meteo ERA5 reanalysis; retrospective, not operational availability"
120606,2025-01-18,26.2,71,0.0,6.0,2025-01-19T00:00:00-05:00,24,46.6,,unknown,"Open-Meteo ERA5 reanalysis; retrospective, not operational availability"
120606,2025-01-19,23.2,74,0.4,5.2,2025-01-20T00:00:00-05:00,24,31.5,,unknown,"Open-Meteo ERA5 reanalysis; retrospective, not operational availability"
120606,2025-01-20,22.7,86,2.3,4.9,2025-01-21T00:00:00-05:00,24,30.900000000000002,,unknown,"Open-Meteo ERA5 reanalysis; retrospective, not operational availability"
120606,2025-01-21,21.3,86,2.6,4.2,2025-01-22T00:00:00-05:00,24,31.9,,unknown,"Open-Meteo ERA5 reanalysis; retrospective, not operational availability"
120606,2025-01-22,22.1,81,1.2,4.2,2025-01-23T00:00:00-05:00,24,32.0,,unknown,"Open-Meteo ERA5 reanalysis; retrospective, not operational availability"
120606,2025-01-23,22.1,75,0.4,5.1,2025-01-24T00:00:00-05:00,24,9.5,,unknown,"Open-Meteo ERA5 reanalysis; retrospective, not operational availability"
120606,2025-01-24,24.7,70,0.0,6.5,2025-01-25T00:00:00-05:00,24,6.9,,unknown,"Open-Meteo ERA5 reanalysis; retrospective, not operational availability"
120606,2025-01-25,25.8,71,0.1,5.9,2025-01-26T00:00:00-05:00,24,7.0,,unknown,"Open-Meteo ERA5 reanalysis; retrospective, not operational availability"
120606,2025-01-26,24.0,80,1.5,5.1,2025-01-27T00:00:00-05:00,24,8.1,,unknown,"Open-Meteo ERA5 reanalysis; retrospective, not operational availability"
120606,2025-01-27,23.1,84,5.5,4.4,2025-01-28T00:00:00-05:00,24,11.3,,unknown,"Open-Meteo ERA5 reanalysis; retrospective, not operational availability"
120606,2025-01-28,22.7,88,12.7,4.8,2025-01-29T00:00:00-05:00,24,21.4,,unknown,"Open-Meteo ERA5 reanalysis; retrospective, not operational availability"
120606,2025-01-29,27.0,72,0.0,5.5,2025-01-30T00:00:00-05:00,24,20.200000000000003,,unknown,"Open-Meteo ERA5 reanalysis; retrospective, not operational availability"
120606,2025-01-30,25.1,80,1.7,6.1,2025-01-31T00:00:00-05:00,24,21.5,,unknown,"Open-Meteo ERA5 reanalysis; retrospective, not operational availability"
120606,2025-01-31,23.5,80,1.2,5.5,2025-02-01T00:00:00-05:00,24,22.7,,unknown,"Open-Meteo ERA5 reanalysis; retrospective, not operational availability"
120606,2025-02-01,22.7,84,6.5,3.9,2025-02-02T00:00:00-05:00,24,29.1,,unknown,"Open-Meteo ERA5 reanalysis; retrospective, not operational availability"
120606,2025-02-02,27.1,71,1.4,7.2,2025-02-03T00:00:00-05:00,24,29.0,,unknown,"Open-Meteo ERA5 reanalysis; retrospective, not operational availability"
120606,2025-02-03,26.8,71,0.4,7.7,2025-02-04T00:00:00-05:00,24,23.900000000000002,,unknown,"Open-Meteo ERA5 reanalysis; retrospective, not operational availability"
120606,2025-02-04,20.7,90,23.1,5.0,2025-02-05T00:00:00-05:00,24,34.300000000000004,,unknown,"Open-Meteo ERA5 reanalysis; retrospective, not operational availability"
120606,2025-02-05,24.7,75,0.3,6.6,2025-02-06T00:00:00-05:00,24,34.6,,unknown,"Open-Meteo ERA5 reanalysis; retrospective, not operational availability"
120606,2025-02-06,25.1,70,0.2,6.4,2025-02-07T00:00:00-05:00,24,33.1,,unknown,"Open-Meteo ERA5 reanalysis; retrospective, not operational availability"
120606,2025-02-07,26.9,71,0.4,7.1,2025-02-08T00:00:00-05:00,24,32.300000000000004,,unknown,"Open-Meteo ERA5 reanalysis; retrospective, not operational availability"
120606,2025-02-08,20.2,91,15.7,4.9,2025-02-09T00:00:00-05:00,24,41.50000000000001,,unknown,"Open-Meteo ERA5 reanalysis; retrospective, not operational availability"
120606,2025-02-09,21.4,88,14.6,5.8,2025-02-10T00:00:00-05:00,24,54.7,,unknown,"Open-Meteo ERA5 reanalysis; retrospective, not operational availability"
120606,2025-02-10,21.4,92,38.9,4.2,2025-02-11T00:00:00-05:00,24,93.2,,unknown,"Open-Meteo ERA5 reanalysis; retrospective, not operational availability"
120606,2025-02-11,24.2,84,1.9,5.6,2025-02-12T00:00:00-05:00,24,72.00000000000001,,unknown,"Open-Meteo ERA5 reanalysis; retrospective, not operational availability"
120606,2025-02-12,19.3,92,57.2,5.8,2025-02-13T00:00:00-05:00,24,128.9,,unknown,"Open-Meteo ERA5 reanalysis; retrospective, not operational availability"
120606,2025-02-13,22.8,83,7.3,5.8,2025-02-14T00:00:00-05:00,24,136.0,,unknown,"Open-Meteo ERA5 reanalysis; retrospective, not operational availability"
120606,2025-02-14,24.1,80,1.8,5.1,2025-02-15T00:00:00-05:00,24,137.4,,unknown,"Open-Meteo ERA5 reanalysis; retrospective, not operational availability"
120606,2025-02-15,22.3,82,4.2,5.5,2025-02-16T00:00:00-05:00,24,125.9,,unknown,"Open-Meteo ERA5 reanalysis; retrospective, not operational availability"
120606,2025-02-16,21.0,89,9.4,4.7,2025-02-17T00:00:00-05:00,24,120.7,,unknown,"Open-Meteo ERA5 reanalysis; retrospective, not operational availability"
120606,2025-02-17,22.3,91,22.6,5.4,2025-02-18T00:00:00-05:00,24,104.40000000000002,,unknown,"Open-Meteo ERA5 reanalysis; retrospective, not operational availability"
120606,2025-02-18,22.0,90,15.1,7.6,2025-02-19T00:00:00-05:00,24,117.60000000000001,,unknown,"Open-Meteo ERA5 reanalysis; retrospective, not operational availability"
120606,2025-02-19,23.5,84,1.5,5.8,2025-02-20T00:00:00-05:00,24,61.900000000000006,,unknown,"Open-Meteo ERA5 reanalysis; retrospective, not operational availability"
120606,2025-02-20,21.4,86,6.6,4.2,2025-02-21T00:00:00-05:00,24,61.20000000000001,,unknown,"Open-Meteo ERA5 reanalysis; retrospective, not operational availability"
120606,2025-02-21,24.4,84,2.3,5.2,2025-02-22T00:00:00-05:00,24,61.7,,unknown,"Open-Meteo ERA5 reanalysis; retrospective, not operational availability"
120606,2025-02-22,23.6,84,19.5,5.2,2025-02-23T00:00:00-05:00,24,77.00000000000001,,unknown,"Open-Meteo ERA5 reanalysis; retrospective, not operational availability"
120606,2025-02-23,22.1,90,20.5,3.4,2025-02-24T00:00:00-05:00,24,88.10000000000001,,unknown,"Open-Meteo ERA5 reanalysis; retrospective, not operational availability"
120606,2025-02-24,26.2,80,0.7,4.9,2025-02-25T00:00:00-05:00,24,66.20000000000002,,unknown,"Open-Meteo ERA5 reanalysis; retrospective, not operational availability"
120606,2025-02-25,24.8,77,0.5,5.1,2025-02-26T00:00:00-05:00,24,51.60000000000001,,unknown,"Open-Meteo ERA5 reanalysis; retrospective, not operational availability"
120606,2025-02-26,21.7,90,22.1,6.0,2025-02-27T00:00:00-05:00,24,72.20000000000002,,unknown,"Open-Meteo ERA5 reanalysis; retrospective, not operational availability"
120606,2025-02-27,25.8,78,0.6,5.8,2025-02-28T00:00:00-05:00,24,66.20000000000002,,unknown,"Open-Meteo ERA5 reanalysis; retrospective, not operational availability"
120606,2025-02-28,23.4,86,6.6,5.4,2025-03-01T00:00:00-05:00,24,70.50000000000001,,unknown,"Open-Meteo ERA5 reanalysis; retrospective, not operational availability"
120606,2025-03-01,21.1,92,17.4,5.4,2025-03-02T00:00:00-05:00,24,68.4,,unknown,"Open-Meteo ERA5 reanalysis; retrospective, not operational availability"
120606,2025-03-02,21.8,88,8.1,5.6,2025-03-03T00:00:00-05:00,24,56.00000000000001,,unknown,"Open-Meteo ERA5 reanalysis; retrospective, not operational availability"
120606,2025-03-03,23.3,86,5.4,6.1,2025-03-04T00:00:00-05:00,24,60.7,,unknown,"Open-Meteo ERA5 reanalysis; retrospective, not operational availability"
120606,2025-03-04,21.8,87,1.3,4.3,2025-03-05T00:00:00-05:00,24,61.50000000000001,,unknown,"Open-Meteo ERA5 reanalysis; retrospective, not operational availability"
120606,2025-03-05,20.4,91,11.1,4.5,2025-03-06T00:00:00-05:00,24,50.50000000000001,,unknown,"Open-Meteo ERA5 reanalysis; retrospective, not operational availability"
120606,2025-03-06,22.3,88,3.0,3.8,2025-03-07T00:00:00-05:00,24,52.900000000000006,,unknown,"Open-Meteo ERA5 reanalysis; retrospective, not operational availability"
120606,2025-03-07,22.0,86,8.5,5.5,2025-03-08T00:00:00-05:00,24,54.80000000000001,,unknown,"Open-Meteo ERA5 reanalysis; retrospective, not operational availability"
120606,2025-03-08,20.5,91,12.5,4.7,2025-03-09T00:00:00-05:00,24,49.900000000000006,,unknown,"Open-Meteo ERA5 reanalysis; retrospective, not operational availability"
120606,2025-03-09,21.5,82,0.4,4.5,2025-03-10T00:00:00-05:00,24,42.20000000000001,,unknown,"Open-Meteo ERA5 reanalysis; retrospective, not operational availability"
120606,2025-03-10,21.9,87,4.4,4.6,2025-03-11T00:00:00-05:00,24,41.20000000000001,,unknown,"Open-Meteo ERA5 reanalysis; retrospective, not operational availability"
120606,2025-03-11,22.9,88,4.5,4.4,2025-03-12T00:00:00-05:00,24,44.400000000000006,,unknown,"Open-Meteo ERA5 reanalysis; retrospective, not operational availability"
120606,2025-03-12,21.9,90,5.6,3.7,2025-03-13T00:00:00-05:00,24,38.900000000000006,,unknown,"Open-Meteo ERA5 reanalysis; retrospective, not operational availability"
120606,2025-03-13,22.1,91,10.7,5.5,2025-03-14T00:00:00-05:00,24,46.60000000000001,,unknown,"Open-Meteo ERA5 reanalysis; retrospective, not operational availability"
120606,2025-03-14,20.5,91,10.1,5.7,2025-03-15T00:00:00-05:00,24,48.2,,unknown,"Open-Meteo ERA5 reanalysis; retrospective, not operational availability"
120606,2025-03-15,21.9,89,15.7,5.9,2025-03-16T00:00:00-05:00,24,51.400000000000006,,unknown,"Open-Meteo ERA5 reanalysis; retrospective, not operational availability"
120606,2025-03-16,19.2,91,18.8,4.3,2025-03-17T00:00:00-05:00,24,69.80000000000001,,unknown,"Open-Meteo ERA5 reanalysis; retrospective, not operational availability"
120606,2025-03-17,23.5,78,0.0,5.0,2025-03-18T00:00:00-05:00,24,65.4,,unknown,"Open-Meteo ERA5 reanalysis; retrospective, not operational availability"
120606,2025-03-18,22.4,82,5.8,4.9,2025-03-19T00:00:00-05:00,24,66.7,,unknown,"Open-Meteo ERA5 reanalysis; retrospective, not operational availability"
120606,2025-03-19,22.7,88,4.7,5.5,2025-03-20T00:00:00-05:00,24,65.80000000000001,,unknown,"Open-Meteo ERA5 reanalysis; retrospective, not operational availability"
120606,2025-03-20,20.5,90,41.0,4.7,2025-03-21T00:00:00-05:00,24,96.1,,unknown,"Open-Meteo ERA5 reanalysis; retrospective, not operational availability"
120606,2025-03-21,22.9,86,2.2,4.1,2025-03-22T00:00:00-05:00,24,88.2,,unknown,"Open-Meteo ERA5 reanalysis; retrospective, not operational availability"
120606,2025-03-22,24.3,81,1.6,5.4,2025-03-23T00:00:00-05:00,24,74.10000000000001,,unknown,"Open-Meteo ERA5 reanalysis; retrospective, not operational availability"
120606,2025-03-23,24.7,78,0.1,6.2,2025-03-24T00:00:00-05:00,24,55.400000000000006,,unknown,"Open-Meteo ERA5 reanalysis; retrospective, not operational availability"
120606,2025-03-24,26.8,77,0.5,4.8,2025-03-25T00:00:00-05:00,24,55.900000000000006,,unknown,"Open-Meteo ERA5 reanalysis; retrospective, not operational availability"
120606,2025-03-25,24.9,81,1.1,5.1,2025-03-26T00:00:00-05:00,24,51.20000000000001,,unknown,"Open-Meteo ERA5 reanalysis; retrospective, not operational availability"
120606,2025-03-26,24.2,82,2.7,5.0,2025-03-27T00:00:00-05:00,24,49.20000000000001,,unknown,"Open-Meteo ERA5 reanalysis; retrospective, not operational availability"
120606,2025-03-27,23.4,82,0.5,6.4,2025-03-28T00:00:00-05:00,24,8.700000000000008,,unknown,"Open-Meteo ERA5 reanalysis; retrospective, not operational availability"
120606,2025-03-28,23.5,81,1.2,5.7,2025-03-29T00:00:00-05:00,24,7.700000000000007,,unknown,"Open-Meteo ERA5 reanalysis; retrospective, not operational availability"
120606,2025-03-29,23.9,78,0.8,4.8,2025-03-30T00:00:00-05:00,24,6.9000000000000075,,unknown,"Open-Meteo ERA5 reanalysis; retrospective, not operational availability"
120606,2025-03-30,24.2,80,1.4,4.6,2025-03-31T00:00:00-05:00,24,8.200000000000006,,unknown,"Open-Meteo ERA5 reanalysis; retrospective, not operational availability"
120606,2025-03-31,22.9,82,1.0,5.1,2025-04-01T00:00:00-05:00,24,8.700000000000006,,unknown,"Open-Meteo ERA5 reanalysis; retrospective, not operational availability"
120606,2025-04-01,23.2,82,1.3,5.2,2025-04-02T00:00:00-05:00,24,8.900000000000007,,unknown,"Open-Meteo ERA5 reanalysis; retrospective, not operational availability"
120606,2025-04-02,19.3,90,16.4,5.2,2025-04-03T00:00:00-05:00,24,22.600000000000005,,unknown,"Open-Meteo ERA5 reanalysis; retrospective, not operational availability"
120606,2025-04-03,23.2,83,9.0,5.6,2025-04-04T00:00:00-05:00,24,31.100000000000005,,unknown,"Open-Meteo ERA5 reanalysis; retrospective, not operational availability"
120606,2025-04-04,23.4,87,4.7,4.2,2025-04-05T00:00:00-05:00,24,34.60000000000001,,unknown,"Open-Meteo ERA5 reanalysis; retrospective, not operational availability"
120606,2025-04-05,20.4,94,25.0,6.3,2025-04-06T00:00:00-05:00,24,58.80000000000001,,unknown,"Open-Meteo ERA5 reanalysis; retrospective, not operational availability"
120606,2025-04-06,23.5,81,1.0,4.6,2025-04-07T00:00:00-05:00,24,58.400000000000006,,unknown,"Open-Meteo ERA5 reanalysis; retrospective, not operational availability"
120606,2025-04-07,24.8,77,0.2,5.8,2025-04-08T00:00:00-05:00,24,57.6,,unknown,"Open-Meteo ERA5 reanalysis; retrospective, not operational availability"
120606,2025-04-08,24.1,81,1.1,6.0,2025-04-09T00:00:00-05:00,24,57.400000000000006,,unknown,"Open-Meteo ERA5 reanalysis; retrospective, not operational availability"
120606,2025-04-09,20.0,92,12.3,5.6,2025-04-10T00:00:00-05:00,24,53.30000000000001,,unknown,"Open-Meteo ERA5 reanalysis; retrospective, not operational availability"
120606,2025-04-10,25.2,76,0.1,6.5,2025-04-11T00:00:00-05:00,24,44.400000000000006,,unknown,"Open-Meteo ERA5 reanalysis; retrospective, not operational availability"
120606,2025-04-11,23.4,81,5.9,4.4,2025-04-12T00:00:00-05:00,24,45.60000000000001,,unknown,"Open-Meteo ERA5 reanalysis; retrospective, not operational availability"
120606,2025-04-12,23.7,82,4.7,6.4,2025-04-13T00:00:00-05:00,24,25.300000000000008,,unknown,"Open-Meteo ERA5 reanalysis; retrospective, not operational availability"
120606,2025-04-13,24.4,78,1.7,4.2,2025-04-14T00:00:00-05:00,24,26.000000000000007,,unknown,"Open-Meteo ERA5 reanalysis; retrospective, not operational availability"
120606,2025-04-14,23.0,81,1.5,4.9,2025-04-15T00:00:00-05:00,24,27.300000000000008,,unknown,"Open-Meteo ERA5 reanalysis; retrospective, not operational availability"
120606,2025-04-15,23.8,78,0.9,6.0,2025-04-16T00:00:00-05:00,24,27.10000000000001,,unknown,"Open-Meteo ERA5 reanalysis; retrospective, not operational availability"
120606,2025-04-16,25.9,76,0.0,5.4,2025-04-17T00:00:00-05:00,24,14.800000000000008,,unknown,"Open-Meteo ERA5 reanalysis; retrospective, not operational availability"
120606,2025-04-17,23.9,78,0.1,5.7,2025-04-18T00:00:00-05:00,24,14.800000000000008,,unknown,"Open-Meteo ERA5 reanalysis; retrospective, not operational availability"
120606,2025-04-18,25.4,79,0.1,4.7,2025-04-19T00:00:00-05:00,24,9.000000000000007,,unknown,"Open-Meteo ERA5 reanalysis; retrospective, not operational availability"
120606,2025-04-19,24.7,80,0.7,6.0,2025-04-20T00:00:00-05:00,24,5.000000000000007,,unknown,"Open-Meteo ERA5 reanalysis; retrospective, not operational availability"
120606,2025-04-20,21.4,91,8.6,4.3,2025-04-21T00:00:00-05:00,24,11.900000000000006,,unknown,"Open-Meteo ERA5 reanalysis; retrospective, not operational availability"
120606,2025-04-21,24.2,81,0.2,5.5,2025-04-22T00:00:00-05:00,24,10.600000000000007,,unknown,"Open-Meteo ERA5 reanalysis; retrospective, not operational availability"
120606,2025-04-22,24.6,78,2.6,5.2,2025-04-23T00:00:00-05:00,24,12.300000000000008,,unknown,"Open-Meteo ERA5 reanalysis; retrospective, not operational availability"
120606,2025-04-23,25.2,77,0.2,6.0,2025-04-24T00:00:00-05:00,24,12.500000000000007,,unknown,"Open-Meteo ERA5 reanalysis; retrospective, not operational availability"
120606,2025-04-24,26.1,75,1.5,5.2,2025-04-25T00:00:00-05:00,24,13.900000000000007,,unknown,"Open-Meteo ERA5 reanalysis; retrospective, not operational availability"
120606,2025-04-25,24.7,77,0.8,5.1,2025-04-26T00:00:00-05:00,24,14.600000000000009,,unknown,"Open-Meteo ERA5 reanalysis; retrospective, not operational availability"
120606,2025-04-26,25.5,77,0.3,5.2,2025-04-27T00:00:00-05:00,24,14.200000000000008,,unknown,"Open-Meteo ERA5 reanalysis; retrospective, not operational availability"
120606,2025-04-27,23.9,78,1.0,5.5,2025-04-28T00:00:00-05:00,24,6.600000000000008,,unknown,"Open-Meteo ERA5 reanalysis; retrospective, not operational availability"
120606,2025-04-28,22.9,83,1.5,4.2,2025-04-29T00:00:00-05:00,24,7.9000000000000075,,unknown,"Open-Meteo ERA5 reanalysis; retrospective, not operational availability"
120606,2025-04-29,23.5,85,2.6,5.7,2025-04-30T00:00:00-05:00,24,7.9000000000000075,,unknown,"Open-Meteo ERA5 reanalysis; retrospective, not operational availability"
120606,2025-04-30,22.4,83,5.1,5.3,2025-05-01T00:00:00-05:00,24,12.800000000000008,,unknown,"Open-Meteo ERA5 reanalysis; retrospective, not operational availability"
120606,2025-05-01,23.7,80,2.2,5.6,2025-05-02T00:00:00-05:00,24,13.500000000000007,,unknown,"Open-Meteo ERA5 reanalysis; retrospective, not operational availability"
120606,2025-05-02,25.2,74,0.0,4.7,2025-05-03T00:00:00-05:00,24,12.700000000000006,,unknown,"Open-Meteo ERA5 reanalysis; retrospective, not operational availability"
120606,2025-05-03,21.2,85,2.3,4.5,2025-05-04T00:00:00-05:00,24,14.700000000000006,,unknown,"Open-Meteo ERA5 reanalysis; retrospective, not operational availability"
120606,2025-05-04,21.8,88,8.0,3.8,2025-05-05T00:00:00-05:00,24,21.700000000000006,,unknown,"Open-Meteo ERA5 reanalysis; retrospective, not operational availability"
120606,2025-05-05,22.0,83,2.2,4.0,2025-05-06T00:00:00-05:00,24,22.400000000000006,,unknown,"Open-Meteo ERA5 reanalysis; retrospective, not operational availability"
120606,2025-05-06,24.9,77,0.0,4.0,2025-05-07T00:00:00-05:00,24,19.800000000000004,,unknown,"Open-Meteo ERA5 reanalysis; retrospective, not operational availability"
120606,2025-05-07,25.3,75,0.5,5.8,2025-05-08T00:00:00-05:00,24,15.200000000000006,,unknown,"Open-Meteo ERA5 reanalysis; retrospective, not operational availability"
120606,2025-05-08,25.6,77,0.7,4.7,2025-05-09T00:00:00-05:00,24,13.700000000000006,,unknown,"Open-Meteo ERA5 reanalysis; retrospective, not operational availability"
120606,2025-05-09,25.3,75,0.3,5.1,2025-05-10T00:00:00-05:00,24,14.000000000000005,,unknown,"Open-Meteo ERA5 reanalysis; retrospective, not operational availability"
120606,2025-05-10,22.1,83,3.7,4.6,2025-05-11T00:00:00-05:00,24,15.400000000000007,,unknown,"Open-Meteo ERA5 reanalysis; retrospective, not operational availability"
120606,2025-05-11,21.6,91,11.1,5.3,2025-05-12T00:00:00-05:00,24,18.500000000000007,,unknown,"Open-Meteo ERA5 reanalysis; retrospective, not operational availability"
120606,2025-05-12,23.7,82,1.3,4.7,2025-05-13T00:00:00-05:00,24,17.60000000000001,,unknown,"Open-Meteo ERA5 reanalysis; retrospective, not operational availability"
120606,2025-05-13,24.0,78,0.0,5.8,2025-05-14T00:00:00-05:00,24,17.60000000000001,,unknown,"Open-Meteo ERA5 reanalysis; retrospective, not operational availability"
120606,2025-05-14,24.5,79,0.4,6.0,2025-05-15T00:00:00-05:00,24,17.500000000000007,,unknown,"Open-Meteo ERA5 reanalysis; retrospective, not operational availability"
120606,2025-05-15,24.4,82,0.1,5.5,2025-05-16T00:00:00-05:00,24,16.90000000000001,,unknown,"Open-Meteo ERA5 reanalysis; retrospective, not operational availability"
120606,2025-05-16,23.7,80,1.1,4.2,2025-05-17T00:00:00-05:00,24,17.700000000000006,,unknown,"Open-Meteo ERA5 reanalysis; retrospective, not operational availability"
120606,2025-05-17,24.5,75,0.1,6.1,2025-05-18T00:00:00-05:00,24,14.100000000000007,,unknown,"Open-Meteo ERA5 reanalysis; retrospective, not operational availability"
120606,2025-05-18,24.4,75,0.2,5.5,2025-05-19T00:00:00-05:00,24,3.2000000000000073,,unknown,"Open-Meteo ERA5 reanalysis; retrospective, not operational availability"
120606,2025-05-19,23.5,79,0.2,5.4,2025-05-20T00:00:00-05:00,24,2.100000000000007,,unknown,"Open-Meteo ERA5 reanalysis; retrospective, not operational availability"
120606,2025-05-20,22.7,86,1.4,5.0,2025-05-21T00:00:00-05:00,24,3.500000000000007,,unknown,"Open-Meteo ERA5 reanalysis; retrospective, not operational availability"
120606,2025-05-21,20.8,92,17.8,5.1,2025-05-22T00:00:00-05:00,24,20.90000000000001,,unknown,"Open-Meteo ERA5 reanalysis; retrospective, not operational availability"
120606,2025-05-22,23.1,84,0.6,5.4,2025-05-23T00:00:00-05:00,24,21.40000000000001,,unknown,"Open-Meteo ERA5 reanalysis; retrospective, not operational availability"
120606,2025-05-23,22.1,88,7.9,4.7,2025-05-24T00:00:00-05:00,24,28.20000000000001,,unknown,"Open-Meteo ERA5 reanalysis; retrospective, not operational availability"
120606,2025-05-24,23.8,81,0.0,5.2,2025-05-25T00:00:00-05:00,24,28.10000000000001,,unknown,"Open-Meteo ERA5 reanalysis; retrospective, not operational availability"
120606,2025-05-25,22.0,83,1.6,5.3,2025-05-26T00:00:00-05:00,24,29.50000000000001,,unknown,"Open-Meteo ERA5 reanalysis; retrospective, not operational availability"
120606,2025-05-26,24.1,78,2.0,6.6,2025-05-27T00:00:00-05:00,24,31.30000000000001,,unknown,"Open-Meteo ERA5 reanalysis; retrospective, not operational availability"
120606,2025-05-27,22.7,80,4.5,4.3,2025-05-28T00:00:00-05:00,24,34.400000000000006,,unknown,"Open-Meteo ERA5 reanalysis; retrospective, not operational availability"
120606,2025-05-28,23.6,82,2.6,6.1,2025-05-29T00:00:00-05:00,24,19.200000000000006,,unknown,"Open-Meteo ERA5 reanalysis; retrospective, not operational availability"
120606,2025-05-29,20.8,85,7.5,9.0,2025-05-30T00:00:00-05:00,24,26.100000000000005,,unknown,"Open-Meteo ERA5 reanalysis; retrospective, not operational availability"
120606,2025-05-30,22.4,81,3.6,5.0,2025-05-31T00:00:00-05:00,24,21.800000000000008,,unknown,"Open-Meteo ERA5 reanalysis; retrospective, not operational availability"
120606,2025-05-31,24.3,74,1.0,7.0,2025-06-01T00:00:00-05:00,24,22.800000000000008,,unknown,"Open-Meteo ERA5 reanalysis; retrospective, not operational availability"
120606,2025-06-01,21.0,86,3.8,6.5,2025-06-02T00:00:00-05:00,24,25.000000000000004,,unknown,"Open-Meteo ERA5 reanalysis; retrospective, not operational availability"
120606,2025-06-02,23.6,78,0.0,5.8,2025-06-03T00:00:00-05:00,24,23.000000000000004,,unknown,"Open-Meteo ERA5 reanalysis; retrospective, not operational availability"
120606,2025-06-03,24.5,75,0.2,5.4,2025-06-04T00:00:00-05:00,24,18.70000000000001,,unknown,"Open-Meteo ERA5 reanalysis; retrospective, not operational availability"
120606,2025-06-04,23.1,78,0.1,7.0,2025-06-05T00:00:00-05:00,24,16.200000000000006,,unknown,"Open-Meteo ERA5 reanalysis; retrospective, not operational availability"
120606,2025-06-05,24.0,74,0.2,4.5,2025-06-06T00:00:00-05:00,24,8.900000000000007,,unknown,"Open-Meteo ERA5 reanalysis; retrospective, not operational availability"
120606,2025-06-06,22.8,78,0.1,5.4,2025-06-07T00:00:00-05:00,24,5.4000000000000075,,unknown,"Open-Meteo ERA5 reanalysis; retrospective, not operational availability"
120606,2025-06-07,24.3,77,1.2,5.2,2025-06-08T00:00:00-05:00,24,5.600000000000008,,unknown,"Open-Meteo ERA5 reanalysis; retrospective, not operational availability"
120606,2025-06-08,24.0,78,0.2,5.3,2025-06-09T00:00:00-05:00,24,2.000000000000007,,unknown,"Open-Meteo ERA5 reanalysis; retrospective, not operational availability"
120606,2025-06-09,24.2,74,0.0,4.5,2025-06-10T00:00:00-05:00,24,2.000000000000007,,unknown,"Open-Meteo ERA5 reanalysis; retrospective, not operational availability"
120606,2025-06-10,20.7,87,5.1,5.5,2025-06-11T00:00:00-05:00,24,6.900000000000007,,unknown,"Open-Meteo ERA5 reanalysis; retrospective, not operational availability"
120606,2025-06-11,21.9,84,1.8,6.2,2025-06-12T00:00:00-05:00,24,8.600000000000007,,unknown,"Open-Meteo ERA5 reanalysis; retrospective, not operational availability"
120606,2025-06-12,22.2,79,0.2,6.8,2025-06-13T00:00:00-05:00,24,8.600000000000007,,unknown,"Open-Meteo ERA5 reanalysis; retrospective, not operational availability"
120606,2025-06-13,22.5,83,1.7,5.7,2025-06-14T00:00:00-05:00,24,10.200000000000006,,unknown,"Open-Meteo ERA5 reanalysis; retrospective, not operational availability"
120606,2025-06-14,22.0,80,0.2,6.6,2025-06-15T00:00:00-05:00,24,9.200000000000006,,unknown,"Open-Meteo ERA5 reanalysis; retrospective, not operational availability"
120606,2025-06-15,18.1,92,17.3,5.4,2025-06-16T00:00:00-05:00,24,26.300000000000004,,unknown,"Open-Meteo ERA5 reanalysis; retrospective, not operational availability"
120606,2025-06-16,19.5,91,2.7,4.7,2025-06-17T00:00:00-05:00,24,29.000000000000007,,unknown,"Open-Meteo ERA5 reanalysis; retrospective, not operational availability"
120606,2025-06-17,19.7,90,0.9,4.0,2025-06-18T00:00:00-05:00,24,24.80000000000001,,unknown,"Open-Meteo ERA5 reanalysis; retrospective, not operational availability"
120606,2025-06-18,21.9,85,0.9,5.3,2025-06-19T00:00:00-05:00,24,23.90000000000001,,unknown,"Open-Meteo ERA5 reanalysis; retrospective, not operational availability"
120606,2025-06-19,22.6,81,0.0,4.6,2025-06-20T00:00:00-05:00,24,23.70000000000001,,unknown,"Open-Meteo ERA5 reanalysis; retrospective, not operational availability"
120606,2025-06-20,23.9,79,0.2,5.7,2025-06-21T00:00:00-05:00,24,22.20000000000001,,unknown,"Open-Meteo ERA5 reanalysis; retrospective, not operational availability"
120606,2025-06-21,23.3,72,0.0,5.8,2025-06-22T00:00:00-05:00,24,22.000000000000007,,unknown,"Open-Meteo ERA5 reanalysis; retrospective, not operational availability"
120606,2025-06-22,23.7,74,0.0,6.9,2025-06-23T00:00:00-05:00,24,4.700000000000007,,unknown,"Open-Meteo ERA5 reanalysis; retrospective, not operational availability"
120606,2025-06-23,24.5,72,0.3,6.0,2025-06-24T00:00:00-05:00,24,2.300000000000007,,unknown,"Open-Meteo ERA5 reanalysis; retrospective, not operational availability"
120606,2025-06-24,24.7,76,1.5,6.4,2025-06-25T00:00:00-05:00,24,2.9000000000000075,,unknown,"Open-Meteo ERA5 reanalysis; retrospective, not operational availability"
120606,2025-06-25,22.0,85,3.2,5.3,2025-06-26T00:00:00-05:00,24,5.200000000000007,,unknown,"Open-Meteo ERA5 reanalysis; retrospective, not operational availability"
120606,2025-06-26,22.0,81,5.2,5.4,2025-06-27T00:00:00-05:00,24,10.400000000000007,,unknown,"Open-Meteo ERA5 reanalysis; retrospective, not operational availability"
120606,2025-06-27,21.7,82,0.7,6.0,2025-06-28T00:00:00-05:00,24,10.900000000000007,,unknown,"Open-Meteo ERA5 reanalysis; retrospective, not operational availability"
120606,2025-06-28,23.4,78,0.5,5.3,2025-06-29T00:00:00-05:00,24,11.400000000000007,,unknown,"Open-Meteo ERA5 reanalysis; retrospective, not operational availability"
120606,2025-06-29,22.3,78,1.5,3.3,2025-06-30T00:00:00-05:00,24,12.900000000000007,,unknown,"Open-Meteo ERA5 reanalysis; retrospective, not operational availability"
120606,2025-06-30,23.0,82,1.1,5.8,2025-07-01T00:00:00-05:00,24,13.700000000000008,,unknown,"Open-Meteo ERA5 reanalysis; retrospective, not operational availability"
120606,2025-07-01,17.3,89,7.5,7.1,2025-07-02T00:00:00-05:00,24,19.700000000000006,,unknown,"Open-Meteo ERA5 reanalysis; retrospective, not operational availability"
120606,2025-07-02,20.2,75,0.0,5.5,2025-07-03T00:00:00-05:00,24,16.500000000000007,,unknown,"Open-Meteo ERA5 reanalysis; retrospective, not operational availability"
120606,2025-07-03,21.2,71,0.1,4.6,2025-07-04T00:00:00-05:00,24,11.400000000000007,,unknown,"Open-Meteo ERA5 reanalysis; retrospective, not operational availability"
120606,2025-07-04,23.7,67,0.0,5.6,2025-07-05T00:00:00-05:00,24,10.700000000000008,,unknown,"Open-Meteo ERA5 reanalysis; retrospective, not operational availability"
120606,2025-07-05,24.1,68,0.0,6.3,2025-07-06T00:00:00-05:00,24,10.200000000000008,,unknown,"Open-Meteo ERA5 reanalysis; retrospective, not operational availability"
120606,2025-07-06,23.2,66,0.0,5.9,2025-07-07T00:00:00-05:00,24,8.700000000000008,,unknown,"Open-Meteo ERA5 reanalysis; retrospective, not operational availability"
120606,2025-07-07,24.1,61,0.0,5.4,2025-07-08T00:00:00-05:00,24,7.600000000000007,,unknown,"Open-Meteo ERA5 reanalysis; retrospective, not operational availability"
120606,2025-07-08,22.6,60,0.0,5.6,2025-07-09T00:00:00-05:00,24,0.10000000000000711,,unknown,"Open-Meteo ERA5 reanalysis; retrospective, not operational availability"
120606,2025-07-09,24.1,62,0.0,6.4,2025-07-10T00:00:00-05:00,24,0.10000000000000711,,unknown,"Open-Meteo ERA5 reanalysis; retrospective, not operational availability"
120606,2025-07-10,23.5,60,0.0,5.1,2025-07-11T00:00:00-05:00,24,0.0,,unknown,"Open-Meteo ERA5 reanalysis; retrospective, not operational availability"
120606,2025-07-11,22.1,62,0.0,5.1,2025-07-12T00:00:00-05:00,24,0.0,,unknown,"Open-Meteo ERA5 reanalysis; retrospective, not operational availability"
120606,2025-07-12,22.3,71,0.0,5.1,2025-07-13T00:00:00-05:00,24,0.0,,unknown,"Open-Meteo ERA5 reanalysis; retrospective, not operational availability"
120606,2025-07-13,22.2,68,0.0,4.7,2025-07-14T00:00:00-05:00,24,0.0,,unknown,"Open-Meteo ERA5 reanalysis; retrospective, not operational availability"
120606,2025-07-14,23.5,61,0.0,4.9,2025-07-15T00:00:00-05:00,24,0.0,,unknown,"Open-Meteo ERA5 reanalysis; retrospective, not operational availability"
120606,2025-07-15,24.1,58,0.0,5.4,2025-07-16T00:00:00-05:00,24,0.0,,unknown,"Open-Meteo ERA5 reanalysis; retrospective, not operational availability"
120606,2025-07-16,24.1,64,0.0,5.0,2025-07-17T00:00:00-05:00,24,0.0,,unknown,"Open-Meteo ERA5 reanalysis; retrospective, not operational availability"
120606,2025-07-17,21.1,72,0.3,6.3,2025-07-18T00:00:00-05:00,24,0.3000000000000071,,unknown,"Open-Meteo ERA5 reanalysis; retrospective, not operational availability"
120606,2025-07-18,17.7,91,9.8,4.2,2025-07-19T00:00:00-05:00,24,10.100000000000009,,unknown,"Open-Meteo ERA5 reanalysis; retrospective, not operational availability"
120606,2025-07-19,22.0,74,1.1,6.8,2025-07-20T00:00:00-05:00,24,11.200000000000008,,unknown,"Open-Meteo ERA5 reanalysis; retrospective, not operational availability"
120606,2025-07-20,23.6,67,0.0,6.7,2025-07-21T00:00:00-05:00,24,11.200000000000008,,unknown,"Open-Meteo ERA5 reanalysis; retrospective, not operational availability"
120606,2025-07-21,25.8,65,0.0,5.1,2025-07-22T00:00:00-05:00,24,11.200000000000008,,unknown,"Open-Meteo ERA5 reanalysis; retrospective, not operational availability"
120606,2025-07-22,26.2,67,0.0,5.2,2025-07-23T00:00:00-05:00,24,11.200000000000008,,unknown,"Open-Meteo ERA5 reanalysis; retrospective, not operational availability"
120606,2025-07-23,23.3,70,0.0,5.2,2025-07-24T00:00:00-05:00,24,11.200000000000008,,unknown,"Open-Meteo ERA5 reanalysis; retrospective, not operational availability"
120606,2025-07-24,24.2,72,0.8,5.0,2025-07-25T00:00:00-05:00,24,11.700000000000008,,unknown,"Open-Meteo ERA5 reanalysis; retrospective, not operational availability"
120606,2025-07-25,25.0,72,0.2,5.1,2025-07-26T00:00:00-05:00,24,2.100000000000007,,unknown,"Open-Meteo ERA5 reanalysis; retrospective, not operational availability"
120606,2025-07-26,24.0,73,0.1,4.8,2025-07-27T00:00:00-05:00,24,1.1000000000000072,,unknown,"Open-Meteo ERA5 reanalysis; retrospective, not operational availability"
120606,2025-07-27,24.2,69,0.0,4.4,2025-07-28T00:00:00-05:00,24,1.1000000000000072,,unknown,"Open-Meteo ERA5 reanalysis; retrospective, not operational availability"
120606,2025-07-28,23.5,69,0.0,5.3,2025-07-29T00:00:00-05:00,24,1.1000000000000072,,unknown,"Open-Meteo ERA5 reanalysis; retrospective, not operational availability"
120606,2025-07-29,23.2,74,2.3,5.4,2025-07-30T00:00:00-05:00,24,3.400000000000007,,unknown,"Open-Meteo ERA5 reanalysis; retrospective, not operational availability"
120606,2025-07-30,22.7,78,2.1,5.3,2025-07-31T00:00:00-05:00,24,5.500000000000007,,unknown,"Open-Meteo ERA5 reanalysis; retrospective, not operational availability"
120606,2025-07-31,22.9,78,4.5,4.9,2025-08-01T00:00:00-05:00,24,9.200000000000006,,unknown,"Open-Meteo ERA5 reanalysis; retrospective, not operational availability"
120606,2025-08-01,24.9,75,3.7,6.5,2025-08-02T00:00:00-05:00,24,12.700000000000006,,unknown,"Open-Meteo ERA5 reanalysis; retrospective, not operational availability"
120606,2025-08-02,24.9,68,3.4,5.9,2025-08-03T00:00:00-05:00,24,16.000000000000007,,unknown,"Open-Meteo ERA5 reanalysis; retrospective, not operational availability"
120606,2025-08-03,23.8,68,0.1,5.5,2025-08-04T00:00:00-05:00,24,16.100000000000005,,unknown,"Open-Meteo ERA5 reanalysis; retrospective, not operational availability"
120606,2025-08-04,25.2,66,0.1,5.1,2025-08-05T00:00:00-05:00,24,16.200000000000006,,unknown,"Open-Meteo ERA5 reanalysis; retrospective, not operational availability"
120606,2025-08-05,19.2,82,2.5,4.6,2025-08-06T00:00:00-05:00,24,16.40000000000001,,unknown,"Open-Meteo ERA5 reanalysis; retrospective, not operational availability"
120606,2025-08-06,24.1,75,0.2,5.5,2025-08-07T00:00:00-05:00,24,14.500000000000007,,unknown,"Open-Meteo ERA5 reanalysis; retrospective, not operational availability"
120606,2025-08-07,25.4,69,0.1,6.3,2025-08-08T00:00:00-05:00,24,10.100000000000007,,unknown,"Open-Meteo ERA5 reanalysis; retrospective, not operational availability"
120606,2025-08-08,22.8,71,1.1,6.3,2025-08-09T00:00:00-05:00,24,7.500000000000007,,unknown,"Open-Meteo ERA5 reanalysis; retrospective, not operational availability"
120606,2025-08-09,21.8,83,9.6,8.0,2025-08-10T00:00:00-05:00,24,13.700000000000006,,unknown,"Open-Meteo ERA5 reanalysis; retrospective, not operational availability"
120606,2025-08-10,23.2,75,0.0,7.1,2025-08-11T00:00:00-05:00,24,13.600000000000007,,unknown,"Open-Meteo ERA5 reanalysis; retrospective, not operational availability"
120606,2025-08-11,24.3,70,0.1,5.2,2025-08-12T00:00:00-05:00,24,13.600000000000007,,unknown,"Open-Meteo ERA5 reanalysis; retrospective, not operational availability"
120606,2025-08-12,23.8,73,0.1,6.7,2025-08-13T00:00:00-05:00,24,11.200000000000006,,unknown,"Open-Meteo ERA5 reanalysis; retrospective, not operational availability"
120606,2025-08-13,25.5,68,0.4,7.3,2025-08-14T00:00:00-05:00,24,11.400000000000006,,unknown,"Open-Meteo ERA5 reanalysis; retrospective, not operational availability"
120606,2025-08-14,22.0,84,6.8,4.2,2025-08-15T00:00:00-05:00,24,18.100000000000005,,unknown,"Open-Meteo ERA5 reanalysis; retrospective, not operational availability"
120606,2025-08-15,20.5,85,2.6,5.6,2025-08-16T00:00:00-05:00,24,19.600000000000005,,unknown,"Open-Meteo ERA5 reanalysis; retrospective, not operational availability"
120606,2025-08-16,22.9,78,0.9,4.8,2025-08-17T00:00:00-05:00,24,10.900000000000007,,unknown,"Open-Meteo ERA5 reanalysis; retrospective, not operational availability"
120606,2025-08-17,24.3,69,0.0,4.8,2025-08-18T00:00:00-05:00,24,10.900000000000007,,unknown,"Open-Meteo ERA5 reanalysis; retrospective, not operational availability"
120606,2025-08-18,23.8,74,0.0,4.9,2025-08-19T00:00:00-05:00,24,10.800000000000008,,unknown,"Open-Meteo ERA5 reanalysis; retrospective, not operational availability"
120606,2025-08-19,25.6,70,0.5,7.3,2025-08-20T00:00:00-05:00,24,11.200000000000008,,unknown,"Open-Meteo ERA5 reanalysis; retrospective, not operational availability"
120606,2025-08-20,25.5,70,2.5,4.3,2025-08-21T00:00:00-05:00,24,13.300000000000008,,unknown,"Open-Meteo ERA5 reanalysis; retrospective, not operational availability"
120606,2025-08-21,24.9,70,0.2,4.6,2025-08-22T00:00:00-05:00,24,6.700000000000007,,unknown,"Open-Meteo ERA5 reanalysis; retrospective, not operational availability"
120606,2025-08-22,25.7,68,0.1,5.1,2025-08-23T00:00:00-05:00,24,4.200000000000006,,unknown,"Open-Meteo ERA5 reanalysis; retrospective, not operational availability"
120606,2025-08-23,24.0,68,1.7,5.1,2025-08-24T00:00:00-05:00,24,5.000000000000007,,unknown,"Open-Meteo ERA5 reanalysis; retrospective, not operational availability"
120606,2025-08-24,24.2,73,0.7,4.2,2025-08-25T00:00:00-05:00,24,5.700000000000007,,unknown,"Open-Meteo ERA5 reanalysis; retrospective, not operational availability"
120606,2025-08-25,20.2,81,6.0,6.0,2025-08-26T00:00:00-05:00,24,11.700000000000006,,unknown,"Open-Meteo ERA5 reanalysis; retrospective, not operational availability"
120606,2025-08-26,22.2,76,0.5,6.2,2025-08-27T00:00:00-05:00,24,11.700000000000006,,unknown,"Open-Meteo ERA5 reanalysis; retrospective, not operational availability"
120606,2025-08-27,24.5,67,0.1,6.1,2025-08-28T00:00:00-05:00,24,9.300000000000008,,unknown,"Open-Meteo ERA5 reanalysis; retrospective, not operational availability"
120606,2025-08-28,23.1,71,0.2,4.9,2025-08-29T00:00:00-05:00,24,9.300000000000008,,unknown,"Open-Meteo ERA5 reanalysis; retrospective, not operational availability"
120606,2025-08-29,25.3,65,0.2,5.5,2025-08-30T00:00:00-05:00,24,9.400000000000007,,unknown,"Open-Meteo ERA5 reanalysis; retrospective, not operational availability"
120606,2025-08-30,26.2,62,0.0,5.4,2025-08-31T00:00:00-05:00,24,7.700000000000007,,unknown,"Open-Meteo ERA5 reanalysis; retrospective, not operational availability"
120606,2025-08-31,27.0,63,0.0,5.4,2025-09-01T00:00:00-05:00,24,7.000000000000007,,unknown,"Open-Meteo ERA5 reanalysis; retrospective, not operational availability"
120606,2025-09-01,27.0,65,0.0,6.9,2025-09-02T00:00:00-05:00,24,1.000000000000007,,unknown,"Open-Meteo ERA5 reanalysis; retrospective, not operational availability"
120606,2025-09-02,25.1,63,1.1,6.1,2025-09-03T00:00:00-05:00,24,1.6000000000000072,,unknown,"Open-Meteo ERA5 reanalysis; retrospective, not operational availability"
120606,2025-09-03,24.7,67,0.6,4.7,2025-09-04T00:00:00-05:00,24,2.100000000000007,,unknown,"Open-Meteo ERA5 reanalysis; retrospective, not operational availability"
120606,2025-09-04,25.3,69,1.6,8.1,2025-09-05T00:00:00-05:00,24,3.500000000000007,,unknown,"Open-Meteo ERA5 reanalysis; retrospective, not operational availability"
120606,2025-09-05,24.4,69,0.2,5.1,2025-09-06T00:00:00-05:00,24,3.500000000000007,,unknown,"Open-Meteo ERA5 reanalysis; retrospective, not operational availability"
120606,2025-09-06,19.0,83,4.3,5.4,2025-09-07T00:00:00-05:00,24,7.800000000000007,,unknown,"Open-Meteo ERA5 reanalysis; retrospective, not operational availability"
120606,2025-09-07,23.6,78,0.2,4.2,2025-09-08T00:00:00-05:00,24,8.000000000000007,,unknown,"Open-Meteo ERA5 reanalysis; retrospective, not operational availability"
120606,2025-09-08,24.5,68,0.2,5.3,2025-09-09T00:00:00-05:00,24,8.200000000000006,,unknown,"Open-Meteo ERA5 reanalysis; retrospective, not operational availability"
120606,2025-09-09,25.9,68,0.0,5.2,2025-09-10T00:00:00-05:00,24,7.100000000000008,,unknown,"Open-Meteo ERA5 reanalysis; retrospective, not operational availability"
120606,2025-09-10,24.2,73,0.0,6.0,2025-09-11T00:00:00-05:00,24,6.500000000000007,,unknown,"Open-Meteo ERA5 reanalysis; retrospective, not operational availability"
120606,2025-09-11,25.7,68,0.0,7.0,2025-09-12T00:00:00-05:00,24,4.9000000000000075,,unknown,"Open-Meteo ERA5 reanalysis; retrospective, not operational availability"
120606,2025-09-12,25.0,59,0.0,6.9,2025-09-13T00:00:00-05:00,24,4.700000000000007,,unknown,"Open-Meteo ERA5 reanalysis; retrospective, not operational availability"
120606,2025-09-13,27.2,59,0.0,5.3,2025-09-14T00:00:00-05:00,24,0.4000000000000071,,unknown,"Open-Meteo ERA5 reanalysis; retrospective, not operational availability"
120606,2025-09-14,26.6,62,0.0,5.5,2025-09-15T00:00:00-05:00,24,0.20000000000000712,,unknown,"Open-Meteo ERA5 reanalysis; retrospective, not operational availability"
120606,2025-09-15,26.6,59,0.2,5.7,2025-09-16T00:00:00-05:00,24,0.20000000000000712,,unknown,"Open-Meteo ERA5 reanalysis; retrospective, not operational availability"
120606,2025-09-16,26.6,57,0.0,6.3,2025-09-17T00:00:00-05:00,24,0.20000000000000712,,unknown,"Open-Meteo ERA5 reanalysis; retrospective, not operational availability"
120606,2025-09-17,26.2,57,0.1,5.2,2025-09-18T00:00:00-05:00,24,0.30000000000000715,,unknown,"Open-Meteo ERA5 reanalysis; retrospective, not operational availability"
120606,2025-09-18,27.0,59,0.1,6.1,2025-09-19T00:00:00-05:00,24,0.4000000000000071,,unknown,"Open-Meteo ERA5 reanalysis; retrospective, not operational availability"
120606,2025-09-19,26.2,63,0.0,6.9,2025-09-20T00:00:00-05:00,24,0.4000000000000071,,unknown,"Open-Meteo ERA5 reanalysis; retrospective, not operational availability"
120606,2025-09-20,28.5,60,0.0,5.5,2025-09-21T00:00:00-05:00,24,0.4000000000000071,,unknown,"Open-Meteo ERA5 reanalysis; retrospective, not operational availability"
120606,2025-09-21,28.7,61,0.1,6.9,2025-09-22T00:00:00-05:00,24,0.5000000000000071,,unknown,"Open-Meteo ERA5 reanalysis; retrospective, not operational availability"
120606,2025-09-22,28.4,56,0.1,6.8,2025-09-23T00:00:00-05:00,24,0.4000000000000071,,unknown,"Open-Meteo ERA5 reanalysis; retrospective, not operational availability"
120606,2025-09-23,23.4,72,0.5,5.9,2025-09-24T00:00:00-05:00,24,0.9000000000000071,,unknown,"Open-Meteo ERA5 reanalysis; retrospective, not operational availability"
120606,2025-09-24,25.2,69,0.5,5.6,2025-09-25T00:00:00-05:00,24,1.3000000000000071,,unknown,"Open-Meteo ERA5 reanalysis; retrospective, not operational availability"
120606,2025-09-25,25.4,72,1.8,5.8,2025-09-26T00:00:00-05:00,24,3.000000000000007,,unknown,"Open-Meteo ERA5 reanalysis; retrospective, not operational availability"
120606,2025-09-26,21.6,87,14.5,4.9,2025-09-27T00:00:00-05:00,24,17.500000000000007,,unknown,"Open-Meteo ERA5 reanalysis; retrospective, not operational availability"
120606,2025-09-27,25.6,69,0.1,6.5,2025-09-28T00:00:00-05:00,24,17.60000000000001,,unknown,"Open-Meteo ERA5 reanalysis; retrospective, not operational availability"
120606,2025-09-28,23.0,78,5.1,5.3,2025-09-29T00:00:00-05:00,24,22.600000000000005,,unknown,"Open-Meteo ERA5 reanalysis; retrospective, not operational availability"
120606,2025-09-29,25.5,68,0.2,6.7,2025-09-30T00:00:00-05:00,24,22.700000000000006,,unknown,"Open-Meteo ERA5 reanalysis; retrospective, not operational availability"
120606,2025-09-30,25.4,69,0.2,5.8,2025-10-01T00:00:00-05:00,24,22.400000000000006,,unknown,"Open-Meteo ERA5 reanalysis; retrospective, not operational availability"
120606,2025-10-01,23.0,78,3.4,6.4,2025-10-02T00:00:00-05:00,24,25.300000000000008,,unknown,"Open-Meteo ERA5 reanalysis; retrospective, not operational availability"
120606,2025-10-02,22.6,83,9.1,5.7,2025-10-03T00:00:00-05:00,24,32.60000000000001,,unknown,"Open-Meteo ERA5 reanalysis; retrospective, not operational availability"
120606,2025-10-03,22.9,82,6.9,4.7,2025-10-04T00:00:00-05:00,24,25.000000000000007,,unknown,"Open-Meteo ERA5 reanalysis; retrospective, not operational availability"
120606,2025-10-04,27.9,68,0.6,5.6,2025-10-05T00:00:00-05:00,24,25.500000000000004,,unknown,"Open-Meteo ERA5 reanalysis; retrospective, not operational availability"
120606,2025-10-05,27.5,66,0.0,4.4,2025-10-06T00:00:00-05:00,24,20.400000000000006,,unknown,"Open-Meteo ERA5 reanalysis; retrospective, not operational availability"
120606,2025-10-06,26.0,64,0.0,4.7,2025-10-07T00:00:00-05:00,24,20.200000000000006,,unknown,"Open-Meteo ERA5 reanalysis; retrospective, not operational availability"
120606,2025-10-07,25.3,72,1.0,5.8,2025-10-08T00:00:00-05:00,24,21.000000000000007,,unknown,"Open-Meteo ERA5 reanalysis; retrospective, not operational availability"
120606,2025-10-08,22.4,81,5.9,7.1,2025-10-09T00:00:00-05:00,24,23.500000000000007,,unknown,"Open-Meteo ERA5 reanalysis; retrospective, not operational availability"
120606,2025-10-09,22.5,80,3.1,5.0,2025-10-10T00:00:00-05:00,24,17.500000000000007,,unknown,"Open-Meteo ERA5 reanalysis; retrospective, not operational availability"
120606,2025-10-10,22.3,79,2.2,4.0,2025-10-11T00:00:00-05:00,24,12.800000000000008,,unknown,"Open-Meteo ERA5 reanalysis; retrospective, not operational availability"
120606,2025-10-11,26.2,73,1.5,4.4,2025-10-12T00:00:00-05:00,24,13.700000000000008,,unknown,"Open-Meteo ERA5 reanalysis; retrospective, not operational availability"
120606,2025-10-12,27.0,67,0.5,7.0,2025-10-13T00:00:00-05:00,24,14.200000000000008,,unknown,"Open-Meteo ERA5 reanalysis; retrospective, not operational availability"
120606,2025-10-13,26.3,63,0.0,6.1,2025-10-14T00:00:00-05:00,24,14.200000000000008,,unknown,"Open-Meteo ERA5 reanalysis; retrospective, not operational availability"
120606,2025-10-14,23.4,76,0.9,7.1,2025-10-15T00:00:00-05:00,24,14.100000000000009,,unknown,"Open-Meteo ERA5 reanalysis; retrospective, not operational availability"
120606,2025-10-15,23.0,76,0.1,5.1,2025-10-16T00:00:00-05:00,24,8.300000000000008,,unknown,"Open-Meteo ERA5 reanalysis; retrospective, not operational availability"
120606,2025-10-16,23.2,78,0.5,5.0,2025-10-17T00:00:00-05:00,24,5.700000000000008,,unknown,"Open-Meteo ERA5 reanalysis; retrospective, not operational availability"
120606,2025-10-17,25.1,73,0.1,5.8,2025-10-18T00:00:00-05:00,24,3.600000000000007,,unknown,"Open-Meteo ERA5 reanalysis; retrospective, not operational availability"
120606,2025-10-18,23.7,77,0.8,5.0,2025-10-19T00:00:00-05:00,24,2.900000000000007,,unknown,"Open-Meteo ERA5 reanalysis; retrospective, not operational availability"
120606,2025-10-19,24.1,79,1.1,5.6,2025-10-20T00:00:00-05:00,24,3.500000000000007,,unknown,"Open-Meteo ERA5 reanalysis; retrospective, not operational availability"
120606,2025-10-20,25.6,71,0.7,6.2,2025-10-21T00:00:00-05:00,24,4.200000000000007,,unknown,"Open-Meteo ERA5 reanalysis; retrospective, not operational availability"
120606,2025-10-21,24.7,68,0.0,6.2,2025-10-22T00:00:00-05:00,24,3.300000000000007,,unknown,"Open-Meteo ERA5 reanalysis; retrospective, not operational availability"
120606,2025-10-22,25.8,68,0.2,5.0,2025-10-23T00:00:00-05:00,24,3.400000000000007,,unknown,"Open-Meteo ERA5 reanalysis; retrospective, not operational availability"
120606,2025-10-23,22.2,84,15.5,6.3,2025-10-24T00:00:00-05:00,24,18.400000000000006,,unknown,"Open-Meteo ERA5 reanalysis; retrospective, not operational availability"
120606,2025-10-24,26.4,69,0.8,5.6,2025-10-25T00:00:00-05:00,24,19.100000000000005,,unknown,"Open-Meteo ERA5 reanalysis; retrospective, not operational availability"
120606,2025-10-25,27.4,68,1.0,5.7,2025-10-26T00:00:00-05:00,24,19.300000000000008,,unknown,"Open-Meteo ERA5 reanalysis; retrospective, not operational availability"
120606,2025-10-26,25.7,70,2.9,5.5,2025-10-27T00:00:00-05:00,24,21.10000000000001,,unknown,"Open-Meteo ERA5 reanalysis; retrospective, not operational availability"
120606,2025-10-27,25.0,74,8.1,6.6,2025-10-28T00:00:00-05:00,24,28.500000000000007,,unknown,"Open-Meteo ERA5 reanalysis; retrospective, not operational availability"
120606,2025-10-28,25.1,78,12.6,8.7,2025-10-29T00:00:00-05:00,24,41.10000000000001,,unknown,"Open-Meteo ERA5 reanalysis; retrospective, not operational availability"
120606,2025-10-29,24.3,80,8.8,6.4,2025-10-30T00:00:00-05:00,24,49.7,,unknown,"Open-Meteo ERA5 reanalysis; retrospective, not operational availability"
120606,2025-10-30,24.7,75,8.8,7.7,2025-10-31T00:00:00-05:00,24,43.00000000000001,,unknown,"Open-Meteo ERA5 reanalysis; retrospective, not operational availability"
120606,2025-10-31,23.8,75,7.3,7.6,2025-11-01T00:00:00-05:00,24,49.50000000000001,,unknown,"Open-Meteo ERA5 reanalysis; retrospective, not operational availability"
120606,2025-11-01,23.9,78,12.1,3.8,2025-11-02T00:00:00-05:00,24,60.60000000000001,,unknown,"Open-Meteo ERA5 reanalysis; retrospective, not operational availability"
120606,2025-11-02,26.2,71,2.3,4.8,2025-11-03T00:00:00-05:00,24,60.00000000000001,,unknown,"Open-Meteo ERA5 reanalysis; retrospective, not operational availability"
120606,2025-11-03,26.9,67,1.4,5.9,2025-11-04T00:00:00-05:00,24,53.30000000000001,,unknown,"Open-Meteo ERA5 reanalysis; retrospective, not operational availability"
120606,2025-11-04,26.0,68,0.4,5.6,2025-11-05T00:00:00-05:00,24,41.10000000000001,,unknown,"Open-Meteo ERA5 reanalysis; retrospective, not operational availability"
120606,2025-11-05,26.0,68,0.8,5.8,2025-11-06T00:00:00-05:00,24,33.10000000000001,,unknown,"Open-Meteo ERA5 reanalysis; retrospective, not operational availability"
120606,2025-11-06,27.3,70,2.1,6.2,2025-11-07T00:00:00-05:00,24,26.400000000000006,,unknown,"Open-Meteo ERA5 reanalysis; retrospective, not operational availability"
120606,2025-11-07,26.9,68,2.9,5.2,2025-11-08T00:00:00-05:00,24,22.000000000000007,,unknown,"Open-Meteo ERA5 reanalysis; retrospective, not operational availability"
120606,2025-11-08,26.4,64,0.2,7.3,2025-11-09T00:00:00-05:00,24,10.100000000000007,,unknown,"Open-Meteo ERA5 reanalysis; retrospective, not operational availability"
120606,2025-11-09,25.9,76,15.9,5.6,2025-11-10T00:00:00-05:00,24,23.700000000000006,,unknown,"Open-Meteo ERA5 reanalysis; retrospective, not operational availability"
120606,2025-11-10,25.3,75,1.7,6.5,2025-11-11T00:00:00-05:00,24,24.00000000000001,,unknown,"Open-Meteo ERA5 reanalysis; retrospective, not operational availability"
120606,2025-11-11,25.9,71,3.1,6.4,2025-11-12T00:00:00-05:00,24,26.700000000000006,,unknown,"Open-Meteo ERA5 reanalysis; retrospective, not operational availability"
120606,2025-11-12,25.4,74,5.6,5.4,2025-11-13T00:00:00-05:00,24,31.500000000000007,,unknown,"Open-Meteo ERA5 reanalysis; retrospective, not operational availability"
120606,2025-11-13,26.2,70,7.1,6.3,2025-11-14T00:00:00-05:00,24,36.50000000000001,,unknown,"Open-Meteo ERA5 reanalysis; retrospective, not operational availability"
120606,2025-11-14,27.7,71,7.7,8.6,2025-11-15T00:00:00-05:00,24,41.30000000000001,,unknown,"Open-Meteo ERA5 reanalysis; retrospective, not operational availability"
120606,2025-11-15,24.7,78,10.8,5.3,2025-11-16T00:00:00-05:00,24,51.900000000000006,,unknown,"Open-Meteo ERA5 reanalysis; retrospective, not operational availability"
120606,2025-11-16,26.9,65,0.0,6.6,2025-11-17T00:00:00-05:00,24,36.00000000000001,,unknown,"Open-Meteo ERA5 reanalysis; retrospective, not operational availability"
120606,2025-11-17,26.5,68,0.7,6.2,2025-11-18T00:00:00-05:00,24,35.00000000000001,,unknown,"Open-Meteo ERA5 reanalysis; retrospective, not operational availability"
120606,2025-11-18,24.8,80,12.5,6.1,2025-11-19T00:00:00-05:00,24,44.400000000000006,,unknown,"Open-Meteo ERA5 reanalysis; retrospective, not operational availability"
120606,2025-11-19,26.3,74,4.5,7.8,2025-11-20T00:00:00-05:00,24,43.300000000000004,,unknown,"Open-Meteo ERA5 reanalysis; retrospective, not operational availability"
120606,2025-11-20,24.1,75,3.6,6.6,2025-11-21T00:00:00-05:00,24,39.800000000000004,,unknown,"Open-Meteo ERA5 reanalysis; retrospective, not operational availability"
120606,2025-11-21,27.4,66,0.5,7.6,2025-11-22T00:00:00-05:00,24,32.60000000000001,,unknown,"Open-Meteo ERA5 reanalysis; retrospective, not operational availability"
120606,2025-11-22,27.4,66,0.1,5.6,2025-11-23T00:00:00-05:00,24,21.900000000000006,,unknown,"Open-Meteo ERA5 reanalysis; retrospective, not operational availability"
120606,2025-11-23,23.9,77,4.4,6.8,2025-11-24T00:00:00-05:00,24,26.300000000000004,,unknown,"Open-Meteo ERA5 reanalysis; retrospective, not operational availability"
120606,2025-11-24,25.2,75,0.7,4.7,2025-11-25T00:00:00-05:00,24,26.300000000000004,,unknown,"Open-Meteo ERA5 reanalysis; retrospective, not operational availability"
120606,2025-11-25,25.5,77,4.3,4.3,2025-11-26T00:00:00-05:00,24,18.10000000000001,,unknown,"Open-Meteo ERA5 reanalysis; retrospective, not operational availability"
120606,2025-11-26,26.3,73,5.0,5.0,2025-11-27T00:00:00-05:00,24,18.60000000000001,,unknown,"Open-Meteo ERA5 reanalysis; retrospective, not operational availability"
120606,2025-11-27,21.3,83,27.6,6.1,2025-11-28T00:00:00-05:00,24,42.60000000000001,,unknown,"Open-Meteo ERA5 reanalysis; retrospective, not operational availability"
120606,2025-11-28,25.2,68,1.1,6.9,2025-11-29T00:00:00-05:00,24,43.20000000000001,,unknown,"Open-Meteo ERA5 reanalysis; retrospective, not operational availability"
120606,2025-11-29,26.9,67,1.9,6.6,2025-11-30T00:00:00-05:00,24,45.00000000000001,,unknown,"Open-Meteo ERA5 reanalysis; retrospective, not operational availability"
120606,2025-11-30,26.1,72,4.6,7.7,2025-12-01T00:00:00-05:00,24,45.20000000000001,,unknown,"Open-Meteo ERA5 reanalysis; retrospective, not operational availability"
120606,2025-12-01,26.1,67,3.9,6.4,2025-12-02T00:00:00-05:00,24,48.400000000000006,,unknown,"Open-Meteo ERA5 reanalysis; retrospective, not operational availability"
120606,2025-12-02,26.7,70,2.9,8.2,2025-12-03T00:00:00-05:00,24,47.00000000000001,,unknown,"Open-Meteo ERA5 reanalysis; retrospective, not operational availability"
120606,2025-12-03,24.9,75,7.2,5.6,2025-12-04T00:00:00-05:00,24,49.20000000000001,,unknown,"Open-Meteo ERA5 reanalysis; retrospective, not operational availability"
120606,2025-12-04,23.6,84,12.2,6.8,2025-12-05T00:00:00-05:00,24,33.800000000000004,,unknown,"Open-Meteo ERA5 reanalysis; retrospective, not operational availability"
120606,2025-12-05,25.9,74,0.7,7.6,2025-12-06T00:00:00-05:00,24,33.400000000000006,,unknown,"Open-Meteo ERA5 reanalysis; retrospective, not operational availability"
120606,2025-12-06,24.4,73,4.0,7.3,2025-12-07T00:00:00-05:00,24,35.50000000000001,,unknown,"Open-Meteo ERA5 reanalysis; retrospective, not operational availability"
120606,2025-12-07,27.3,66,0.0,8.6,2025-12-08T00:00:00-05:00,24,30.900000000000006,,unknown,"Open-Meteo ERA5 reanalysis; retrospective, not operational availability"
120606,2025-12-08,20.2,87,4.5,7.2,2025-12-09T00:00:00-05:00,24,31.500000000000007,,unknown,"Open-Meteo ERA5 reanalysis; retrospective, not operational availability"
120606,2025-12-09,23.2,77,1.4,6.1,2025-12-10T00:00:00-05:00,24,30.000000000000007,,unknown,"Open-Meteo ERA5 reanalysis; retrospective, not operational availability"
120606,2025-12-10,23.0,80,10.9,6.5,2025-12-11T00:00:00-05:00,24,33.7,,unknown,"Open-Meteo ERA5 reanalysis; retrospective, not operational availability"
120606,2025-12-11,23.9,81,13.1,5.6,2025-12-12T00:00:00-05:00,24,34.60000000000001,,unknown,"Open-Meteo ERA5 reanalysis; retrospective, not operational availability"
120606,2025-12-12,25.2,78,11.8,6.3,2025-12-13T00:00:00-05:00,24,45.7,,unknown,"Open-Meteo ERA5 reanalysis; retrospective, not operational availability"
120606,2025-12-13,25.8,73,2.4,6.1,2025-12-14T00:00:00-05:00,24,44.10000000000001,,unknown,"Open-Meteo ERA5 reanalysis; retrospective, not operational availability"
120606,2025-12-14,26.9,72,2.0,7.3,2025-12-15T00:00:00-05:00,24,46.10000000000001,,unknown,"Open-Meteo ERA5 reanalysis; retrospective, not operational availability"
120606,2025-12-15,25.1,73,2.0,6.2,2025-12-16T00:00:00-05:00,24,43.60000000000001,,unknown,"Open-Meteo ERA5 reanalysis; retrospective, not operational availability"
120606,2025-12-16,25.3,73,0.3,8.0,2025-12-17T00:00:00-05:00,24,42.50000000000001,,unknown,"Open-Meteo ERA5 reanalysis; retrospective, not operational availability"
120606,2025-12-17,22.0,82,5.2,7.5,2025-12-18T00:00:00-05:00,24,36.80000000000001,,unknown,"Open-Meteo ERA5 reanalysis; retrospective, not operational availability"
120606,2025-12-18,26.2,64,0.3,5.7,2025-12-19T00:00:00-05:00,24,24.000000000000007,,unknown,"Open-Meteo ERA5 reanalysis; retrospective, not operational availability"
120606,2025-12-19,26.0,67,0.9,6.4,2025-12-20T00:00:00-05:00,24,13.100000000000007,,unknown,"Open-Meteo ERA5 reanalysis; retrospective, not operational availability"
120606,2025-12-20,25.7,70,4.2,5.3,2025-12-21T00:00:00-05:00,24,14.900000000000007,,unknown,"Open-Meteo ERA5 reanalysis; retrospective, not operational availability"
120606,2025-12-21,26.6,68,6.1,6.7,2025-12-22T00:00:00-05:00,24,19.000000000000007,,unknown,"Open-Meteo ERA5 reanalysis; retrospective, not operational availability"
120606,2025-12-22,25.4,73,11.5,7.6,2025-12-23T00:00:00-05:00,24,28.500000000000007,,unknown,"Open-Meteo ERA5 reanalysis; retrospective, not operational availability"
120606,2025-12-23,26.9,69,3.6,7.3,2025-12-24T00:00:00-05:00,24,31.800000000000008,,unknown,"Open-Meteo ERA5 reanalysis; retrospective, not operational availability"
120606,2025-12-24,26.8,70,6.3,8.3,2025-12-25T00:00:00-05:00,24,32.900000000000006,,unknown,"Open-Meteo ERA5 reanalysis; retrospective, not operational availability"
120606,2025-12-25,24.1,79,10.4,6.9,2025-12-26T00:00:00-05:00,24,43.000000000000014,,unknown,"Open-Meteo ERA5 reanalysis; retrospective, not operational availability"
120606,2025-12-26,24.4,77,14.1,6.4,2025-12-27T00:00:00-05:00,24,56.2,,unknown,"Open-Meteo ERA5 reanalysis; retrospective, not operational availability"
120606,2025-12-27,22.7,82,8.9,4.8,2025-12-28T00:00:00-05:00,24,60.900000000000006,,unknown,"Open-Meteo ERA5 reanalysis; retrospective, not operational availability"
120606,2025-12-28,24.6,71,4.3,7.1,2025-12-29T00:00:00-05:00,24,59.10000000000001,,unknown,"Open-Meteo ERA5 reanalysis; retrospective, not operational availability"
120606,2025-12-29,25.5,68,2.1,6.4,2025-12-30T00:00:00-05:00,24,49.70000000000001,,unknown,"Open-Meteo ERA5 reanalysis; retrospective, not operational availability"
120606,2025-12-30,25.7,63,0.0,5.9,2025-12-31T00:00:00-05:00,24,46.10000000000001,,unknown,"Open-Meteo ERA5 reanalysis; retrospective, not operational availability"
120606,2025-12-31,24.4,70,0.3,4.2,2026-01-01T00:00:00-05:00,24,40.10000000000001,,unknown,"Open-Meteo ERA5 reanalysis; retrospective, not operational availability"
120607,2025-01-01,27.3,84,6.5,4.6,2025-01-02T00:00:00-05:00,24,,,unknown,"Open-Meteo ERA5 reanalysis; retrospective, not operational availability"
120607,2025-01-02,25.4,88,29.6,3.8,2025-01-03T00:00:00-05:00,24,,,unknown,"Open-Meteo ERA5 reanalysis; retrospective, not operational availability"
120607,2025-01-03,26.8,87,13.9,5.8,2025-01-04T00:00:00-05:00,24,,,unknown,"Open-Meteo ERA5 reanalysis; retrospective, not operational availability"
120607,2025-01-04,30.9,74,0.3,8.3,2025-01-05T00:00:00-05:00,24,,,unknown,"Open-Meteo ERA5 reanalysis; retrospective, not operational availability"
120607,2025-01-05,28.7,81,2.3,6.8,2025-01-06T00:00:00-05:00,24,,,unknown,"Open-Meteo ERA5 reanalysis; retrospective, not operational availability"
120607,2025-01-06,26.7,88,14.1,6.7,2025-01-07T00:00:00-05:00,24,,,unknown,"Open-Meteo ERA5 reanalysis; retrospective, not operational availability"
120607,2025-01-07,26.2,89,10.3,5.7,2025-01-08T00:00:00-05:00,24,77.0,,unknown,"Open-Meteo ERA5 reanalysis; retrospective, not operational availability"
120607,2025-01-08,27.3,88,21.2,6.0,2025-01-09T00:00:00-05:00,24,91.7,,unknown,"Open-Meteo ERA5 reanalysis; retrospective, not operational availability"
120607,2025-01-09,24.9,90,26.2,5.3,2025-01-10T00:00:00-05:00,24,88.3,,unknown,"Open-Meteo ERA5 reanalysis; retrospective, not operational availability"
120607,2025-01-10,27.6,85,3.5,4.6,2025-01-11T00:00:00-05:00,24,77.89999999999999,,unknown,"Open-Meteo ERA5 reanalysis; retrospective, not operational availability"
120607,2025-01-11,28.2,85,5.2,8.0,2025-01-12T00:00:00-05:00,24,82.8,,unknown,"Open-Meteo ERA5 reanalysis; retrospective, not operational availability"
120607,2025-01-12,29.2,81,3.7,8.1,2025-01-13T00:00:00-05:00,24,84.2,,unknown,"Open-Meteo ERA5 reanalysis; retrospective, not operational availability"
120607,2025-01-13,29.7,83,5.1,8.6,2025-01-14T00:00:00-05:00,24,75.2,,unknown,"Open-Meteo ERA5 reanalysis; retrospective, not operational availability"
120607,2025-01-14,27.6,87,10.2,5.7,2025-01-15T00:00:00-05:00,24,75.1,,unknown,"Open-Meteo ERA5 reanalysis; retrospective, not operational availability"
120607,2025-01-15,30.1,83,11.1,7.2,2025-01-16T00:00:00-05:00,24,65.0,,unknown,"Open-Meteo ERA5 reanalysis; retrospective, not operational availability"
120607,2025-01-16,25.8,87,20.5,6.0,2025-01-17T00:00:00-05:00,24,59.3,,unknown,"Open-Meteo ERA5 reanalysis; retrospective, not operational availability"
120607,2025-01-17,27.3,84,27.9,7.4,2025-01-18T00:00:00-05:00,24,83.69999999999999,,unknown,"Open-Meteo ERA5 reanalysis; retrospective, not operational availability"
120607,2025-01-18,29.3,80,1.5,7.6,2025-01-19T00:00:00-05:00,24,80.0,,unknown,"Open-Meteo ERA5 reanalysis; retrospective, not operational availability"
120607,2025-01-19,27.3,80,1.0,5.9,2025-01-20T00:00:00-05:00,24,77.30000000000001,,unknown,"Open-Meteo ERA5 reanalysis; retrospective, not operational availability"
120607,2025-01-20,25.9,90,16.5,5.8,2025-01-21T00:00:00-05:00,24,88.69999999999999,,unknown,"Open-Meteo ERA5 reanalysis; retrospective, not operational availability"
120607,2025-01-21,24.9,89,9.9,3.2,2025-01-22T00:00:00-05:00,24,88.4,,unknown,"Open-Meteo ERA5 reanalysis; retrospective, not operational availability"
120607,2025-01-22,25.2,86,17.4,5.3,2025-01-23T00:00:00-05:00,24,94.69999999999999,,unknown,"Open-Meteo ERA5 reanalysis; retrospective, not operational availability"
120607,2025-01-23,26.8,82,5.2,5.6,2025-01-24T00:00:00-05:00,24,79.39999999999999,,unknown,"Open-Meteo ERA5 reanalysis; retrospective, not operational availability"
120607,2025-01-24,26.5,81,3.0,7.4,2025-01-25T00:00:00-05:00,24,54.5,,unknown,"Open-Meteo ERA5 reanalysis; retrospective, not operational availability"
120607,2025-01-25,29.5,83,7.5,6.1,2025-01-26T00:00:00-05:00,24,60.5,,unknown,"Open-Meteo ERA5 reanalysis; retrospective, not operational availability"
120607,2025-01-26,29.0,86,8.7,5.8,2025-01-27T00:00:00-05:00,24,68.19999999999999,,unknown,"Open-Meteo ERA5 reanalysis; retrospective, not operational availability"
120607,2025-01-27,27.3,88,13.7,5.1,2025-01-28T00:00:00-05:00,24,65.39999999999999,,unknown,"Open-Meteo ERA5 reanalysis; retrospective, not operational availability"
120607,2025-01-28,29.2,86,15.8,4.8,2025-01-29T00:00:00-05:00,24,71.3,,unknown,"Open-Meteo ERA5 reanalysis; retrospective, not operational availability"
120607,2025-01-29,30.4,80,4.5,6.3,2025-01-30T00:00:00-05:00,24,58.4,,unknown,"Open-Meteo ERA5 reanalysis; retrospective, not operational availability"
120607,2025-01-30,29.9,81,1.0,6.9,2025-01-31T00:00:00-05:00,24,54.199999999999996,,unknown,"Open-Meteo ERA5 reanalysis; retrospective, not operational availability"
120607,2025-01-31,28.1,86,3.3,5.6,2025-02-01T00:00:00-05:00,24,54.49999999999999,,unknown,"Open-Meteo ERA5 reanalysis; retrospective, not operational availability"
120607,2025-02-01,27.2,88,12.7,4.2,2025-02-02T00:00:00-05:00,24,59.699999999999996,,unknown,"Open-Meteo ERA5 reanalysis; retrospective, not operational availability"
120607,2025-02-02,29.3,85,7.7,7.4,2025-02-03T00:00:00-05:00,24,58.7,,unknown,"Open-Meteo ERA5 reanalysis; retrospective, not operational availability"
120607,2025-02-03,30.4,83,2.9,8.3,2025-02-04T00:00:00-05:00,24,47.9,,unknown,"Open-Meteo ERA5 reanalysis; retrospective, not operational availability"
120607,2025-02-04,26.2,91,15.6,5.5,2025-02-05T00:00:00-05:00,24,47.7,,unknown,"Open-Meteo ERA5 reanalysis; retrospective, not operational availability"
120607,2025-02-05,27.2,86,5.0,5.4,2025-02-06T00:00:00-05:00,24,48.2,,unknown,"Open-Meteo ERA5 reanalysis; retrospective, not operational availability"
120607,2025-02-06,29.2,83,5.8,6.0,2025-02-07T00:00:00-05:00,24,53.0,,unknown,"Open-Meteo ERA5 reanalysis; retrospective, not operational availability"
120607,2025-02-07,30.8,79,2.3,7.5,2025-02-08T00:00:00-05:00,24,52.0,,unknown,"Open-Meteo ERA5 reanalysis; retrospective, not operational availability"
120607,2025-02-08,26.0,91,10.3,5.2,2025-02-09T00:00:00-05:00,24,49.6,,unknown,"Open-Meteo ERA5 reanalysis; retrospective, not operational availability"
120607,2025-02-09,27.4,85,7.0,5.2,2025-02-10T00:00:00-05:00,24,48.9,,unknown,"Open-Meteo ERA5 reanalysis; retrospective, not operational availability"
120607,2025-02-10,27.4,90,8.3,5.0,2025-02-11T00:00:00-05:00,24,54.3,,unknown,"Open-Meteo ERA5 reanalysis; retrospective, not operational availability"
120607,2025-02-11,28.9,86,7.1,5.3,2025-02-12T00:00:00-05:00,24,45.800000000000004,,unknown,"Open-Meteo ERA5 reanalysis; retrospective, not operational availability"
120607,2025-02-12,22.6,94,34.3,5.6,2025-02-13T00:00:00-05:00,24,75.1,,unknown,"Open-Meteo ERA5 reanalysis; retrospective, not operational availability"
120607,2025-02-13,27.0,86,3.6,4.1,2025-02-14T00:00:00-05:00,24,72.89999999999999,,unknown,"Open-Meteo ERA5 reanalysis; retrospective, not operational availability"
120607,2025-02-14,29.4,83,1.8,7.4,2025-02-15T00:00:00-05:00,24,72.4,,unknown,"Open-Meteo ERA5 reanalysis; retrospective, not operational availability"
120607,2025-02-15,26.8,89,14.1,6.1,2025-02-16T00:00:00-05:00,24,76.19999999999999,,unknown,"Open-Meteo ERA5 reanalysis; retrospective, not operational availability"
120607,2025-02-16,24.6,91,33.4,4.5,2025-02-17T00:00:00-05:00,24,102.6,,unknown,"Open-Meteo ERA5 reanalysis; retrospective, not operational availability"
120607,2025-02-17,25.7,90,18.3,5.9,2025-02-18T00:00:00-05:00,24,112.6,,unknown,"Open-Meteo ERA5 reanalysis; retrospective, not operational availability"
120607,2025-02-18,24.7,91,19.0,6.5,2025-02-19T00:00:00-05:00,24,124.5,,unknown,"Open-Meteo ERA5 reanalysis; retrospective, not operational availability"
120607,2025-02-19,27.8,85,1.0,6.3,2025-02-20T00:00:00-05:00,24,91.19999999999999,,unknown,"Open-Meteo ERA5 reanalysis; retrospective, not operational availability"
120607,2025-02-20,27.9,85,2.7,7.1,2025-02-21T00:00:00-05:00,24,90.3,,unknown,"Open-Meteo ERA5 reanalysis; retrospective, not operational availability"
120607,2025-02-21,27.2,88,11.0,4.1,2025-02-22T00:00:00-05:00,24,99.5,,unknown,"Open-Meteo ERA5 reanalysis; retrospective, not operational availability"
120607,2025-02-22,27.9,86,21.3,4.4,2025-02-23T00:00:00-05:00,24,106.7,,unknown,"Open-Meteo ERA5 reanalysis; retrospective, not operational availability"
120607,2025-02-23,27.4,88,28.7,4.4,2025-02-24T00:00:00-05:00,24,102.0,,unknown,"Open-Meteo ERA5 reanalysis; retrospective, not operational availability"
120607,2025-02-24,30.7,78,0.9,5.1,2025-02-25T00:00:00-05:00,24,84.60000000000001,,unknown,"Open-Meteo ERA5 reanalysis; retrospective, not operational availability"
120607,2025-02-25,30.8,79,2.1,6.5,2025-02-26T00:00:00-05:00,24,67.7,,unknown,"Open-Meteo ERA5 reanalysis; retrospective, not operational availability"
120607,2025-02-26,28.0,88,7.5,5.0,2025-02-27T00:00:00-05:00,24,74.2,,unknown,"Open-Meteo ERA5 reanalysis; retrospective, not operational availability"
120607,2025-02-27,30.1,81,1.7,5.6,2025-02-28T00:00:00-05:00,24,73.2,,unknown,"Open-Meteo ERA5 reanalysis; retrospective, not operational availability"
120607,2025-02-28,27.8,87,18.9,3.8,2025-03-01T00:00:00-05:00,24,81.1,,unknown,"Open-Meteo ERA5 reanalysis; retrospective, not operational availability"
120607,2025-03-01,24.9,92,25.8,5.1,2025-03-02T00:00:00-05:00,24,85.6,,unknown,"Open-Meteo ERA5 reanalysis; retrospective, not operational availability"
120607,2025-03-02,25.5,92,12.4,6.0,2025-03-03T00:00:00-05:00,24,69.3,,unknown,"Open-Meteo ERA5 reanalysis; retrospective, not operational availability"
120607,2025-03-03,26.0,88,6.6,4.4,2025-03-04T00:00:00-05:00,24,75.0,,unknown,"Open-Meteo ERA5 reanalysis; retrospective, not operational availability"
120607,2025-03-04,26.2,85,5.4,3.6,2025-03-05T00:00:00-05:00,24,78.3,,unknown,"Open-Meteo ERA5 reanalysis; retrospective, not operational availability"
120607,2025-03-05,24.5,91,14.6,4.4,2025-03-06T00:00:00-05:00,24,85.4,,unknown,"Open-Meteo ERA5 reanalysis; retrospective, not operational availability"
120607,2025-03-06,26.3,89,12.2,4.3,2025-03-07T00:00:00-05:00,24,95.89999999999999,,unknown,"Open-Meteo ERA5 reanalysis; retrospective, not operational availability"
120607,2025-03-07,26.1,87,8.1,5.4,2025-03-08T00:00:00-05:00,24,85.10000000000001,,unknown,"Open-Meteo ERA5 reanalysis; retrospective, not operational availability"
120607,2025-03-08,24.0,91,20.1,5.4,2025-03-09T00:00:00-05:00,24,79.4,,unknown,"Open-Meteo ERA5 reanalysis; retrospective, not operational availability"
120607,2025-03-09,26.1,85,4.5,5.8,2025-03-10T00:00:00-05:00,24,71.5,,unknown,"Open-Meteo ERA5 reanalysis; retrospective, not operational availability"
120607,2025-03-10,26.9,90,9.8,5.0,2025-03-11T00:00:00-05:00,24,74.7,,unknown,"Open-Meteo ERA5 reanalysis; retrospective, not operational availability"
120607,2025-03-11,27.0,86,11.3,4.2,2025-03-12T00:00:00-05:00,24,80.6,,unknown,"Open-Meteo ERA5 reanalysis; retrospective, not operational availability"
120607,2025-03-12,26.6,90,12.6,4.5,2025-03-13T00:00:00-05:00,24,78.6,,unknown,"Open-Meteo ERA5 reanalysis; retrospective, not operational availability"
120607,2025-03-13,26.3,92,35.3,3.6,2025-03-14T00:00:00-05:00,24,101.69999999999999,,unknown,"Open-Meteo ERA5 reanalysis; retrospective, not operational availability"
120607,2025-03-14,24.2,92,24.0,5.6,2025-03-15T00:00:00-05:00,24,117.6,,unknown,"Open-Meteo ERA5 reanalysis; retrospective, not operational availability"
120607,2025-03-15,27.1,88,12.2,4.1,2025-03-16T00:00:00-05:00,24,109.7,,unknown,"Open-Meteo ERA5 reanalysis; retrospective, not operational availability"
120607,2025-03-16,26.1,91,6.6,3.4,2025-03-17T00:00:00-05:00,24,111.8,,unknown,"Open-Meteo ERA5 reanalysis; retrospective, not operational availability"
120607,2025-03-17,28.3,80,0.7,3.6,2025-03-18T00:00:00-05:00,24,102.69999999999999,,unknown,"Open-Meteo ERA5 reanalysis; retrospective, not operational availability"
120607,2025-03-18,27.9,86,9.7,4.6,2025-03-19T00:00:00-05:00,24,101.1,,unknown,"Open-Meteo ERA5 reanalysis; retrospective, not operational availability"
120607,2025-03-19,29.1,81,4.2,5.0,2025-03-20T00:00:00-05:00,24,92.7,,unknown,"Open-Meteo ERA5 reanalysis; retrospective, not operational availability"
120607,2025-03-20,27.3,88,9.0,5.1,2025-03-21T00:00:00-05:00,24,66.4,,unknown,"Open-Meteo ERA5 reanalysis; retrospective, not operational availability"
120607,2025-03-21,29.4,82,6.6,4.8,2025-03-22T00:00:00-05:00,24,49.0,,unknown,"Open-Meteo ERA5 reanalysis; retrospective, not operational availability"
120607,2025-03-22,27.7,88,6.9,5.5,2025-03-23T00:00:00-05:00,24,43.699999999999996,,unknown,"Open-Meteo ERA5 reanalysis; retrospective, not operational availability"
120607,2025-03-23,29.5,86,2.6,6.3,2025-03-24T00:00:00-05:00,24,39.7,,unknown,"Open-Meteo ERA5 reanalysis; retrospective, not operational availability"
120607,2025-03-24,31.6,79,2.5,7.2,2025-03-25T00:00:00-05:00,24,41.5,,unknown,"Open-Meteo ERA5 reanalysis; retrospective, not operational availability"
120607,2025-03-25,29.0,84,7.5,6.2,2025-03-26T00:00:00-05:00,24,39.300000000000004,,unknown,"Open-Meteo ERA5 reanalysis; retrospective, not operational availability"
120607,2025-03-26,28.4,86,2.1,5.8,2025-03-27T00:00:00-05:00,24,37.2,,unknown,"Open-Meteo ERA5 reanalysis; retrospective, not operational availability"
120607,2025-03-27,29.4,85,1.4,7.2,2025-03-28T00:00:00-05:00,24,29.6,,unknown,"Open-Meteo ERA5 reanalysis; retrospective, not operational availability"
120607,2025-03-28,28.6,85,6.2,6.4,2025-03-29T00:00:00-05:00,24,29.2,,unknown,"Open-Meteo ERA5 reanalysis; retrospective, not operational availability"
120607,2025-03-29,28.2,84,5.7,5.6,2025-03-30T00:00:00-05:00,24,28.0,,unknown,"Open-Meteo ERA5 reanalysis; retrospective, not operational availability"
120607,2025-03-30,28.1,85,1.3,6.9,2025-03-31T00:00:00-05:00,24,26.7,,unknown,"Open-Meteo ERA5 reanalysis; retrospective, not operational availability"
120607,2025-03-31,26.6,87,3.2,6.5,2025-04-01T00:00:00-05:00,24,27.4,,unknown,"Open-Meteo ERA5 reanalysis; retrospective, not operational availability"
120607,2025-04-01,27.1,85,9.9,5.0,2025-04-02T00:00:00-05:00,24,29.799999999999997,,unknown,"Open-Meteo ERA5 reanalysis; retrospective, not operational availability"
120607,2025-04-02,25.2,90,25.0,2.7,2025-04-03T00:00:00-05:00,24,52.7,,unknown,"Open-Meteo ERA5 reanalysis; retrospective, not operational availability"
120607,2025-04-03,25.7,90,15.0,4.7,2025-04-04T00:00:00-05:00,24,66.3,,unknown,"Open-Meteo ERA5 reanalysis; retrospective, not operational availability"
120607,2025-04-04,28.8,84,8.6,5.1,2025-04-05T00:00:00-05:00,24,68.7,,unknown,"Open-Meteo ERA5 reanalysis; retrospective, not operational availability"
120607,2025-04-05,22.5,91,21.8,8.1,2025-04-06T00:00:00-05:00,24,84.8,,unknown,"Open-Meteo ERA5 reanalysis; retrospective, not operational availability"
120607,2025-04-06,29.0,78,2.0,4.5,2025-04-07T00:00:00-05:00,24,85.5,,unknown,"Open-Meteo ERA5 reanalysis; retrospective, not operational availability"
120607,2025-04-07,29.3,83,3.2,4.6,2025-04-08T00:00:00-05:00,24,85.5,,unknown,"Open-Meteo ERA5 reanalysis; retrospective, not operational availability"
120607,2025-04-08,28.7,87,24.1,4.7,2025-04-09T00:00:00-05:00,24,99.7,,unknown,"Open-Meteo ERA5 reanalysis; retrospective, not operational availability"
120607,2025-04-09,26.6,87,8.0,6.1,2025-04-10T00:00:00-05:00,24,82.69999999999999,,unknown,"Open-Meteo ERA5 reanalysis; retrospective, not operational availability"
120607,2025-04-10,29.4,83,4.7,5.5,2025-04-11T00:00:00-05:00,24,72.39999999999999,,unknown,"Open-Meteo ERA5 reanalysis; retrospective, not operational availability"
120607,2025-04-11,28.5,84,11.0,5.3,2025-04-12T00:00:00-05:00,24,74.8,,unknown,"Open-Meteo ERA5 reanalysis; retrospective, not operational availability"
120607,2025-04-12,28.4,85,11.4,6.6,2025-04-13T00:00:00-05:00,24,64.4,,unknown,"Open-Meteo ERA5 reanalysis; retrospective, not operational availability"
120607,2025-04-13,28.2,84,1.8,5.2,2025-04-14T00:00:00-05:00,24,64.2,,unknown,"Open-Meteo ERA5 reanalysis; retrospective, not operational availability"
120607,2025-04-14,27.1,84,4.6,6.5,2025-04-15T00:00:00-05:00,24,65.6,,unknown,"Open-Meteo ERA5 reanalysis; retrospective, not operational availability"
120607,2025-04-15,28.4,85,0.8,6.2,2025-04-16T00:00:00-05:00,24,42.300000000000004,,unknown,"Open-Meteo ERA5 reanalysis; retrospective, not operational availability"
120607,2025-04-16,29.7,82,0.6,6.1,2025-04-17T00:00:00-05:00,24,34.9,,unknown,"Open-Meteo ERA5 reanalysis; retrospective, not operational availability"
120607,2025-04-17,28.5,85,7.2,6.8,2025-04-18T00:00:00-05:00,24,37.4,,unknown,"Open-Meteo ERA5 reanalysis; retrospective, not operational availability"
120607,2025-04-18,29.8,88,6.8,5.3,2025-04-19T00:00:00-05:00,24,33.2,,unknown,"Open-Meteo ERA5 reanalysis; retrospective, not operational availability"
120607,2025-04-19,29.9,85,3.9,4.4,2025-04-20T00:00:00-05:00,24,25.700000000000003,,unknown,"Open-Meteo ERA5 reanalysis; retrospective, not operational availability"
120607,2025-04-20,27.1,92,9.3,3.8,2025-04-21T00:00:00-05:00,24,33.2,,unknown,"Open-Meteo ERA5 reanalysis; retrospective, not operational availability"
120607,2025-04-21,29.1,85,1.1,5.8,2025-04-22T00:00:00-05:00,24,29.7,,unknown,"Open-Meteo ERA5 reanalysis; retrospective, not operational availability"
120607,2025-04-22,29.1,81,1.7,5.2,2025-04-23T00:00:00-05:00,24,30.599999999999998,,unknown,"Open-Meteo ERA5 reanalysis; retrospective, not operational availability"
120607,2025-04-23,29.4,83,0.9,5.3,2025-04-24T00:00:00-05:00,24,30.900000000000002,,unknown,"Open-Meteo ERA5 reanalysis; retrospective, not operational availability"
120607,2025-04-24,30.8,80,1.6,5.3,2025-04-25T00:00:00-05:00,24,25.3,,unknown,"Open-Meteo ERA5 reanalysis; retrospective, not operational availability"
120607,2025-04-25,29.4,85,2.5,5.6,2025-04-26T00:00:00-05:00,24,21.0,,unknown,"Open-Meteo ERA5 reanalysis; retrospective, not operational availability"
120607,2025-04-26,29.7,86,1.0,6.8,2025-04-27T00:00:00-05:00,24,18.099999999999998,,unknown,"Open-Meteo ERA5 reanalysis; retrospective, not operational availability"
120607,2025-04-27,28.9,87,1.4,4.3,2025-04-28T00:00:00-05:00,24,10.2,,unknown,"Open-Meteo ERA5 reanalysis; retrospective, not operational availability"
120607,2025-04-28,26.5,90,8.2,5.1,2025-04-29T00:00:00-05:00,24,17.299999999999997,,unknown,"Open-Meteo ERA5 reanalysis; retrospective, not operational availability"
120607,2025-04-29,27.7,90,7.5,3.9,2025-04-30T00:00:00-05:00,24,23.099999999999998,,unknown,"Open-Meteo ERA5 reanalysis; retrospective, not operational availability"
120607,2025-04-30,27.4,88,23.6,4.1,2025-05-01T00:00:00-05:00,24,45.8,,unknown,"Open-Meteo ERA5 reanalysis; retrospective, not operational availability"
120607,2025-05-01,27.3,89,7.4,5.0,2025-05-02T00:00:00-05:00,24,51.6,,unknown,"Open-Meteo ERA5 reanalysis; retrospective, not operational availability"
120607,2025-05-02,29.0,87,5.3,4.5,2025-05-03T00:00:00-05:00,24,54.4,,unknown,"Open-Meteo ERA5 reanalysis; retrospective, not operational availability"
120607,2025-05-03,25.1,91,13.6,3.5,2025-05-04T00:00:00-05:00,24,67.0,,unknown,"Open-Meteo ERA5 reanalysis; retrospective, not operational availability"
120607,2025-05-04,27.1,91,12.0,3.5,2025-05-05T00:00:00-05:00,24,77.6,,unknown,"Open-Meteo ERA5 reanalysis; retrospective, not operational availability"
120607,2025-05-05,26.7,88,3.3,4.2,2025-05-06T00:00:00-05:00,24,72.7,,unknown,"Open-Meteo ERA5 reanalysis; retrospective, not operational availability"
120607,2025-05-06,29.4,86,3.2,4.4,2025-05-07T00:00:00-05:00,24,68.4,,unknown,"Open-Meteo ERA5 reanalysis; retrospective, not operational availability"
120607,2025-05-07,29.8,81,0.8,5.5,2025-05-08T00:00:00-05:00,24,45.599999999999994,,unknown,"Open-Meteo ERA5 reanalysis; retrospective, not operational availability"
120607,2025-05-08,30.7,79,1.3,4.9,2025-05-09T00:00:00-05:00,24,39.5,,unknown,"Open-Meteo ERA5 reanalysis; retrospective, not operational availability"
120607,2025-05-09,30.0,82,1.7,5.6,2025-05-10T00:00:00-05:00,24,35.9,,unknown,"Open-Meteo ERA5 reanalysis; retrospective, not operational availability"
120607,2025-05-10,28.0,85,5.5,4.3,2025-05-11T00:00:00-05:00,24,27.8,,unknown,"Open-Meteo ERA5 reanalysis; retrospective, not operational availability"
120607,2025-05-11,26.5,91,15.2,4.1,2025-05-12T00:00:00-05:00,24,31.0,,unknown,"Open-Meteo ERA5 reanalysis; retrospective, not operational availability"
120607,2025-05-12,28.2,81,0.2,4.1,2025-05-13T00:00:00-05:00,24,27.9,,unknown,"Open-Meteo ERA5 reanalysis; retrospective, not operational availability"
120607,2025-05-13,27.5,81,0.6,5.3,2025-05-14T00:00:00-05:00,24,25.3,,unknown,"Open-Meteo ERA5 reanalysis; retrospective, not operational availability"
120607,2025-05-14,28.2,85,1.4,3.9,2025-05-15T00:00:00-05:00,24,25.9,,unknown,"Open-Meteo ERA5 reanalysis; retrospective, not operational availability"
120607,2025-05-15,28.7,83,1.4,4.8,2025-05-16T00:00:00-05:00,24,26.0,,unknown,"Open-Meteo ERA5 reanalysis; retrospective, not operational availability"
120607,2025-05-16,28.5,85,1.0,4.8,2025-05-17T00:00:00-05:00,24,25.3,,unknown,"Open-Meteo ERA5 reanalysis; retrospective, not operational availability"
120607,2025-05-17,29.7,81,0.1,5.3,2025-05-18T00:00:00-05:00,24,19.9,,unknown,"Open-Meteo ERA5 reanalysis; retrospective, not operational availability"
120607,2025-05-18,29.4,82,0.8,5.4,2025-05-19T00:00:00-05:00,24,5.5,,unknown,"Open-Meteo ERA5 reanalysis; retrospective, not operational availability"
120607,2025-05-19,27.9,83,2.2,5.1,2025-05-20T00:00:00-05:00,24,7.5,,unknown,"Open-Meteo ERA5 reanalysis; retrospective, not operational availability"
120607,2025-05-20,27.2,92,6.1,4.7,2025-05-21T00:00:00-05:00,24,13.0,,unknown,"Open-Meteo ERA5 reanalysis; retrospective, not operational availability"
120607,2025-05-21,26.5,94,11.9,3.2,2025-05-22T00:00:00-05:00,24,23.5,,unknown,"Open-Meteo ERA5 reanalysis; retrospective, not operational availability"
120607,2025-05-22,26.8,90,4.0,3.7,2025-05-23T00:00:00-05:00,24,26.1,,unknown,"Open-Meteo ERA5 reanalysis; retrospective, not operational availability"
120607,2025-05-23,26.8,91,9.5,3.4,2025-05-24T00:00:00-05:00,24,34.6,,unknown,"Open-Meteo ERA5 reanalysis; retrospective, not operational availability"
120607,2025-05-24,28.1,84,2.3,4.1,2025-05-25T00:00:00-05:00,24,36.8,,unknown,"Open-Meteo ERA5 reanalysis; retrospective, not operational availability"
120607,2025-05-25,26.2,84,9.8,4.0,2025-05-26T00:00:00-05:00,24,45.800000000000004,,unknown,"Open-Meteo ERA5 reanalysis; retrospective, not operational availability"
120607,2025-05-26,29.3,82,4.0,5.2,2025-05-27T00:00:00-05:00,24,47.6,,unknown,"Open-Meteo ERA5 reanalysis; retrospective, not operational availability"
120607,2025-05-27,27.4,86,3.8,5.3,2025-05-28T00:00:00-05:00,24,45.3,,unknown,"Open-Meteo ERA5 reanalysis; retrospective, not operational availability"
120607,2025-05-28,29.1,85,2.8,5.0,2025-05-29T00:00:00-05:00,24,36.2,,unknown,"Open-Meteo ERA5 reanalysis; retrospective, not operational availability"
120607,2025-05-29,24.2,92,21.7,6.9,2025-05-30T00:00:00-05:00,24,53.9,,unknown,"Open-Meteo ERA5 reanalysis; retrospective, not operational availability"
120607,2025-05-30,27.4,85,2.8,5.0,2025-05-31T00:00:00-05:00,24,47.199999999999996,,unknown,"Open-Meteo ERA5 reanalysis; retrospective, not operational availability"
120607,2025-05-31,27.2,84,1.8,6.8,2025-06-01T00:00:00-05:00,24,46.7,,unknown,"Open-Meteo ERA5 reanalysis; retrospective, not operational availability"
120607,2025-06-01,25.5,92,3.0,4.6,2025-06-02T00:00:00-05:00,24,39.9,,unknown,"Open-Meteo ERA5 reanalysis; retrospective, not operational availability"
120607,2025-06-02,28.1,86,1.5,4.9,2025-06-03T00:00:00-05:00,24,37.4,,unknown,"Open-Meteo ERA5 reanalysis; retrospective, not operational availability"
120607,2025-06-03,29.2,82,0.3,5.2,2025-06-04T00:00:00-05:00,24,33.9,,unknown,"Open-Meteo ERA5 reanalysis; retrospective, not operational availability"
120607,2025-06-04,28.5,82,0.3,4.4,2025-06-05T00:00:00-05:00,24,31.399999999999995,,unknown,"Open-Meteo ERA5 reanalysis; retrospective, not operational availability"
120607,2025-06-05,29.1,81,0.3,5.4,2025-06-06T00:00:00-05:00,24,10.0,,unknown,"Open-Meteo ERA5 reanalysis; retrospective, not operational availability"
120607,2025-06-06,26.3,84,0.6,4.4,2025-06-07T00:00:00-05:00,24,7.8,,unknown,"Open-Meteo ERA5 reanalysis; retrospective, not operational availability"
120607,2025-06-07,28.5,85,0.8,5.8,2025-06-08T00:00:00-05:00,24,6.8,,unknown,"Open-Meteo ERA5 reanalysis; retrospective, not operational availability"
120607,2025-06-08,29.0,86,0.7,5.6,2025-06-09T00:00:00-05:00,24,4.5,,unknown,"Open-Meteo ERA5 reanalysis; retrospective, not operational availability"
120607,2025-06-09,29.1,80,0.7,6.0,2025-06-10T00:00:00-05:00,24,3.7,,unknown,"Open-Meteo ERA5 reanalysis; retrospective, not operational availability"
120607,2025-06-10,25.4,90,6.1,5.7,2025-06-11T00:00:00-05:00,24,9.5,,unknown,"Open-Meteo ERA5 reanalysis; retrospective, not operational availability"
120607,2025-06-11,24.4,92,8.0,4.7,2025-06-12T00:00:00-05:00,24,17.2,,unknown,"Open-Meteo ERA5 reanalysis; retrospective, not operational availability"
120607,2025-06-12,24.5,91,5.3,6.1,2025-06-13T00:00:00-05:00,24,22.2,,unknown,"Open-Meteo ERA5 reanalysis; retrospective, not operational availability"
120607,2025-06-13,25.8,89,0.5,6.0,2025-06-14T00:00:00-05:00,24,22.1,,unknown,"Open-Meteo ERA5 reanalysis; retrospective, not operational availability"
120607,2025-06-14,25.4,91,5.1,4.9,2025-06-15T00:00:00-05:00,24,26.4,,unknown,"Open-Meteo ERA5 reanalysis; retrospective, not operational availability"
120607,2025-06-15,23.3,94,43.2,4.7,2025-06-16T00:00:00-05:00,24,68.9,,unknown,"Open-Meteo ERA5 reanalysis; retrospective, not operational availability"
120607,2025-06-16,23.4,94,13.7,3.6,2025-06-17T00:00:00-05:00,24,81.9,,unknown,"Open-Meteo ERA5 reanalysis; retrospective, not operational availability"
120607,2025-06-17,24.1,95,4.0,3.1,2025-06-18T00:00:00-05:00,24,79.80000000000001,,unknown,"Open-Meteo ERA5 reanalysis; retrospective, not operational availability"
120607,2025-06-18,26.5,93,4.9,5.2,2025-06-19T00:00:00-05:00,24,76.7,,unknown,"Open-Meteo ERA5 reanalysis; retrospective, not operational availability"
120607,2025-06-19,26.6,88,0.3,4.3,2025-06-20T00:00:00-05:00,24,71.70000000000002,,unknown,"Open-Meteo ERA5 reanalysis; retrospective, not operational availability"
120607,2025-06-20,27.6,83,0.9,4.9,2025-06-21T00:00:00-05:00,24,72.10000000000001,,unknown,"Open-Meteo ERA5 reanalysis; retrospective, not operational availability"
120607,2025-06-21,27.7,82,0.0,5.5,2025-06-22T00:00:00-05:00,24,67.0,,unknown,"Open-Meteo ERA5 reanalysis; retrospective, not operational availability"
120607,2025-06-22,27.1,85,0.6,7.2,2025-06-23T00:00:00-05:00,24,24.4,,unknown,"Open-Meteo ERA5 reanalysis; retrospective, not operational availability"
120607,2025-06-23,28.0,83,0.9,5.2,2025-06-24T00:00:00-05:00,24,11.6,,unknown,"Open-Meteo ERA5 reanalysis; retrospective, not operational availability"
120607,2025-06-24,28.7,82,4.6,4.3,2025-06-25T00:00:00-05:00,24,12.2,,unknown,"Open-Meteo ERA5 reanalysis; retrospective, not operational availability"
120607,2025-06-25,25.4,92,9.5,5.9,2025-06-26T00:00:00-05:00,24,16.799999999999997,,unknown,"Open-Meteo ERA5 reanalysis; retrospective, not operational availability"
120607,2025-06-26,25.5,91,8.2,5.1,2025-06-27T00:00:00-05:00,24,24.699999999999996,,unknown,"Open-Meteo ERA5 reanalysis; retrospective, not operational availability"
120607,2025-06-27,25.6,91,5.1,4.1,2025-06-28T00:00:00-05:00,24,28.9,,unknown,"Open-Meteo ERA5 reanalysis; retrospective, not operational availability"
120607,2025-06-28,27.1,88,2.9,5.6,2025-06-29T00:00:00-05:00,24,31.799999999999997,,unknown,"Open-Meteo ERA5 reanalysis; retrospective, not operational availability"
120607,2025-06-29,27.5,89,1.9,4.5,2025-06-30T00:00:00-05:00,24,33.099999999999994,,unknown,"Open-Meteo ERA5 reanalysis; retrospective, not operational availability"
120607,2025-06-30,26.9,89,5.4,5.0,2025-07-01T00:00:00-05:00,24,37.6,,unknown,"Open-Meteo ERA5 reanalysis; retrospective, not operational availability"
120607,2025-07-01,21.6,92,38.3,5.4,2025-07-02T00:00:00-05:00,24,71.3,,unknown,"Open-Meteo ERA5 reanalysis; retrospective, not operational availability"
120607,2025-07-02,23.5,86,0.8,5.3,2025-07-03T00:00:00-05:00,24,62.599999999999994,,unknown,"Open-Meteo ERA5 reanalysis; retrospective, not operational availability"
120607,2025-07-03,24.9,83,0.9,4.8,2025-07-04T00:00:00-05:00,24,55.3,,unknown,"Open-Meteo ERA5 reanalysis; retrospective, not operational availability"
120607,2025-07-04,27.1,80,0.0,5.1,2025-07-05T00:00:00-05:00,24,50.2,,unknown,"Open-Meteo ERA5 reanalysis; retrospective, not operational availability"
120607,2025-07-05,27.4,76,0.0,5.8,2025-07-06T00:00:00-05:00,24,47.300000000000004,,unknown,"Open-Meteo ERA5 reanalysis; retrospective, not operational availability"
120607,2025-07-06,27.1,79,0.0,5.4,2025-07-07T00:00:00-05:00,24,45.4,,unknown,"Open-Meteo ERA5 reanalysis; retrospective, not operational availability"
120607,2025-07-07,27.8,76,0.0,5.0,2025-07-08T00:00:00-05:00,24,40.0,,unknown,"Open-Meteo ERA5 reanalysis; retrospective, not operational availability"
120607,2025-07-08,26.7,75,0.0,3.6,2025-07-09T00:00:00-05:00,24,1.7000000000000002,,unknown,"Open-Meteo ERA5 reanalysis; retrospective, not operational availability"
120607,2025-07-09,28.1,72,0.0,5.3,2025-07-10T00:00:00-05:00,24,0.9,,unknown,"Open-Meteo ERA5 reanalysis; retrospective, not operational availability"
120607,2025-07-10,28.0,75,0.0,5.0,2025-07-11T00:00:00-05:00,24,0.0,,unknown,"Open-Meteo ERA5 reanalysis; retrospective, not operational availability"
120607,2025-07-11,27.3,77,0.0,3.2,2025-07-12T00:00:00-05:00,24,0.0,,unknown,"Open-Meteo ERA5 reanalysis; retrospective, not operational availability"
120607,2025-07-12,27.2,77,0.6,4.3,2025-07-13T00:00:00-05:00,24,0.6,,unknown,"Open-Meteo ERA5 reanalysis; retrospective, not operational availability"
120607,2025-07-13,26.7,80,0.1,4.2,2025-07-14T00:00:00-05:00,24,0.7,,unknown,"Open-Meteo ERA5 reanalysis; retrospective, not operational availability"
120607,2025-07-14,27.3,79,0.2,3.6,2025-07-15T00:00:00-05:00,24,0.9,,unknown,"Open-Meteo ERA5 reanalysis; retrospective, not operational availability"
120607,2025-07-15,27.3,80,2.3,4.6,2025-07-16T00:00:00-05:00,24,3.1999999999999997,,unknown,"Open-Meteo ERA5 reanalysis; retrospective, not operational availability"
120607,2025-07-16,28.5,79,0.6,5.0,2025-07-17T00:00:00-05:00,24,3.8,,unknown,"Open-Meteo ERA5 reanalysis; retrospective, not operational availability"
120607,2025-07-17,27.5,81,1.6,4.7,2025-07-18T00:00:00-05:00,24,5.4,,unknown,"Open-Meteo ERA5 reanalysis; retrospective, not operational availability"
120607,2025-07-18,23.6,91,19.7,4.7,2025-07-19T00:00:00-05:00,24,25.1,,unknown,"Open-Meteo ERA5 reanalysis; retrospective, not operational availability"
120607,2025-07-19,25.8,81,1.2,4.7,2025-07-20T00:00:00-05:00,24,25.699999999999996,,unknown,"Open-Meteo ERA5 reanalysis; retrospective, not operational availability"
120607,2025-07-20,27.6,82,0.3,5.8,2025-07-21T00:00:00-05:00,24,25.9,,unknown,"Open-Meteo ERA5 reanalysis; retrospective, not operational availability"
120607,2025-07-21,29.8,78,0.0,5.1,2025-07-22T00:00:00-05:00,24,25.7,,unknown,"Open-Meteo ERA5 reanalysis; retrospective, not operational availability"
120607,2025-07-22,30.4,77,0.2,5.2,2025-07-23T00:00:00-05:00,24,23.599999999999998,,unknown,"Open-Meteo ERA5 reanalysis; retrospective, not operational availability"
120607,2025-07-23,27.4,80,1.0,4.1,2025-07-24T00:00:00-05:00,24,23.999999999999996,,unknown,"Open-Meteo ERA5 reanalysis; retrospective, not operational availability"
120607,2025-07-24,28.9,80,1.3,5.8,2025-07-25T00:00:00-05:00,24,23.7,,unknown,"Open-Meteo ERA5 reanalysis; retrospective, not operational availability"
120607,2025-07-25,29.6,79,0.3,5.2,2025-07-26T00:00:00-05:00,24,4.3,,unknown,"Open-Meteo ERA5 reanalysis; retrospective, not operational availability"
120607,2025-07-26,28.9,78,0.1,5.6,2025-07-27T00:00:00-05:00,24,3.1999999999999997,,unknown,"Open-Meteo ERA5 reanalysis; retrospective, not operational availability"
120607,2025-07-27,28.3,80,0.3,5.0,2025-07-28T00:00:00-05:00,24,3.2,,unknown,"Open-Meteo ERA5 reanalysis; retrospective, not operational availability"
120607,2025-07-28,25.9,85,2.3,5.9,2025-07-29T00:00:00-05:00,24,5.5,,unknown,"Open-Meteo ERA5 reanalysis; retrospective, not operational availability"
120607,2025-07-29,26.7,87,11.6,5.3,2025-07-30T00:00:00-05:00,24,16.9,,unknown,"Open-Meteo ERA5 reanalysis; retrospective, not operational availability"
120607,2025-07-30,26.8,85,2.3,6.0,2025-07-31T00:00:00-05:00,24,18.2,,unknown,"Open-Meteo ERA5 reanalysis; retrospective, not operational availability"
120607,2025-07-31,27.3,87,2.0,5.2,2025-08-01T00:00:00-05:00,24,18.9,,unknown,"Open-Meteo ERA5 reanalysis; retrospective, not operational availability"
120607,2025-08-01,27.4,87,6.7,6.4,2025-08-02T00:00:00-05:00,24,25.299999999999997,,unknown,"Open-Meteo ERA5 reanalysis; retrospective, not operational availability"
120607,2025-08-02,29.2,79,0.2,6.8,2025-08-03T00:00:00-05:00,24,25.400000000000002,,unknown,"Open-Meteo ERA5 reanalysis; retrospective, not operational availability"
120607,2025-08-03,27.0,85,0.9,6.1,2025-08-04T00:00:00-05:00,24,26.0,,unknown,"Open-Meteo ERA5 reanalysis; retrospective, not operational availability"
120607,2025-08-04,29.5,77,0.1,4.9,2025-08-05T00:00:00-05:00,24,23.8,,unknown,"Open-Meteo ERA5 reanalysis; retrospective, not operational availability"
120607,2025-08-05,27.3,83,2.9,4.8,2025-08-06T00:00:00-05:00,24,15.100000000000001,,unknown,"Open-Meteo ERA5 reanalysis; retrospective, not operational availability"
120607,2025-08-06,27.5,82,2.4,5.5,2025-08-07T00:00:00-05:00,24,15.200000000000001,,unknown,"Open-Meteo ERA5 reanalysis; retrospective, not operational availability"
120607,2025-08-07,30.0,78,0.0,7.7,2025-08-08T00:00:00-05:00,24,13.200000000000003,,unknown,"Open-Meteo ERA5 reanalysis; retrospective, not operational availability"
120607,2025-08-08,27.2,78,0.9,5.6,2025-08-09T00:00:00-05:00,24,7.400000000000002,,unknown,"Open-Meteo ERA5 reanalysis; retrospective, not operational availability"
120607,2025-08-09,23.4,91,19.0,7.1,2025-08-10T00:00:00-05:00,24,26.200000000000003,,unknown,"Open-Meteo ERA5 reanalysis; retrospective, not operational availability"
120607,2025-08-10,26.2,86,3.6,5.7,2025-08-11T00:00:00-05:00,24,28.900000000000006,,unknown,"Open-Meteo ERA5 reanalysis; retrospective, not operational availability"
120607,2025-08-11,27.2,86,7.3,5.0,2025-08-12T00:00:00-05:00,24,36.1,,unknown,"Open-Meteo ERA5 reanalysis; retrospective, not operational availability"
120607,2025-08-12,28.0,86,3.7,5.0,2025-08-13T00:00:00-05:00,24,36.900000000000006,,unknown,"Open-Meteo ERA5 reanalysis; retrospective, not operational availability"
120607,2025-08-13,28.3,81,1.9,5.7,2025-08-14T00:00:00-05:00,24,36.400000000000006,,unknown,"Open-Meteo ERA5 reanalysis; retrospective, not operational availability"
120607,2025-08-14,26.6,84,10.0,4.4,2025-08-15T00:00:00-05:00,24,46.400000000000006,,unknown,"Open-Meteo ERA5 reanalysis; retrospective, not operational availability"
120607,2025-08-15,25.1,87,5.8,6.4,2025-08-16T00:00:00-05:00,24,51.3,,unknown,"Open-Meteo ERA5 reanalysis; retrospective, not operational availability"
120607,2025-08-16,26.4,86,3.3,4.3,2025-08-17T00:00:00-05:00,24,35.6,,unknown,"Open-Meteo ERA5 reanalysis; retrospective, not operational availability"
120607,2025-08-17,28.9,79,0.4,5.2,2025-08-18T00:00:00-05:00,24,32.400000000000006,,unknown,"Open-Meteo ERA5 reanalysis; retrospective, not operational availability"
120607,2025-08-18,28.4,79,0.4,4.5,2025-08-19T00:00:00-05:00,24,25.5,,unknown,"Open-Meteo ERA5 reanalysis; retrospective, not operational availability"
120607,2025-08-19,29.0,79,0.1,6.4,2025-08-20T00:00:00-05:00,24,21.900000000000002,,unknown,"Open-Meteo ERA5 reanalysis; retrospective, not operational availability"
120607,2025-08-20,29.8,78,1.8,5.6,2025-08-21T00:00:00-05:00,24,21.800000000000004,,unknown,"Open-Meteo ERA5 reanalysis; retrospective, not operational availability"
120607,2025-08-21,29.1,80,0.3,6.9,2025-08-22T00:00:00-05:00,24,12.100000000000003,,unknown,"Open-Meteo ERA5 reanalysis; retrospective, not operational availability"
120607,2025-08-22,29.4,80,0.4,4.6,2025-08-23T00:00:00-05:00,24,6.700000000000004,,unknown,"Open-Meteo ERA5 reanalysis; retrospective, not operational availability"
120607,2025-08-23,28.0,83,5.5,5.6,2025-08-24T00:00:00-05:00,24,8.900000000000004,,unknown,"Open-Meteo ERA5 reanalysis; retrospective, not operational availability"
120607,2025-08-24,27.2,84,5.2,5.6,2025-08-25T00:00:00-05:00,24,13.700000000000003,,unknown,"Open-Meteo ERA5 reanalysis; retrospective, not operational availability"
120607,2025-08-25,23.0,92,16.8,4.6,2025-08-26T00:00:00-05:00,24,30.1,,unknown,"Open-Meteo ERA5 reanalysis; retrospective, not operational availability"
120607,2025-08-26,24.4,88,10.1,4.5,2025-08-27T00:00:00-05:00,24,40.10000000000001,,unknown,"Open-Meteo ERA5 reanalysis; retrospective, not operational availability"
120607,2025-08-27,28.1,81,1.6,6.1,2025-08-28T00:00:00-05:00,24,39.900000000000006,,unknown,"Open-Meteo ERA5 reanalysis; retrospective, not operational availability"
120607,2025-08-28,27.2,82,0.4,4.4,2025-08-29T00:00:00-05:00,24,40.00000000000001,,unknown,"Open-Meteo ERA5 reanalysis; retrospective, not operational availability"
120607,2025-08-29,29.5,75,0.4,8.0,2025-08-30T00:00:00-05:00,24,40.00000000000001,,unknown,"Open-Meteo ERA5 reanalysis; retrospective, not operational availability"
120607,2025-08-30,29.8,72,0.3,6.8,2025-08-31T00:00:00-05:00,24,34.800000000000004,,unknown,"Open-Meteo ERA5 reanalysis; retrospective, not operational availability"
120607,2025-08-31,29.6,74,0.2,7.0,2025-09-01T00:00:00-05:00,24,29.800000000000004,,unknown,"Open-Meteo ERA5 reanalysis; retrospective, not operational availability"
120607,2025-09-01,29.6,79,2.8,5.4,2025-09-02T00:00:00-05:00,24,15.800000000000004,,unknown,"Open-Meteo ERA5 reanalysis; retrospective, not operational availability"
120607,2025-09-02,26.4,84,6.5,3.6,2025-09-03T00:00:00-05:00,24,12.200000000000003,,unknown,"Open-Meteo ERA5 reanalysis; retrospective, not operational availability"
120607,2025-09-03,28.1,82,2.8,5.0,2025-09-04T00:00:00-05:00,24,13.400000000000004,,unknown,"Open-Meteo ERA5 reanalysis; retrospective, not operational availability"
120607,2025-09-04,28.3,84,1.1,4.4,2025-09-05T00:00:00-05:00,24,14.100000000000003,,unknown,"Open-Meteo ERA5 reanalysis; retrospective, not operational availability"
120607,2025-09-05,28.5,83,4.6,3.8,2025-09-06T00:00:00-05:00,24,18.300000000000004,,unknown,"Open-Meteo ERA5 reanalysis; retrospective, not operational availability"
120607,2025-09-06,22.1,94,18.2,5.7,2025-09-07T00:00:00-05:00,24,36.2,,unknown,"Open-Meteo ERA5 reanalysis; retrospective, not operational availability"
120607,2025-09-07,28.0,89,4.7,6.1,2025-09-08T00:00:00-05:00,24,40.7,,unknown,"Open-Meteo ERA5 reanalysis; retrospective, not operational availability"
120607,2025-09-08,28.6,82,0.1,4.3,2025-09-09T00:00:00-05:00,24,38.0,,unknown,"Open-Meteo ERA5 reanalysis; retrospective, not operational availability"
120607,2025-09-09,29.4,75,0.1,3.8,2025-09-10T00:00:00-05:00,24,31.599999999999998,,unknown,"Open-Meteo ERA5 reanalysis; retrospective, not operational availability"
120607,2025-09-10,28.3,79,0.3,4.6,2025-09-11T00:00:00-05:00,24,29.099999999999998,,unknown,"Open-Meteo ERA5 reanalysis; retrospective, not operational availability"
120607,2025-09-11,30.4,76,0.9,6.5,2025-09-12T00:00:00-05:00,24,28.900000000000002,,unknown,"Open-Meteo ERA5 reanalysis; retrospective, not operational availability"
120607,2025-09-12,27.2,82,2.2,5.2,2025-09-13T00:00:00-05:00,24,26.500000000000004,,unknown,"Open-Meteo ERA5 reanalysis; retrospective, not operational availability"
120607,2025-09-13,30.2,79,2.8,5.4,2025-09-14T00:00:00-05:00,24,11.1,,unknown,"Open-Meteo ERA5 reanalysis; retrospective, not operational availability"
120607,2025-09-14,30.4,76,1.5,5.1,2025-09-15T00:00:00-05:00,24,7.9,,unknown,"Open-Meteo ERA5 reanalysis; retrospective, not operational availability"
120607,2025-09-15,29.3,78,3.0,5.1,2025-09-16T00:00:00-05:00,24,10.8,,unknown,"Open-Meteo ERA5 reanalysis; retrospective, not operational availability"
120607,2025-09-16,29.8,81,8.6,5.5,2025-09-17T00:00:00-05:00,24,19.3,,unknown,"Open-Meteo ERA5 reanalysis; retrospective, not operational availability"
120607,2025-09-17,28.3,80,3.8,6.1,2025-09-18T00:00:00-05:00,24,22.8,,unknown,"Open-Meteo ERA5 reanalysis; retrospective, not operational availability"
120607,2025-09-18,30.2,82,5.1,5.4,2025-09-19T00:00:00-05:00,24,27.0,,unknown,"Open-Meteo ERA5 reanalysis; retrospective, not operational availability"
120607,2025-09-19,30.0,85,9.7,5.2,2025-09-20T00:00:00-05:00,24,34.5,,unknown,"Open-Meteo ERA5 reanalysis; retrospective, not operational availability"
120607,2025-09-20,31.1,80,2.5,6.1,2025-09-21T00:00:00-05:00,24,34.2,,unknown,"Open-Meteo ERA5 reanalysis; retrospective, not operational availability"
120607,2025-09-21,30.0,78,0.8,6.7,2025-09-22T00:00:00-05:00,24,33.5,,unknown,"Open-Meteo ERA5 reanalysis; retrospective, not operational availability"
120607,2025-09-22,29.8,80,1.2,6.7,2025-09-23T00:00:00-05:00,24,31.7,,unknown,"Open-Meteo ERA5 reanalysis; retrospective, not operational availability"
120607,2025-09-23,28.7,86,7.5,7.5,2025-09-24T00:00:00-05:00,24,30.599999999999998,,unknown,"Open-Meteo ERA5 reanalysis; retrospective, not operational availability"
120607,2025-09-24,27.2,84,6.0,5.1,2025-09-25T00:00:00-05:00,24,32.8,,unknown,"Open-Meteo ERA5 reanalysis; retrospective, not operational availability"
120607,2025-09-25,27.4,82,6.4,8.2,2025-09-26T00:00:00-05:00,24,34.1,,unknown,"Open-Meteo ERA5 reanalysis; retrospective, not operational availability"
120607,2025-09-26,27.8,82,4.9,3.7,2025-09-27T00:00:00-05:00,24,29.3,,unknown,"Open-Meteo ERA5 reanalysis; retrospective, not operational availability"
120607,2025-09-27,29.1,80,2.4,6.8,2025-09-28T00:00:00-05:00,24,29.2,,unknown,"Open-Meteo ERA5 reanalysis; retrospective, not operational availability"
120607,2025-09-28,28.1,83,6.9,6.2,2025-09-29T00:00:00-05:00,24,35.3,,unknown,"Open-Meteo ERA5 reanalysis; retrospective, not operational availability"
120607,2025-09-29,29.1,77,4.2,6.0,2025-09-30T00:00:00-05:00,24,38.3,,unknown,"Open-Meteo ERA5 reanalysis; retrospective, not operational availability"
120607,2025-09-30,28.4,82,3.5,5.1,2025-10-01T00:00:00-05:00,24,34.300000000000004,,unknown,"Open-Meteo ERA5 reanalysis; retrospective, not operational availability"
120607,2025-10-01,27.4,83,11.7,4.2,2025-10-02T00:00:00-05:00,24,40.0,,unknown,"Open-Meteo ERA5 reanalysis; retrospective, not operational availability"
120607,2025-10-02,26.4,90,25.9,4.0,2025-10-03T00:00:00-05:00,24,59.5,,unknown,"Open-Meteo ERA5 reanalysis; retrospective, not operational availability"
120607,2025-10-03,26.7,88,12.5,3.6,2025-10-04T00:00:00-05:00,24,67.1,,unknown,"Open-Meteo ERA5 reanalysis; retrospective, not operational availability"
120607,2025-10-04,30.9,80,3.7,7.4,2025-10-05T00:00:00-05:00,24,68.4,,unknown,"Open-Meteo ERA5 reanalysis; retrospective, not operational availability"
120607,2025-10-05,30.9,79,1.4,7.4,2025-10-06T00:00:00-05:00,24,62.9,,unknown,"Open-Meteo ERA5 reanalysis; retrospective, not operational availability"
120607,2025-10-06,30.4,78,2.0,4.7,2025-10-07T00:00:00-05:00,24,60.699999999999996,,unknown,"Open-Meteo ERA5 reanalysis; retrospective, not operational availability"
120607,2025-10-07,28.9,83,6.5,5.1,2025-10-08T00:00:00-05:00,24,63.699999999999996,,unknown,"Open-Meteo ERA5 reanalysis; retrospective, not operational availability"
120607,2025-10-08,25.0,93,16.3,4.7,2025-10-09T00:00:00-05:00,24,68.3,,unknown,"Open-Meteo ERA5 reanalysis; retrospective, not operational availability"
120607,2025-10-09,27.3,87,15.9,4.9,2025-10-10T00:00:00-05:00,24,58.3,,unknown,"Open-Meteo ERA5 reanalysis; retrospective, not operational availability"
120607,2025-10-10,26.1,88,15.8,4.2,2025-10-11T00:00:00-05:00,24,61.6,,unknown,"Open-Meteo ERA5 reanalysis; retrospective, not operational availability"
120607,2025-10-11,29.6,84,1.0,6.2,2025-10-12T00:00:00-05:00,24,58.9,,unknown,"Open-Meteo ERA5 reanalysis; retrospective, not operational availability"
120607,2025-10-12,30.0,81,4.1,6.1,2025-10-13T00:00:00-05:00,24,61.599999999999994,,unknown,"Open-Meteo ERA5 reanalysis; retrospective, not operational availability"
120607,2025-10-13,29.3,81,7.2,6.1,2025-10-14T00:00:00-05:00,24,66.8,,unknown,"Open-Meteo ERA5 reanalysis; retrospective, not operational availability"
120607,2025-10-14,26.4,88,8.6,5.9,2025-10-15T00:00:00-05:00,24,68.9,,unknown,"Open-Meteo ERA5 reanalysis; retrospective, not operational availability"
120607,2025-10-15,28.9,83,2.7,6.7,2025-10-16T00:00:00-05:00,24,55.300000000000004,,unknown,"Open-Meteo ERA5 reanalysis; retrospective, not operational availability"
120607,2025-10-16,26.3,88,10.5,5.3,2025-10-17T00:00:00-05:00,24,49.900000000000006,,unknown,"Open-Meteo ERA5 reanalysis; retrospective, not operational availability"
120607,2025-10-17,27.5,88,13.9,6.6,2025-10-18T00:00:00-05:00,24,48.0,,unknown,"Open-Meteo ERA5 reanalysis; retrospective, not operational availability"
120607,2025-10-18,27.9,85,5.8,4.2,2025-10-19T00:00:00-05:00,24,52.8,,unknown,"Open-Meteo ERA5 reanalysis; retrospective, not operational availability"
120607,2025-10-19,26.7,87,12.1,7.3,2025-10-20T00:00:00-05:00,24,60.800000000000004,,unknown,"Open-Meteo ERA5 reanalysis; retrospective, not operational availability"
120607,2025-10-20,26.9,85,13.7,6.9,2025-10-21T00:00:00-05:00,24,67.3,,unknown,"Open-Meteo ERA5 reanalysis; retrospective, not operational availability"
120607,2025-10-21,28.3,84,6.2,5.1,2025-10-22T00:00:00-05:00,24,64.9,,unknown,"Open-Meteo ERA5 reanalysis; retrospective, not operational availability"
120607,2025-10-22,28.4,82,3.1,5.5,2025-10-23T00:00:00-05:00,24,65.3,,unknown,"Open-Meteo ERA5 reanalysis; retrospective, not operational availability"
120607,2025-10-23,28.2,82,9.9,5.3,2025-10-24T00:00:00-05:00,24,64.7,,unknown,"Open-Meteo ERA5 reanalysis; retrospective, not operational availability"
120607,2025-10-24,29.4,80,6.8,5.5,2025-10-25T00:00:00-05:00,24,57.6,,unknown,"Open-Meteo ERA5 reanalysis; retrospective, not operational availability"
120607,2025-10-25,28.6,85,6.8,6.4,2025-10-26T00:00:00-05:00,24,58.6,,unknown,"Open-Meteo ERA5 reanalysis; retrospective, not operational availability"
120607,2025-10-26,28.1,84,2.9,6.8,2025-10-27T00:00:00-05:00,24,49.4,,unknown,"Open-Meteo ERA5 reanalysis; retrospective, not operational availability"
120607,2025-10-27,27.8,86,14.2,7.4,2025-10-28T00:00:00-05:00,24,49.900000000000006,,unknown,"Open-Meteo ERA5 reanalysis; retrospective, not operational availability"
120607,2025-10-28,29.0,88,19.4,4.8,2025-10-29T00:00:00-05:00,24,63.1,,unknown,"Open-Meteo ERA5 reanalysis; retrospective, not operational availability"
120607,2025-10-29,27.5,90,30.7,6.2,2025-10-30T00:00:00-05:00,24,90.7,,unknown,"Open-Meteo ERA5 reanalysis; retrospective, not operational availability"
120607,2025-10-30,28.2,85,17.3,5.7,2025-10-31T00:00:00-05:00,24,98.1,,unknown,"Open-Meteo ERA5 reanalysis; retrospective, not operational availability"
120607,2025-10-31,27.4,86,20.2,6.7,2025-11-01T00:00:00-05:00,24,111.5,,unknown,"Open-Meteo ERA5 reanalysis; retrospective, not operational availability"
120607,2025-11-01,27.9,86,6.0,6.6,2025-11-02T00:00:00-05:00,24,110.7,,unknown,"Open-Meteo ERA5 reanalysis; retrospective, not operational availability"
120607,2025-11-02,29.6,81,3.9,5.9,2025-11-03T00:00:00-05:00,24,111.69999999999999,,unknown,"Open-Meteo ERA5 reanalysis; retrospective, not operational availability"
120607,2025-11-03,29.6,82,9.8,6.9,2025-11-04T00:00:00-05:00,24,107.30000000000001,,unknown,"Open-Meteo ERA5 reanalysis; retrospective, not operational availability"
120607,2025-11-04,28.2,84,19.9,6.2,2025-11-05T00:00:00-05:00,24,107.8,,unknown,"Open-Meteo ERA5 reanalysis; retrospective, not operational availability"
120607,2025-11-05,28.5,86,6.7,6.2,2025-11-06T00:00:00-05:00,24,83.8,,unknown,"Open-Meteo ERA5 reanalysis; retrospective, not operational availability"
120607,2025-11-06,30.0,85,9.2,6.2,2025-11-07T00:00:00-05:00,24,75.69999999999999,,unknown,"Open-Meteo ERA5 reanalysis; retrospective, not operational availability"
120607,2025-11-07,31.5,83,5.7,5.7,2025-11-08T00:00:00-05:00,24,61.199999999999996,,unknown,"Open-Meteo ERA5 reanalysis; retrospective, not operational availability"
120607,2025-11-08,29.3,81,11.1,7.4,2025-11-09T00:00:00-05:00,24,66.3,,unknown,"Open-Meteo ERA5 reanalysis; retrospective, not operational availability"
120607,2025-11-09,29.5,85,12.2,4.1,2025-11-10T00:00:00-05:00,24,74.6,,unknown,"Open-Meteo ERA5 reanalysis; retrospective, not operational availability"
120607,2025-11-10,26.8,89,14.8,4.1,2025-11-11T00:00:00-05:00,24,79.6,,unknown,"Open-Meteo ERA5 reanalysis; retrospective, not operational availability"
120607,2025-11-11,29.5,83,4.6,5.9,2025-11-12T00:00:00-05:00,24,64.3,,unknown,"Open-Meteo ERA5 reanalysis; retrospective, not operational availability"
120607,2025-11-12,29.6,81,7.1,5.9,2025-11-13T00:00:00-05:00,24,64.69999999999999,,unknown,"Open-Meteo ERA5 reanalysis; retrospective, not operational availability"
120607,2025-11-13,28.7,84,10.3,6.8,2025-11-14T00:00:00-05:00,24,65.8,,unknown,"Open-Meteo ERA5 reanalysis; retrospective, not operational availability"
120607,2025-11-14,30.2,80,8.7,6.6,2025-11-15T00:00:00-05:00,24,68.8,,unknown,"Open-Meteo ERA5 reanalysis; retrospective, not operational availability"
120607,2025-11-15,27.6,87,17.0,4.0,2025-11-16T00:00:00-05:00,24,74.7,,unknown,"Open-Meteo ERA5 reanalysis; retrospective, not operational availability"
120607,2025-11-16,28.9,81,3.1,7.4,2025-11-17T00:00:00-05:00,24,65.6,,unknown,"Open-Meteo ERA5 reanalysis; retrospective, not operational availability"
120607,2025-11-17,29.2,83,6.7,5.8,2025-11-18T00:00:00-05:00,24,57.5,,unknown,"Open-Meteo ERA5 reanalysis; retrospective, not operational availability"
120607,2025-11-18,27.2,88,22.9,6.3,2025-11-19T00:00:00-05:00,24,75.8,,unknown,"Open-Meteo ERA5 reanalysis; retrospective, not operational availability"
120607,2025-11-19,29.2,82,2.5,7.5,2025-11-20T00:00:00-05:00,24,71.19999999999999,,unknown,"Open-Meteo ERA5 reanalysis; retrospective, not operational availability"
120607,2025-11-20,26.9,91,23.3,4.7,2025-11-21T00:00:00-05:00,24,84.19999999999999,,unknown,"Open-Meteo ERA5 reanalysis; retrospective, not operational availability"
120607,2025-11-21,28.2,84,2.4,6.7,2025-11-22T00:00:00-05:00,24,77.9,,unknown,"Open-Meteo ERA5 reanalysis; retrospective, not operational availability"
120607,2025-11-22,30.2,81,1.0,6.2,2025-11-23T00:00:00-05:00,24,61.9,,unknown,"Open-Meteo ERA5 reanalysis; retrospective, not operational availability"
120607,2025-11-23,28.5,86,15.7,5.9,2025-11-24T00:00:00-05:00,24,74.5,,unknown,"Open-Meteo ERA5 reanalysis; retrospective, not operational availability"
120607,2025-11-24,28.3,82,6.8,4.8,2025-11-25T00:00:00-05:00,24,74.6,,unknown,"Open-Meteo ERA5 reanalysis; retrospective, not operational availability"
120607,2025-11-25,29.9,84,12.3,4.5,2025-11-26T00:00:00-05:00,24,64.0,,unknown,"Open-Meteo ERA5 reanalysis; retrospective, not operational availability"
120607,2025-11-26,30.0,81,10.3,4.4,2025-11-27T00:00:00-05:00,24,71.80000000000001,,unknown,"Open-Meteo ERA5 reanalysis; retrospective, not operational availability"
120607,2025-11-27,25.8,88,18.9,5.2,2025-11-28T00:00:00-05:00,24,67.4,,unknown,"Open-Meteo ERA5 reanalysis; retrospective, not operational availability"
120607,2025-11-28,28.3,81,1.4,6.0,2025-11-29T00:00:00-05:00,24,66.39999999999999,,unknown,"Open-Meteo ERA5 reanalysis; retrospective, not operational availability"
120607,2025-11-29,30.9,78,4.1,6.5,2025-11-30T00:00:00-05:00,24,69.5,,unknown,"Open-Meteo ERA5 reanalysis; retrospective, not operational availability"
120607,2025-11-30,28.5,82,1.9,7.1,2025-12-01T00:00:00-05:00,24,55.699999999999996,,unknown,"Open-Meteo ERA5 reanalysis; retrospective, not operational availability"
120607,2025-12-01,30.3,78,1.2,7.6,2025-12-02T00:00:00-05:00,24,50.1,,unknown,"Open-Meteo ERA5 reanalysis; retrospective, not operational availability"
120607,2025-12-02,30.8,83,15.8,7.8,2025-12-03T00:00:00-05:00,24,53.599999999999994,,unknown,"Open-Meteo ERA5 reanalysis; retrospective, not operational availability"
120607,2025-12-03,28.8,83,5.6,6.7,2025-12-04T00:00:00-05:00,24,48.9,,unknown,"Open-Meteo ERA5 reanalysis; retrospective, not operational availability"
120607,2025-12-04,26.2,89,35.6,4.8,2025-12-05T00:00:00-05:00,24,65.6,,unknown,"Open-Meteo ERA5 reanalysis; retrospective, not operational availability"
120607,2025-12-05,29.6,79,1.7,6.3,2025-12-06T00:00:00-05:00,24,65.89999999999999,,unknown,"Open-Meteo ERA5 reanalysis; retrospective, not operational availability"
120607,2025-12-06,27.2,85,1.5,6.8,2025-12-07T00:00:00-05:00,24,63.300000000000004,,unknown,"Open-Meteo ERA5 reanalysis; retrospective, not operational availability"
120607,2025-12-07,29.9,79,0.7,6.9,2025-12-08T00:00:00-05:00,24,62.1,,unknown,"Open-Meteo ERA5 reanalysis; retrospective, not operational availability"
120607,2025-12-08,23.4,92,14.5,6.3,2025-12-09T00:00:00-05:00,24,75.4,,unknown,"Open-Meteo ERA5 reanalysis; retrospective, not operational availability"
120607,2025-12-09,29.8,80,1.3,5.4,2025-12-10T00:00:00-05:00,24,60.900000000000006,,unknown,"Open-Meteo ERA5 reanalysis; retrospective, not operational availability"
120607,2025-12-10,27.5,83,4.0,7.4,2025-12-11T00:00:00-05:00,24,59.300000000000004,,unknown,"Open-Meteo ERA5 reanalysis; retrospective, not operational availability"
120607,2025-12-11,27.6,87,13.2,6.6,2025-12-12T00:00:00-05:00,24,36.9,,unknown,"Open-Meteo ERA5 reanalysis; retrospective, not operational availability"
120607,2025-12-12,29.3,85,7.7,8.1,2025-12-13T00:00:00-05:00,24,42.9,,unknown,"Open-Meteo ERA5 reanalysis; retrospective, not operational availability"
120607,2025-12-13,29.3,83,6.3,6.1,2025-12-14T00:00:00-05:00,24,47.699999999999996,,unknown,"Open-Meteo ERA5 reanalysis; retrospective, not operational availability"
120607,2025-12-14,29.3,82,1.0,7.3,2025-12-15T00:00:00-05:00,24,48.0,,unknown,"Open-Meteo ERA5 reanalysis; retrospective, not operational availability"
120607,2025-12-15,28.4,83,9.8,6.6,2025-12-16T00:00:00-05:00,24,43.3,,unknown,"Open-Meteo ERA5 reanalysis; retrospective, not operational availability"
120607,2025-12-16,28.1,84,9.7,6.4,2025-12-17T00:00:00-05:00,24,51.699999999999996,,unknown,"Open-Meteo ERA5 reanalysis; retrospective, not operational availability"
120607,2025-12-17,25.7,87,19.2,5.5,2025-12-18T00:00:00-05:00,24,66.89999999999999,,unknown,"Open-Meteo ERA5 reanalysis; retrospective, not operational availability"
120607,2025-12-18,28.0,84,10.2,6.9,2025-12-19T00:00:00-05:00,24,63.9,,unknown,"Open-Meteo ERA5 reanalysis; retrospective, not operational availability"
120607,2025-12-19,30.2,80,5.7,7.2,2025-12-20T00:00:00-05:00,24,61.9,,unknown,"Open-Meteo ERA5 reanalysis; retrospective, not operational availability"
120607,2025-12-20,28.3,84,17.1,6.5,2025-12-21T00:00:00-05:00,24,72.7,,unknown,"Open-Meteo ERA5 reanalysis; retrospective, not operational availability"
120607,2025-12-21,28.8,84,6.8,7.5,2025-12-22T00:00:00-05:00,24,78.5,,unknown,"Open-Meteo ERA5 reanalysis; retrospective, not operational availability"
120607,2025-12-22,27.4,86,20.9,8.1,2025-12-23T00:00:00-05:00,24,89.6,,unknown,"Open-Meteo ERA5 reanalysis; retrospective, not operational availability"
120607,2025-12-23,29.3,82,6.0,8.0,2025-12-24T00:00:00-05:00,24,85.9,,unknown,"Open-Meteo ERA5 reanalysis; retrospective, not operational availability"
120607,2025-12-24,28.1,84,9.6,6.7,2025-12-25T00:00:00-05:00,24,76.3,,unknown,"Open-Meteo ERA5 reanalysis; retrospective, not operational availability"
120607,2025-12-25,25.6,91,41.3,5.8,2025-12-26T00:00:00-05:00,24,107.39999999999999,,unknown,"Open-Meteo ERA5 reanalysis; retrospective, not operational availability"
120607,2025-12-26,26.8,85,19.5,7.3,2025-12-27T00:00:00-05:00,24,121.2,,unknown,"Open-Meteo ERA5 reanalysis; retrospective, not operational availability"
120607,2025-12-27,24.2,92,49.7,4.8,2025-12-28T00:00:00-05:00,24,153.8,,unknown,"Open-Meteo ERA5 reanalysis; retrospective, not operational availability"
120607,2025-12-28,27.2,82,9.1,6.5,2025-12-29T00:00:00-05:00,24,156.10000000000002,,unknown,"Open-Meteo ERA5 reanalysis; retrospective, not operational availability"
120607,2025-12-29,29.2,82,3.3,7.1,2025-12-30T00:00:00-05:00,24,138.5,,unknown,"Open-Meteo ERA5 reanalysis; retrospective, not operational availability"
120607,2025-12-30,28.6,82,4.6,5.6,2025-12-31T00:00:00-05:00,24,137.1,,unknown,"Open-Meteo ERA5 reanalysis; retrospective, not operational availability"
120607,2025-12-31,28.5,85,6.8,4.8,2026-01-01T00:00:00-05:00,24,134.3,,unknown,"Open-Meteo ERA5 reanalysis; retrospective, not operational availability"
120608,2025-01-01,15.4,87,19.3,4.3,2025-01-02T00:00:00-05:00,24,,,unknown,"Open-Meteo ERA5 reanalysis; retrospective, not operational availability"
120608,2025-01-02,13.3,92,16.4,4.1,2025-01-03T00:00:00-05:00,24,,,unknown,"Open-Meteo ERA5 reanalysis; retrospective, not operational availability"
120608,2025-01-03,15.1,87,8.7,5.0,2025-01-04T00:00:00-05:00,24,,,unknown,"Open-Meteo ERA5 reanalysis; retrospective, not operational availability"
120608,2025-01-04,17.6,81,12.3,6.4,2025-01-05T00:00:00-05:00,24,,,unknown,"Open-Meteo ERA5 reanalysis; retrospective, not operational availability"
120608,2025-01-05,17.7,88,13.0,5.9,2025-01-06T00:00:00-05:00,24,,,unknown,"Open-Meteo ERA5 reanalysis; retrospective, not operational availability"
120608,2025-01-06,14.3,93,26.1,3.1,2025-01-07T00:00:00-05:00,24,,,unknown,"Open-Meteo ERA5 reanalysis; retrospective, not operational availability"
120608,2025-01-07,14.6,91,11.6,3.9,2025-01-08T00:00:00-05:00,24,107.4,,unknown,"Open-Meteo ERA5 reanalysis; retrospective, not operational availability"
120608,2025-01-08,15.4,92,21.7,3.5,2025-01-09T00:00:00-05:00,24,109.80000000000001,,unknown,"Open-Meteo ERA5 reanalysis; retrospective, not operational availability"
120608,2025-01-09,14.5,93,18.7,4.6,2025-01-10T00:00:00-05:00,24,112.1,,unknown,"Open-Meteo ERA5 reanalysis; retrospective, not operational availability"
120608,2025-01-10,14.7,92,12.8,4.5,2025-01-11T00:00:00-05:00,24,116.20000000000002,,unknown,"Open-Meteo ERA5 reanalysis; retrospective, not operational availability"
120608,2025-01-11,15.8,90,17.4,5.1,2025-01-12T00:00:00-05:00,24,121.3,,unknown,"Open-Meteo ERA5 reanalysis; retrospective, not operational availability"
120608,2025-01-12,15.8,90,23.3,5.2,2025-01-13T00:00:00-05:00,24,131.6,,unknown,"Open-Meteo ERA5 reanalysis; retrospective, not operational availability"
120608,2025-01-13,16.5,86,6.2,6.6,2025-01-14T00:00:00-05:00,24,111.7,,unknown,"Open-Meteo ERA5 reanalysis; retrospective, not operational availability"
120608,2025-01-14,16.1,89,6.7,4.3,2025-01-15T00:00:00-05:00,24,106.8,,unknown,"Open-Meteo ERA5 reanalysis; retrospective, not operational availability"
120608,2025-01-15,17.4,86,24.1,7.1,2025-01-16T00:00:00-05:00,24,109.19999999999999,,unknown,"Open-Meteo ERA5 reanalysis; retrospective, not operational availability"
120608,2025-01-16,13.4,89,71.9,4.2,2025-01-17T00:00:00-05:00,24,162.4,,unknown,"Open-Meteo ERA5 reanalysis; retrospective, not operational availability"
120608,2025-01-17,14.4,87,31.9,6.3,2025-01-18T00:00:00-05:00,24,181.5,,unknown,"Open-Meteo ERA5 reanalysis; retrospective, not operational availability"
120608,2025-01-18,17.5,84,18.3,6.3,2025-01-19T00:00:00-05:00,24,182.4,,unknown,"Open-Meteo ERA5 reanalysis; retrospective, not operational availability"
120608,2025-01-19,15.3,86,8.3,5.4,2025-01-20T00:00:00-05:00,24,167.4,,unknown,"Open-Meteo ERA5 reanalysis; retrospective, not operational availability"
120608,2025-01-20,12.8,92,38.0,4.2,2025-01-21T00:00:00-05:00,24,199.2,,unknown,"Open-Meteo ERA5 reanalysis; retrospective, not operational availability"
120608,2025-01-21,13.8,92,24.3,4.2,2025-01-22T00:00:00-05:00,24,216.8,,unknown,"Open-Meteo ERA5 reanalysis; retrospective, not operational availability"
120608,2025-01-22,14.1,90,13.3,3.4,2025-01-23T00:00:00-05:00,24,206.0,,unknown,"Open-Meteo ERA5 reanalysis; retrospective, not operational availability"
120608,2025-01-23,14.1,88,10.1,4.7,2025-01-24T00:00:00-05:00,24,144.2,,unknown,"Open-Meteo ERA5 reanalysis; retrospective, not operational availability"
120608,2025-01-24,15.1,88,12.5,6.6,2025-01-25T00:00:00-05:00,24,124.8,,unknown,"Open-Meteo ERA5 reanalysis; retrospective, not operational availability"
120608,2025-01-25,16.4,87,14.3,5.1,2025-01-26T00:00:00-05:00,24,120.8,,unknown,"Open-Meteo ERA5 reanalysis; retrospective, not operational availability"
120608,2025-01-26,16.2,90,11.6,4.8,2025-01-27T00:00:00-05:00,24,124.1,,unknown,"Open-Meteo ERA5 reanalysis; retrospective, not operational availability"
120608,2025-01-27,15.6,88,23.8,4.5,2025-01-28T00:00:00-05:00,24,109.9,,unknown,"Open-Meteo ERA5 reanalysis; retrospective, not operational availability"
120608,2025-01-28,17.1,90,12.4,4.8,2025-01-29T00:00:00-05:00,24,98.0,,unknown,"Open-Meteo ERA5 reanalysis; retrospective, not operational availability"
120608,2025-01-29,18.0,82,10.4,5.1,2025-01-30T00:00:00-05:00,24,95.1,,unknown,"Open-Meteo ERA5 reanalysis; retrospective, not operational availability"
120608,2025-01-30,17.5,89,16.7,4.8,2025-01-31T00:00:00-05:00,24,101.7,,unknown,"Open-Meteo ERA5 reanalysis; retrospective, not operational availability"
120608,2025-01-31,14.5,91,11.4,2.8,2025-02-01T00:00:00-05:00,24,100.6,,unknown,"Open-Meteo ERA5 reanalysis; retrospective, not operational availability"
120608,2025-02-01,14.4,92,18.5,5.1,2025-02-02T00:00:00-05:00,24,104.80000000000001,,unknown,"Open-Meteo ERA5 reanalysis; retrospective, not operational availability"
120608,2025-02-02,17.2,85,10.3,6.6,2025-02-03T00:00:00-05:00,24,103.50000000000001,,unknown,"Open-Meteo ERA5 reanalysis; retrospective, not operational availability"
120608,2025-02-03,19.0,87,15.1,6.4,2025-02-04T00:00:00-05:00,24,94.8,,unknown,"Open-Meteo ERA5 reanalysis; retrospective, not operational availability"
120608,2025-02-04,12.7,94,31.6,3.8,2025-02-05T00:00:00-05:00,24,114.0,,unknown,"Open-Meteo ERA5 reanalysis; retrospective, not operational availability"
120608,2025-02-05,16.1,87,16.0,6.2,2025-02-06T00:00:00-05:00,24,119.6,,unknown,"Open-Meteo ERA5 reanalysis; retrospective, not operational availability"
120608,2025-02-06,16.5,87,12.3,6.0,2025-02-07T00:00:00-05:00,24,115.2,,unknown,"Open-Meteo ERA5 reanalysis; retrospective, not operational availability"
120608,2025-02-07,18.1,86,42.0,6.4,2025-02-08T00:00:00-05:00,24,145.8,,unknown,"Open-Meteo ERA5 reanalysis; retrospective, not operational availability"
120608,2025-02-08,12.7,95,60.7,4.3,2025-02-09T00:00:00-05:00,24,188.0,,unknown,"Open-Meteo ERA5 reanalysis; retrospective, not operational availability"
120608,2025-02-09,13.9,94,19.7,3.5,2025-02-10T00:00:00-05:00,24,197.4,,unknown,"Open-Meteo ERA5 reanalysis; retrospective, not operational availability"
120608,2025-02-10,14.5,94,18.7,3.6,2025-02-11T00:00:00-05:00,24,201.0,,unknown,"Open-Meteo ERA5 reanalysis; retrospective, not operational availability"
120608,2025-02-11,15.6,91,19.8,6.2,2025-02-12T00:00:00-05:00,24,189.20000000000002,,unknown,"Open-Meteo ERA5 reanalysis; retrospective, not operational availability"
120608,2025-02-12,11.4,95,59.1,6.5,2025-02-13T00:00:00-05:00,24,232.3,,unknown,"Open-Meteo ERA5 reanalysis; retrospective, not operational availability"
120608,2025-02-13,14.8,91,12.0,6.1,2025-02-14T00:00:00-05:00,24,232.0,,unknown,"Open-Meteo ERA5 reanalysis; retrospective, not operational availability"
120608,2025-02-14,16.8,89,34.2,5.7,2025-02-15T00:00:00-05:00,24,224.2,,unknown,"Open-Meteo ERA5 reanalysis; retrospective, not operational availability"
120608,2025-02-15,14.9,91,18.3,3.9,2025-02-16T00:00:00-05:00,24,181.8,,unknown,"Open-Meteo ERA5 reanalysis; retrospective, not operational availability"
120608,2025-02-16,12.6,94,55.0,2.2,2025-02-17T00:00:00-05:00,24,217.1,,unknown,"Open-Meteo ERA5 reanalysis; retrospective, not operational availability"
120608,2025-02-17,13.8,93,67.0,4.3,2025-02-18T00:00:00-05:00,24,265.4,,unknown,"Open-Meteo ERA5 reanalysis; retrospective, not operational availability"
120608,2025-02-18,13.3,94,32.9,5.3,2025-02-19T00:00:00-05:00,24,278.5,,unknown,"Open-Meteo ERA5 reanalysis; retrospective, not operational availability"
120608,2025-02-19,14.6,91,19.6,6.5,2025-02-20T00:00:00-05:00,24,239.0,,unknown,"Open-Meteo ERA5 reanalysis; retrospective, not operational availability"
120608,2025-02-20,13.3,93,15.7,3.0,2025-02-21T00:00:00-05:00,24,242.7,,unknown,"Open-Meteo ERA5 reanalysis; retrospective, not operational availability"
120608,2025-02-21,16.2,90,6.2,4.8,2025-02-22T00:00:00-05:00,24,214.70000000000002,,unknown,"Open-Meteo ERA5 reanalysis; retrospective, not operational availability"
120608,2025-02-22,15.2,89,23.8,6.5,2025-02-23T00:00:00-05:00,24,220.2,,unknown,"Open-Meteo ERA5 reanalysis; retrospective, not operational availability"
120608,2025-02-23,16.1,90,13.9,3.8,2025-02-24T00:00:00-05:00,24,179.1,,unknown,"Open-Meteo ERA5 reanalysis; retrospective, not operational availability"
120608,2025-02-24,17.3,86,5.1,5.5,2025-02-25T00:00:00-05:00,24,117.2,,unknown,"Open-Meteo ERA5 reanalysis; retrospective, not operational availability"
120608,2025-02-25,18.8,86,26.2,4.4,2025-02-26T00:00:00-05:00,24,110.5,,unknown,"Open-Meteo ERA5 reanalysis; retrospective, not operational availability"
120608,2025-02-26,14.8,93,51.0,4.6,2025-02-27T00:00:00-05:00,24,141.9,,unknown,"Open-Meteo ERA5 reanalysis; retrospective, not operational availability"
120608,2025-02-27,16.9,83,8.1,5.4,2025-02-28T00:00:00-05:00,24,134.29999999999998,,unknown,"Open-Meteo ERA5 reanalysis; retrospective, not operational availability"
120608,2025-02-28,14.9,90,26.0,4.0,2025-03-01T00:00:00-05:00,24,154.10000000000002,,unknown,"Open-Meteo ERA5 reanalysis; retrospective, not operational availability"
120608,2025-03-01,12.6,95,37.3,3.9,2025-03-02T00:00:00-05:00,24,167.6,,unknown,"Open-Meteo ERA5 reanalysis; retrospective, not operational availability"
120608,2025-03-02,13.5,94,22.6,4.2,2025-03-03T00:00:00-05:00,24,176.29999999999998,,unknown,"Open-Meteo ERA5 reanalysis; retrospective, not operational availability"
120608,2025-03-03,15.2,92,15.3,3.7,2025-03-04T00:00:00-05:00,24,186.5,,unknown,"Open-Meteo ERA5 reanalysis; retrospective, not operational availability"
120608,2025-03-04,12.3,93,13.4,3.6,2025-03-05T00:00:00-05:00,24,173.70000000000002,,unknown,"Open-Meteo ERA5 reanalysis; retrospective, not operational availability"
120608,2025-03-05,12.4,94,27.9,3.9,2025-03-06T00:00:00-05:00,24,150.60000000000002,,unknown,"Open-Meteo ERA5 reanalysis; retrospective, not operational availability"
120608,2025-03-06,14.5,93,17.3,3.9,2025-03-07T00:00:00-05:00,24,159.8,,unknown,"Open-Meteo ERA5 reanalysis; retrospective, not operational availability"
120608,2025-03-07,14.1,90,23.4,4.2,2025-03-08T00:00:00-05:00,24,157.20000000000002,,unknown,"Open-Meteo ERA5 reanalysis; retrospective, not operational availability"
120608,2025-03-08,12.6,94,18.4,4.7,2025-03-09T00:00:00-05:00,24,138.3,,unknown,"Open-Meteo ERA5 reanalysis; retrospective, not operational availability"
120608,2025-03-09,15.1,87,6.6,4.8,2025-03-10T00:00:00-05:00,24,122.30000000000001,,unknown,"Open-Meteo ERA5 reanalysis; retrospective, not operational availability"
120608,2025-03-10,13.4,95,20.9,3.6,2025-03-11T00:00:00-05:00,24,127.89999999999999,,unknown,"Open-Meteo ERA5 reanalysis; retrospective, not operational availability"
120608,2025-03-11,14.9,92,20.8,5.4,2025-03-12T00:00:00-05:00,24,135.3,,unknown,"Open-Meteo ERA5 reanalysis; retrospective, not operational availability"
120608,2025-03-12,14.8,92,10.7,3.8,2025-03-13T00:00:00-05:00,24,118.1,,unknown,"Open-Meteo ERA5 reanalysis; retrospective, not operational availability"
120608,2025-03-13,13.4,91,19.2,5.3,2025-03-14T00:00:00-05:00,24,120.0,,unknown,"Open-Meteo ERA5 reanalysis; retrospective, not operational availability"
120608,2025-03-14,12.2,94,14.9,4.5,2025-03-15T00:00:00-05:00,24,111.49999999999999,,unknown,"Open-Meteo ERA5 reanalysis; retrospective, not operational availability"
120608,2025-03-15,14.8,90,17.7,4.6,2025-03-16T00:00:00-05:00,24,110.8,,unknown,"Open-Meteo ERA5 reanalysis; retrospective, not operational availability"
120608,2025-03-16,13.5,93,10.8,4.0,2025-03-17T00:00:00-05:00,24,114.99999999999999,,unknown,"Open-Meteo ERA5 reanalysis; retrospective, not operational availability"
120608,2025-03-17,16.2,84,6.1,4.0,2025-03-18T00:00:00-05:00,24,100.2,,unknown,"Open-Meteo ERA5 reanalysis; retrospective, not operational availability"
120608,2025-03-18,14.7,90,18.1,4.7,2025-03-19T00:00:00-05:00,24,97.5,,unknown,"Open-Meteo ERA5 reanalysis; retrospective, not operational availability"
120608,2025-03-19,16.1,90,51.8,5.4,2025-03-20T00:00:00-05:00,24,138.6,,unknown,"Open-Meteo ERA5 reanalysis; retrospective, not operational availability"
120608,2025-03-20,13.9,94,34.1,4.5,2025-03-21T00:00:00-05:00,24,153.5,,unknown,"Open-Meteo ERA5 reanalysis; retrospective, not operational availability"
120608,2025-03-21,16.6,88,33.2,5.1,2025-03-22T00:00:00-05:00,24,171.79999999999998,,unknown,"Open-Meteo ERA5 reanalysis; retrospective, not operational availability"
120608,2025-03-22,18.2,89,14.7,5.6,2025-03-23T00:00:00-05:00,24,168.8,,unknown,"Open-Meteo ERA5 reanalysis; retrospective, not operational availability"
120608,2025-03-23,16.4,88,7.8,5.4,2025-03-24T00:00:00-05:00,24,165.79999999999998,,unknown,"Open-Meteo ERA5 reanalysis; retrospective, not operational availability"
120608,2025-03-24,18.5,81,20.2,7.3,2025-03-25T00:00:00-05:00,24,179.9,,unknown,"Open-Meteo ERA5 reanalysis; retrospective, not operational availability"
120608,2025-03-25,16.8,88,18.8,3.8,2025-03-26T00:00:00-05:00,24,180.6,,unknown,"Open-Meteo ERA5 reanalysis; retrospective, not operational availability"
120608,2025-03-26,16.6,90,12.0,5.7,2025-03-27T00:00:00-05:00,24,140.8,,unknown,"Open-Meteo ERA5 reanalysis; retrospective, not operational availability"
120608,2025-03-27,17.1,89,8.1,5.4,2025-03-28T00:00:00-05:00,24,114.8,,unknown,"Open-Meteo ERA5 reanalysis; retrospective, not operational availability"
120608,2025-03-28,16.0,88,14.6,4.8,2025-03-29T00:00:00-05:00,24,96.19999999999999,,unknown,"Open-Meteo ERA5 reanalysis; retrospective, not operational availability"
120608,2025-03-29,16.4,88,13.0,4.6,2025-03-30T00:00:00-05:00,24,94.5,,unknown,"Open-Meteo ERA5 reanalysis; retrospective, not operational availability"
120608,2025-03-30,15.4,88,11.0,4.7,2025-03-31T00:00:00-05:00,24,97.7,,unknown,"Open-Meteo ERA5 reanalysis; retrospective, not operational availability"
120608,2025-03-31,14.3,91,11.3,5.6,2025-04-01T00:00:00-05:00,24,88.80000000000001,,unknown,"Open-Meteo ERA5 reanalysis; retrospective, not operational availability"
120608,2025-04-01,15.5,90,12.1,5.2,2025-04-02T00:00:00-05:00,24,82.1,,unknown,"Open-Meteo ERA5 reanalysis; retrospective, not operational availability"
120608,2025-04-02,11.1,94,28.7,5.6,2025-04-03T00:00:00-05:00,24,98.79999999999998,,unknown,"Open-Meteo ERA5 reanalysis; retrospective, not operational availability"
120608,2025-04-03,14.9,88,6.0,5.8,2025-04-04T00:00:00-05:00,24,96.69999999999999,,unknown,"Open-Meteo ERA5 reanalysis; retrospective, not operational availability"
120608,2025-04-04,15.9,91,25.3,6.2,2025-04-05T00:00:00-05:00,24,107.4,,unknown,"Open-Meteo ERA5 reanalysis; retrospective, not operational availability"
120608,2025-04-05,13.1,85,12.3,8.5,2025-04-06T00:00:00-05:00,24,106.7,,unknown,"Open-Meteo ERA5 reanalysis; retrospective, not operational availability"
120608,2025-04-06,15.4,80,1.5,6.7,2025-04-07T00:00:00-05:00,24,97.2,,unknown,"Open-Meteo ERA5 reanalysis; retrospective, not operational availability"
120608,2025-04-07,15.5,79,2.0,5.6,2025-04-08T00:00:00-05:00,24,87.9,,unknown,"Open-Meteo ERA5 reanalysis; retrospective, not operational availability"
120608,2025-04-08,16.8,85,23.9,5.7,2025-04-09T00:00:00-05:00,24,99.69999999999999,,unknown,"Open-Meteo ERA5 reanalysis; retrospective, not operational availability"
120608,2025-04-09,12.2,94,30.6,3.9,2025-04-10T00:00:00-05:00,24,101.60000000000001,,unknown,"Open-Meteo ERA5 reanalysis; retrospective, not operational availability"
120608,2025-04-10,17.0,82,5.0,5.2,2025-04-11T00:00:00-05:00,24,100.6,,unknown,"Open-Meteo ERA5 reanalysis; retrospective, not operational availability"
120608,2025-04-11,16.0,89,13.9,5.7,2025-04-12T00:00:00-05:00,24,89.2,,unknown,"Open-Meteo ERA5 reanalysis; retrospective, not operational availability"
120608,2025-04-12,16.1,88,10.4,4.9,2025-04-13T00:00:00-05:00,24,87.3,,unknown,"Open-Meteo ERA5 reanalysis; retrospective, not operational availability"
120608,2025-04-13,16.4,89,15.3,5.1,2025-04-14T00:00:00-05:00,24,101.1,,unknown,"Open-Meteo ERA5 reanalysis; retrospective, not operational availability"
120608,2025-04-14,14.5,91,10.5,4.1,2025-04-15T00:00:00-05:00,24,109.6,,unknown,"Open-Meteo ERA5 reanalysis; retrospective, not operational availability"
120608,2025-04-15,16.3,88,6.6,4.6,2025-04-16T00:00:00-05:00,24,92.3,,unknown,"Open-Meteo ERA5 reanalysis; retrospective, not operational availability"
120608,2025-04-16,18.4,86,5.2,5.0,2025-04-17T00:00:00-05:00,24,66.9,,unknown,"Open-Meteo ERA5 reanalysis; retrospective, not operational availability"
120608,2025-04-17,16.5,88,19.8,5.5,2025-04-18T00:00:00-05:00,24,81.7,,unknown,"Open-Meteo ERA5 reanalysis; retrospective, not operational availability"
120608,2025-04-18,19.0,90,19.0,5.2,2025-04-19T00:00:00-05:00,24,86.8,,unknown,"Open-Meteo ERA5 reanalysis; retrospective, not operational availability"
120608,2025-04-19,16.7,90,13.9,4.3,2025-04-20T00:00:00-05:00,24,90.30000000000001,,unknown,"Open-Meteo ERA5 reanalysis; retrospective, not operational availability"
120608,2025-04-20,13.7,94,12.4,3.5,2025-04-21T00:00:00-05:00,24,87.39999999999999,,unknown,"Open-Meteo ERA5 reanalysis; retrospective, not operational availability"
120608,2025-04-21,16.3,85,3.3,4.6,2025-04-22T00:00:00-05:00,24,80.2,,unknown,"Open-Meteo ERA5 reanalysis; retrospective, not operational availability"
120608,2025-04-22,16.7,90,11.4,5.0,2025-04-23T00:00:00-05:00,24,85.0,,unknown,"Open-Meteo ERA5 reanalysis; retrospective, not operational availability"
120608,2025-04-23,16.0,85,3.2,4.7,2025-04-24T00:00:00-05:00,24,83.0,,unknown,"Open-Meteo ERA5 reanalysis; retrospective, not operational availability"
120608,2025-04-24,18.9,85,7.0,4.9,2025-04-25T00:00:00-05:00,24,70.2,,unknown,"Open-Meteo ERA5 reanalysis; retrospective, not operational availability"
120608,2025-04-25,17.7,89,9.2,4.7,2025-04-26T00:00:00-05:00,24,60.4,,unknown,"Open-Meteo ERA5 reanalysis; retrospective, not operational availability"
120608,2025-04-26,17.1,86,9.0,4.7,2025-04-27T00:00:00-05:00,24,55.5,,unknown,"Open-Meteo ERA5 reanalysis; retrospective, not operational availability"
120608,2025-04-27,16.3,90,11.0,4.2,2025-04-28T00:00:00-05:00,24,54.099999999999994,,unknown,"Open-Meteo ERA5 reanalysis; retrospective, not operational availability"
120608,2025-04-28,14.3,92,12.5,4.7,2025-04-29T00:00:00-05:00,24,63.3,,unknown,"Open-Meteo ERA5 reanalysis; retrospective, not operational availability"
120608,2025-04-29,14.3,91,18.7,4.8,2025-04-30T00:00:00-05:00,24,70.6,,unknown,"Open-Meteo ERA5 reanalysis; retrospective, not operational availability"
120608,2025-04-30,15.3,89,10.5,4.3,2025-05-01T00:00:00-05:00,24,77.89999999999999,,unknown,"Open-Meteo ERA5 reanalysis; retrospective, not operational availability"
120608,2025-05-01,15.5,91,10.7,4.7,2025-05-02T00:00:00-05:00,24,81.6,,unknown,"Open-Meteo ERA5 reanalysis; retrospective, not operational availability"
120608,2025-05-02,17.5,88,14.3,4.5,2025-05-03T00:00:00-05:00,24,86.7,,unknown,"Open-Meteo ERA5 reanalysis; retrospective, not operational availability"
120608,2025-05-03,13.4,93,13.7,4.1,2025-05-04T00:00:00-05:00,24,91.39999999999999,,unknown,"Open-Meteo ERA5 reanalysis; retrospective, not operational availability"
120608,2025-05-04,16.1,90,9.8,2.9,2025-05-05T00:00:00-05:00,24,90.2,,unknown,"Open-Meteo ERA5 reanalysis; retrospective, not operational availability"
120608,2025-05-05,14.8,89,6.8,3.8,2025-05-06T00:00:00-05:00,24,84.49999999999999,,unknown,"Open-Meteo ERA5 reanalysis; retrospective, not operational availability"
120608,2025-05-06,18.3,86,7.3,4.3,2025-05-07T00:00:00-05:00,24,73.10000000000001,,unknown,"Open-Meteo ERA5 reanalysis; retrospective, not operational availability"
120608,2025-05-07,17.2,87,5.1,5.0,2025-05-08T00:00:00-05:00,24,67.7,,unknown,"Open-Meteo ERA5 reanalysis; retrospective, not operational availability"
120608,2025-05-08,18.4,85,3.4,3.8,2025-05-09T00:00:00-05:00,24,60.4,,unknown,"Open-Meteo ERA5 reanalysis; retrospective, not operational availability"
120608,2025-05-09,17.9,85,6.6,4.3,2025-05-10T00:00:00-05:00,24,52.699999999999996,,unknown,"Open-Meteo ERA5 reanalysis; retrospective, not operational availability"
120608,2025-05-10,15.9,88,13.3,4.6,2025-05-11T00:00:00-05:00,24,52.3,,unknown,"Open-Meteo ERA5 reanalysis; retrospective, not operational availability"
120608,2025-05-11,14.5,92,12.9,5.0,2025-05-12T00:00:00-05:00,24,55.400000000000006,,unknown,"Open-Meteo ERA5 reanalysis; retrospective, not operational availability"
120608,2025-05-12,15.8,82,0.7,4.9,2025-05-13T00:00:00-05:00,24,49.3,,unknown,"Open-Meteo ERA5 reanalysis; retrospective, not operational availability"
120608,2025-05-13,15.7,84,2.5,6.4,2025-05-14T00:00:00-05:00,24,44.5,,unknown,"Open-Meteo ERA5 reanalysis; retrospective, not operational availability"
120608,2025-05-14,16.0,80,1.6,5.3,2025-05-15T00:00:00-05:00,24,41.0,,unknown,"Open-Meteo ERA5 reanalysis; retrospective, not operational availability"
120608,2025-05-15,16.5,81,0.9,5.9,2025-05-16T00:00:00-05:00,24,38.5,,unknown,"Open-Meteo ERA5 reanalysis; retrospective, not operational availability"
120608,2025-05-16,16.8,79,0.0,4.1,2025-05-17T00:00:00-05:00,24,31.900000000000002,,unknown,"Open-Meteo ERA5 reanalysis; retrospective, not operational availability"
120608,2025-05-17,16.7,81,3.2,4.9,2025-05-18T00:00:00-05:00,24,21.8,,unknown,"Open-Meteo ERA5 reanalysis; retrospective, not operational availability"
120608,2025-05-18,15.5,83,3.8,4.6,2025-05-19T00:00:00-05:00,24,12.7,,unknown,"Open-Meteo ERA5 reanalysis; retrospective, not operational availability"
120608,2025-05-19,14.7,89,6.2,4.5,2025-05-20T00:00:00-05:00,24,18.200000000000003,,unknown,"Open-Meteo ERA5 reanalysis; retrospective, not operational availability"
120608,2025-05-20,13.8,94,9.5,3.4,2025-05-21T00:00:00-05:00,24,25.200000000000003,,unknown,"Open-Meteo ERA5 reanalysis; retrospective, not operational availability"
120608,2025-05-21,13.4,94,14.6,3.8,2025-05-22T00:00:00-05:00,24,38.2,,unknown,"Open-Meteo ERA5 reanalysis; retrospective, not operational availability"
120608,2025-05-22,14.7,89,4.4,5.3,2025-05-23T00:00:00-05:00,24,41.7,,unknown,"Open-Meteo ERA5 reanalysis; retrospective, not operational availability"
120608,2025-05-23,14.2,92,8.2,3.0,2025-05-24T00:00:00-05:00,24,49.9,,unknown,"Open-Meteo ERA5 reanalysis; retrospective, not operational availability"
120608,2025-05-24,16.0,83,1.8,4.0,2025-05-25T00:00:00-05:00,24,48.5,,unknown,"Open-Meteo ERA5 reanalysis; retrospective, not operational availability"
120608,2025-05-25,13.0,91,11.1,3.9,2025-05-26T00:00:00-05:00,24,55.8,,unknown,"Open-Meteo ERA5 reanalysis; retrospective, not operational availability"
120608,2025-05-26,16.1,86,5.3,4.4,2025-05-27T00:00:00-05:00,24,54.9,,unknown,"Open-Meteo ERA5 reanalysis; retrospective, not operational availability"
120608,2025-05-27,16.1,88,9.1,4.4,2025-05-28T00:00:00-05:00,24,54.5,,unknown,"Open-Meteo ERA5 reanalysis; retrospective, not operational availability"
120608,2025-05-28,16.6,85,4.5,3.8,2025-05-29T00:00:00-05:00,24,44.400000000000006,,unknown,"Open-Meteo ERA5 reanalysis; retrospective, not operational availability"
120608,2025-05-29,11.3,93,7.1,8.5,2025-05-30T00:00:00-05:00,24,47.099999999999994,,unknown,"Open-Meteo ERA5 reanalysis; retrospective, not operational availability"
120608,2025-05-30,15.0,86,4.2,5.5,2025-05-31T00:00:00-05:00,24,43.1,,unknown,"Open-Meteo ERA5 reanalysis; retrospective, not operational availability"
120608,2025-05-31,15.5,85,3.5,6.5,2025-06-01T00:00:00-05:00,24,44.8,,unknown,"Open-Meteo ERA5 reanalysis; retrospective, not operational availability"
120608,2025-06-01,11.3,92,2.2,4.8,2025-06-02T00:00:00-05:00,24,35.900000000000006,,unknown,"Open-Meteo ERA5 reanalysis; retrospective, not operational availability"
120608,2025-06-02,15.4,85,1.1,4.6,2025-06-03T00:00:00-05:00,24,31.7,,unknown,"Open-Meteo ERA5 reanalysis; retrospective, not operational availability"
120608,2025-06-03,16.1,83,0.4,3.8,2025-06-04T00:00:00-05:00,24,23.0,,unknown,"Open-Meteo ERA5 reanalysis; retrospective, not operational availability"
120608,2025-06-04,15.7,82,0.3,3.6,2025-06-05T00:00:00-05:00,24,18.8,,unknown,"Open-Meteo ERA5 reanalysis; retrospective, not operational availability"
120608,2025-06-05,16.4,81,0.8,4.2,2025-06-06T00:00:00-05:00,24,12.5,,unknown,"Open-Meteo ERA5 reanalysis; retrospective, not operational availability"
120608,2025-06-06,14.1,88,4.6,4.7,2025-06-07T00:00:00-05:00,24,12.9,,unknown,"Open-Meteo ERA5 reanalysis; retrospective, not operational availability"
120608,2025-06-07,16.7,82,2.2,4.3,2025-06-08T00:00:00-05:00,24,11.599999999999998,,unknown,"Open-Meteo ERA5 reanalysis; retrospective, not operational availability"
120608,2025-06-08,15.8,86,4.0,3.7,2025-06-09T00:00:00-05:00,24,13.399999999999999,,unknown,"Open-Meteo ERA5 reanalysis; retrospective, not operational availability"
120608,2025-06-09,16.9,87,10.8,4.4,2025-06-10T00:00:00-05:00,24,23.1,,unknown,"Open-Meteo ERA5 reanalysis; retrospective, not operational availability"
120608,2025-06-10,10.5,96,48.4,5.4,2025-06-11T00:00:00-05:00,24,71.1,,unknown,"Open-Meteo ERA5 reanalysis; retrospective, not operational availability"
120608,2025-06-11,12.1,89,0.9,7.0,2025-06-12T00:00:00-05:00,24,71.7,,unknown,"Open-Meteo ERA5 reanalysis; retrospective, not operational availability"
120608,2025-06-12,13.3,86,1.0,5.2,2025-06-13T00:00:00-05:00,24,71.9,,unknown,"Open-Meteo ERA5 reanalysis; retrospective, not operational availability"
120608,2025-06-13,13.8,87,0.6,5.6,2025-06-14T00:00:00-05:00,24,67.89999999999999,,unknown,"Open-Meteo ERA5 reanalysis; retrospective, not operational availability"
120608,2025-06-14,14.0,88,4.1,4.6,2025-06-15T00:00:00-05:00,24,69.80000000000001,,unknown,"Open-Meteo ERA5 reanalysis; retrospective, not operational availability"
120608,2025-06-15,10.8,96,22.0,3.5,2025-06-16T00:00:00-05:00,24,87.80000000000001,,unknown,"Open-Meteo ERA5 reanalysis; retrospective, not operational availability"
120608,2025-06-16,11.8,93,4.5,3.7,2025-06-17T00:00:00-05:00,24,81.5,,unknown,"Open-Meteo ERA5 reanalysis; retrospective, not operational availability"
120608,2025-06-17,12.4,95,4.9,3.1,2025-06-18T00:00:00-05:00,24,38.00000000000001,,unknown,"Open-Meteo ERA5 reanalysis; retrospective, not operational availability"
120608,2025-06-18,14.8,89,3.1,3.1,2025-06-19T00:00:00-05:00,24,40.20000000000001,,unknown,"Open-Meteo ERA5 reanalysis; retrospective, not operational availability"
120608,2025-06-19,14.8,89,1.4,2.9,2025-06-20T00:00:00-05:00,24,40.60000000000001,,unknown,"Open-Meteo ERA5 reanalysis; retrospective, not operational availability"
120608,2025-06-20,14.9,88,1.5,4.5,2025-06-21T00:00:00-05:00,24,41.50000000000001,,unknown,"Open-Meteo ERA5 reanalysis; retrospective, not operational availability"
120608,2025-06-21,15.1,85,1.2,4.6,2025-06-22T00:00:00-05:00,24,38.60000000000001,,unknown,"Open-Meteo ERA5 reanalysis; retrospective, not operational availability"
120608,2025-06-22,15.9,84,0.3,5.8,2025-06-23T00:00:00-05:00,24,16.900000000000006,,unknown,"Open-Meteo ERA5 reanalysis; retrospective, not operational availability"
120608,2025-06-23,16.3,79,1.2,5.7,2025-06-24T00:00:00-05:00,24,13.600000000000007,,unknown,"Open-Meteo ERA5 reanalysis; retrospective, not operational availability"
120608,2025-06-24,16.1,87,7.3,5.2,2025-06-25T00:00:00-05:00,24,16.000000000000007,,unknown,"Open-Meteo ERA5 reanalysis; retrospective, not operational availability"
120608,2025-06-25,14.0,92,7.3,5.4,2025-06-26T00:00:00-05:00,24,20.200000000000006,,unknown,"Open-Meteo ERA5 reanalysis; retrospective, not operational availability"
120608,2025-06-26,13.2,89,10.1,5.6,2025-06-27T00:00:00-05:00,24,28.900000000000006,,unknown,"Open-Meteo ERA5 reanalysis; retrospective, not operational availability"
120608,2025-06-27,12.9,93,7.9,3.5,2025-06-28T00:00:00-05:00,24,35.300000000000004,,unknown,"Open-Meteo ERA5 reanalysis; retrospective, not operational availability"
120608,2025-06-28,15.4,85,0.6,4.7,2025-06-29T00:00:00-05:00,24,34.70000000000001,,unknown,"Open-Meteo ERA5 reanalysis; retrospective, not operational availability"
120608,2025-06-29,15.0,92,8.0,3.9,2025-06-30T00:00:00-05:00,24,42.400000000000006,,unknown,"Open-Meteo ERA5 reanalysis; retrospective, not operational availability"
120608,2025-06-30,13.6,94,6.5,5.4,2025-07-01T00:00:00-05:00,24,47.70000000000001,,unknown,"Open-Meteo ERA5 reanalysis; retrospective, not operational availability"
120608,2025-07-01,9.9,89,0.5,6.7,2025-07-02T00:00:00-05:00,24,40.900000000000006,,unknown,"Open-Meteo ERA5 reanalysis; retrospective, not operational availability"
120608,2025-07-02,10.8,86,0.2,6.2,2025-07-03T00:00:00-05:00,24,33.80000000000001,,unknown,"Open-Meteo ERA5 reanalysis; retrospective, not operational availability"
120608,2025-07-03,12.1,83,0.3,5.4,2025-07-04T00:00:00-05:00,24,24.000000000000007,,unknown,"Open-Meteo ERA5 reanalysis; retrospective, not operational availability"
120608,2025-07-04,14.3,81,0.4,5.9,2025-07-05T00:00:00-05:00,24,16.500000000000007,,unknown,"Open-Meteo ERA5 reanalysis; retrospective, not operational availability"
120608,2025-07-05,15.3,78,0.1,5.9,2025-07-06T00:00:00-05:00,24,16.000000000000007,,unknown,"Open-Meteo ERA5 reanalysis; retrospective, not operational availability"
120608,2025-07-06,14.3,76,0.3,4.9,2025-07-07T00:00:00-05:00,24,8.300000000000008,,unknown,"Open-Meteo ERA5 reanalysis; retrospective, not operational availability"
120608,2025-07-07,15.9,73,0.1,5.6,2025-07-08T00:00:00-05:00,24,1.9000000000000072,,unknown,"Open-Meteo ERA5 reanalysis; retrospective, not operational availability"
120608,2025-07-08,13.6,76,0.9,6.1,2025-07-09T00:00:00-05:00,24,2.300000000000007,,unknown,"Open-Meteo ERA5 reanalysis; retrospective, not operational availability"
120608,2025-07-09,15.8,74,0.1,5.8,2025-07-10T00:00:00-05:00,24,2.200000000000007,,unknown,"Open-Meteo ERA5 reanalysis; retrospective, not operational availability"
120608,2025-07-10,15.1,75,0.1,5.5,2025-07-11T00:00:00-05:00,24,2.000000000000007,,unknown,"Open-Meteo ERA5 reanalysis; retrospective, not operational availability"
120608,2025-07-11,14.5,82,5.4,4.7,2025-07-12T00:00:00-05:00,24,7.000000000000007,,unknown,"Open-Meteo ERA5 reanalysis; retrospective, not operational availability"
120608,2025-07-12,14.8,84,7.7,3.7,2025-07-13T00:00:00-05:00,24,14.600000000000007,,unknown,"Open-Meteo ERA5 reanalysis; retrospective, not operational availability"
120608,2025-07-13,14.2,85,14.5,4.8,2025-07-14T00:00:00-05:00,24,28.800000000000008,,unknown,"Open-Meteo ERA5 reanalysis; retrospective, not operational availability"
120608,2025-07-14,14.6,79,6.1,4.8,2025-07-15T00:00:00-05:00,24,34.800000000000004,,unknown,"Open-Meteo ERA5 reanalysis; retrospective, not operational availability"
120608,2025-07-15,14.9,78,1.6,5.0,2025-07-16T00:00:00-05:00,24,35.50000000000001,,unknown,"Open-Meteo ERA5 reanalysis; retrospective, not operational availability"
120608,2025-07-16,16.2,79,1.6,5.2,2025-07-17T00:00:00-05:00,24,37.00000000000001,,unknown,"Open-Meteo ERA5 reanalysis; retrospective, not operational availability"
120608,2025-07-17,13.8,92,15.5,5.0,2025-07-18T00:00:00-05:00,24,52.400000000000006,,unknown,"Open-Meteo ERA5 reanalysis; retrospective, not operational availability"
120608,2025-07-18,10.9,95,12.3,3.0,2025-07-19T00:00:00-05:00,24,59.30000000000001,,unknown,"Open-Meteo ERA5 reanalysis; retrospective, not operational availability"
120608,2025-07-19,12.8,84,3.1,7.1,2025-07-20T00:00:00-05:00,24,54.7,,unknown,"Open-Meteo ERA5 reanalysis; retrospective, not operational availability"
120608,2025-07-20,15.0,81,0.0,5.5,2025-07-21T00:00:00-05:00,24,40.2,,unknown,"Open-Meteo ERA5 reanalysis; retrospective, not operational availability"
120608,2025-07-21,17.0,79,0.1,5.3,2025-07-22T00:00:00-05:00,24,34.20000000000001,,unknown,"Open-Meteo ERA5 reanalysis; retrospective, not operational availability"
120608,2025-07-22,16.8,82,3.9,4.4,2025-07-23T00:00:00-05:00,24,36.50000000000001,,unknown,"Open-Meteo ERA5 reanalysis; retrospective, not operational availability"
120608,2025-07-23,14.4,89,21.9,4.0,2025-07-24T00:00:00-05:00,24,56.80000000000001,,unknown,"Open-Meteo ERA5 reanalysis; retrospective, not operational availability"
120608,2025-07-24,15.9,87,6.3,4.2,2025-07-25T00:00:00-05:00,24,47.60000000000001,,unknown,"Open-Meteo ERA5 reanalysis; retrospective, not operational availability"
120608,2025-07-25,16.3,81,1.1,3.8,2025-07-26T00:00:00-05:00,24,36.40000000000001,,unknown,"Open-Meteo ERA5 reanalysis; retrospective, not operational availability"
120608,2025-07-26,14.5,86,7.0,4.0,2025-07-27T00:00:00-05:00,24,40.30000000000001,,unknown,"Open-Meteo ERA5 reanalysis; retrospective, not operational availability"
120608,2025-07-27,15.3,82,2.4,3.7,2025-07-28T00:00:00-05:00,24,42.70000000000001,,unknown,"Open-Meteo ERA5 reanalysis; retrospective, not operational availability"
120608,2025-07-28,13.7,85,5.6,4.9,2025-07-29T00:00:00-05:00,24,48.20000000000001,,unknown,"Open-Meteo ERA5 reanalysis; retrospective, not operational availability"
120608,2025-07-29,12.4,92,15.5,4.0,2025-07-30T00:00:00-05:00,24,59.80000000000001,,unknown,"Open-Meteo ERA5 reanalysis; retrospective, not operational availability"
120608,2025-07-30,13.7,93,10.3,5.2,2025-07-31T00:00:00-05:00,24,48.2,,unknown,"Open-Meteo ERA5 reanalysis; retrospective, not operational availability"
120608,2025-07-31,13.9,90,5.9,4.0,2025-08-01T00:00:00-05:00,24,47.80000000000001,,unknown,"Open-Meteo ERA5 reanalysis; retrospective, not operational availability"
120608,2025-08-01,14.6,88,6.6,5.4,2025-08-02T00:00:00-05:00,24,53.300000000000004,,unknown,"Open-Meteo ERA5 reanalysis; retrospective, not operational availability"
120608,2025-08-02,15.8,82,1.1,5.6,2025-08-03T00:00:00-05:00,24,47.400000000000006,,unknown,"Open-Meteo ERA5 reanalysis; retrospective, not operational availability"
120608,2025-08-03,14.1,90,8.7,4.9,2025-08-04T00:00:00-05:00,24,53.7,,unknown,"Open-Meteo ERA5 reanalysis; retrospective, not operational availability"
120608,2025-08-04,16.1,84,3.1,3.9,2025-08-05T00:00:00-05:00,24,51.2,,unknown,"Open-Meteo ERA5 reanalysis; retrospective, not operational availability"
120608,2025-08-05,12.1,94,19.7,3.8,2025-08-06T00:00:00-05:00,24,55.400000000000006,,unknown,"Open-Meteo ERA5 reanalysis; retrospective, not operational availability"
120608,2025-08-06,13.6,86,2.3,5.4,2025-08-07T00:00:00-05:00,24,47.400000000000006,,unknown,"Open-Meteo ERA5 reanalysis; retrospective, not operational availability"
120608,2025-08-07,16.5,81,2.4,5.7,2025-08-08T00:00:00-05:00,24,43.900000000000006,,unknown,"Open-Meteo ERA5 reanalysis; retrospective, not operational availability"
120608,2025-08-08,14.9,83,6.5,4.1,2025-08-09T00:00:00-05:00,24,43.80000000000001,,unknown,"Open-Meteo ERA5 reanalysis; retrospective, not operational availability"
120608,2025-08-09,10.9,90,4.4,7.7,2025-08-10T00:00:00-05:00,24,47.10000000000001,,unknown,"Open-Meteo ERA5 reanalysis; retrospective, not operational availability"
120608,2025-08-10,12.3,87,2.0,7.0,2025-08-11T00:00:00-05:00,24,40.400000000000006,,unknown,"Open-Meteo ERA5 reanalysis; retrospective, not operational availability"
120608,2025-08-11,14.3,81,1.3,3.7,2025-08-12T00:00:00-05:00,24,38.60000000000001,,unknown,"Open-Meteo ERA5 reanalysis; retrospective, not operational availability"
120608,2025-08-12,15.5,87,7.8,5.4,2025-08-13T00:00:00-05:00,24,26.700000000000006,,unknown,"Open-Meteo ERA5 reanalysis; retrospective, not operational availability"
120608,2025-08-13,15.1,85,6.9,6.2,2025-08-14T00:00:00-05:00,24,31.300000000000004,,unknown,"Open-Meteo ERA5 reanalysis; retrospective, not operational availability"
120608,2025-08-14,14.1,89,23.4,4.9,2025-08-15T00:00:00-05:00,24,52.300000000000004,,unknown,"Open-Meteo ERA5 reanalysis; retrospective, not operational availability"
120608,2025-08-15,13.5,90,7.6,4.7,2025-08-16T00:00:00-05:00,24,53.400000000000006,,unknown,"Open-Meteo ERA5 reanalysis; retrospective, not operational availability"
120608,2025-08-16,15.0,88,7.7,4.2,2025-08-17T00:00:00-05:00,24,56.7,,unknown,"Open-Meteo ERA5 reanalysis; retrospective, not operational availability"
120608,2025-08-17,17.1,82,18.3,5.0,2025-08-18T00:00:00-05:00,24,73.0,,unknown,"Open-Meteo ERA5 reanalysis; retrospective, not operational availability"
120608,2025-08-18,15.4,86,11.9,4.9,2025-08-19T00:00:00-05:00,24,83.60000000000001,,unknown,"Open-Meteo ERA5 reanalysis; retrospective, not operational availability"
120608,2025-08-19,16.3,80,0.7,5.2,2025-08-20T00:00:00-05:00,24,76.50000000000001,,unknown,"Open-Meteo ERA5 reanalysis; retrospective, not operational availability"
120608,2025-08-20,17.0,79,2.8,4.4,2025-08-21T00:00:00-05:00,24,72.4,,unknown,"Open-Meteo ERA5 reanalysis; retrospective, not operational availability"
120608,2025-08-21,16.7,83,3.2,4.5,2025-08-22T00:00:00-05:00,24,52.20000000000001,,unknown,"Open-Meteo ERA5 reanalysis; retrospective, not operational availability"
120608,2025-08-22,16.7,84,9.5,3.2,2025-08-23T00:00:00-05:00,24,54.10000000000001,,unknown,"Open-Meteo ERA5 reanalysis; retrospective, not operational availability"
120608,2025-08-23,15.4,89,17.2,3.1,2025-08-24T00:00:00-05:00,24,63.60000000000001,,unknown,"Open-Meteo ERA5 reanalysis; retrospective, not operational availability"
120608,2025-08-24,15.1,90,18.2,3.7,2025-08-25T00:00:00-05:00,24,63.50000000000001,,unknown,"Open-Meteo ERA5 reanalysis; retrospective, not operational availability"
120608,2025-08-25,10.1,96,9.7,5.9,2025-08-26T00:00:00-05:00,24,61.30000000000001,,unknown,"Open-Meteo ERA5 reanalysis; retrospective, not operational availability"
120608,2025-08-26,11.6,89,8.0,6.9,2025-08-27T00:00:00-05:00,24,68.60000000000001,,unknown,"Open-Meteo ERA5 reanalysis; retrospective, not operational availability"
120608,2025-08-27,14.7,81,1.9,5.2,2025-08-28T00:00:00-05:00,24,67.7,,unknown,"Open-Meteo ERA5 reanalysis; retrospective, not operational availability"
120608,2025-08-28,14.9,78,12.9,3.6,2025-08-29T00:00:00-05:00,24,77.4,,unknown,"Open-Meteo ERA5 reanalysis; retrospective, not operational availability"
120608,2025-08-29,16.6,81,12.9,5.8,2025-08-30T00:00:00-05:00,24,80.80000000000001,,unknown,"Open-Meteo ERA5 reanalysis; retrospective, not operational availability"
120608,2025-08-30,16.9,72,0.5,5.7,2025-08-31T00:00:00-05:00,24,64.10000000000001,,unknown,"Open-Meteo ERA5 reanalysis; retrospective, not operational availability"
120608,2025-08-31,17.2,77,5.9,4.6,2025-09-01T00:00:00-05:00,24,51.80000000000001,,unknown,"Open-Meteo ERA5 reanalysis; retrospective, not operational availability"
120608,2025-09-01,16.6,76,11.4,4.5,2025-09-02T00:00:00-05:00,24,53.50000000000001,,unknown,"Open-Meteo ERA5 reanalysis; retrospective, not operational availability"
120608,2025-09-02,15.3,88,12.9,5.7,2025-09-03T00:00:00-05:00,24,58.40000000000001,,unknown,"Open-Meteo ERA5 reanalysis; retrospective, not operational availability"
120608,2025-09-03,14.2,87,20.3,4.9,2025-09-04T00:00:00-05:00,24,76.80000000000001,,unknown,"Open-Meteo ERA5 reanalysis; retrospective, not operational availability"
120608,2025-09-04,15.7,86,6.3,5.3,2025-09-05T00:00:00-05:00,24,70.2,,unknown,"Open-Meteo ERA5 reanalysis; retrospective, not operational availability"
120608,2025-09-05,15.9,84,8.9,4.9,2025-09-06T00:00:00-05:00,24,66.20000000000002,,unknown,"Open-Meteo ERA5 reanalysis; retrospective, not operational availability"
120608,2025-09-06,10.2,95,12.4,4.6,2025-09-07T00:00:00-05:00,24,78.10000000000001,,unknown,"Open-Meteo ERA5 reanalysis; retrospective, not operational availability"
120608,2025-09-07,14.6,89,19.7,4.9,2025-09-08T00:00:00-05:00,24,91.9,,unknown,"Open-Meteo ERA5 reanalysis; retrospective, not operational availability"
120608,2025-09-08,15.9,86,8.7,3.8,2025-09-09T00:00:00-05:00,24,89.20000000000002,,unknown,"Open-Meteo ERA5 reanalysis; retrospective, not operational availability"
120608,2025-09-09,16.1,87,8.8,4.0,2025-09-10T00:00:00-05:00,24,85.10000000000001,,unknown,"Open-Meteo ERA5 reanalysis; retrospective, not operational availability"
120608,2025-09-10,15.7,90,6.9,4.9,2025-09-11T00:00:00-05:00,24,71.70000000000002,,unknown,"Open-Meteo ERA5 reanalysis; retrospective, not operational availability"
120608,2025-09-11,17.2,81,7.1,5.0,2025-09-12T00:00:00-05:00,24,72.50000000000001,,unknown,"Open-Meteo ERA5 reanalysis; retrospective, not operational availability"
120608,2025-09-12,15.0,86,13.0,5.1,2025-09-13T00:00:00-05:00,24,76.60000000000001,,unknown,"Open-Meteo ERA5 reanalysis; retrospective, not operational availability"
120608,2025-09-13,16.9,84,12.5,3.8,2025-09-14T00:00:00-05:00,24,76.7,,unknown,"Open-Meteo ERA5 reanalysis; retrospective, not operational availability"
120608,2025-09-14,17.8,83,14.8,4.4,2025-09-15T00:00:00-05:00,24,71.80000000000001,,unknown,"Open-Meteo ERA5 reanalysis; retrospective, not operational availability"
120608,2025-09-15,16.3,83,21.5,5.7,2025-09-16T00:00:00-05:00,24,84.60000000000001,,unknown,"Open-Meteo ERA5 reanalysis; retrospective, not operational availability"
120608,2025-09-16,16.9,83,16.5,5.5,2025-09-17T00:00:00-05:00,24,92.30000000000001,,unknown,"Open-Meteo ERA5 reanalysis; retrospective, not operational availability"
120608,2025-09-17,16.3,82,16.9,3.6,2025-09-18T00:00:00-05:00,24,102.3,,unknown,"Open-Meteo ERA5 reanalysis; retrospective, not operational availability"
120608,2025-09-18,17.5,84,16.8,6.3,2025-09-19T00:00:00-05:00,24,112.0,,unknown,"Open-Meteo ERA5 reanalysis; retrospective, not operational availability"
120608,2025-09-19,17.9,86,13.5,4.6,2025-09-20T00:00:00-05:00,24,112.5,,unknown,"Open-Meteo ERA5 reanalysis; retrospective, not operational availability"
120608,2025-09-20,17.9,82,12.7,4.8,2025-09-21T00:00:00-05:00,24,112.7,,unknown,"Open-Meteo ERA5 reanalysis; retrospective, not operational availability"
120608,2025-09-21,17.6,79,14.6,7.2,2025-09-22T00:00:00-05:00,24,112.50000000000001,,unknown,"Open-Meteo ERA5 reanalysis; retrospective, not operational availability"
120608,2025-09-22,16.7,84,7.1,6.1,2025-09-23T00:00:00-05:00,24,98.10000000000001,,unknown,"Open-Meteo ERA5 reanalysis; retrospective, not operational availability"
120608,2025-09-23,13.7,90,28.5,4.6,2025-09-24T00:00:00-05:00,24,110.10000000000001,,unknown,"Open-Meteo ERA5 reanalysis; retrospective, not operational availability"
120608,2025-09-24,13.9,91,15.2,4.8,2025-09-25T00:00:00-05:00,24,108.4,,unknown,"Open-Meteo ERA5 reanalysis; retrospective, not operational availability"
120608,2025-09-25,14.6,84,10.4,7.3,2025-09-26T00:00:00-05:00,24,102.0,,unknown,"Open-Meteo ERA5 reanalysis; retrospective, not operational availability"
120608,2025-09-26,14.7,85,15.1,3.6,2025-09-27T00:00:00-05:00,24,103.60000000000001,,unknown,"Open-Meteo ERA5 reanalysis; retrospective, not operational availability"
120608,2025-09-27,16.2,84,9.8,5.9,2025-09-28T00:00:00-05:00,24,100.7,,unknown,"Open-Meteo ERA5 reanalysis; retrospective, not operational availability"
120608,2025-09-28,15.2,88,13.3,4.6,2025-09-29T00:00:00-05:00,24,99.4,,unknown,"Open-Meteo ERA5 reanalysis; retrospective, not operational availability"
120608,2025-09-29,17.5,81,14.1,6.2,2025-09-30T00:00:00-05:00,24,106.40000000000002,,unknown,"Open-Meteo ERA5 reanalysis; retrospective, not operational availability"
120608,2025-09-30,15.7,86,18.8,5.0,2025-10-01T00:00:00-05:00,24,96.7,,unknown,"Open-Meteo ERA5 reanalysis; retrospective, not operational availability"
120608,2025-10-01,15.7,87,19.6,5.4,2025-10-02T00:00:00-05:00,24,101.10000000000002,,unknown,"Open-Meteo ERA5 reanalysis; retrospective, not operational availability"
120608,2025-10-02,15.1,90,19.2,5.6,2025-10-03T00:00:00-05:00,24,109.9,,unknown,"Open-Meteo ERA5 reanalysis; retrospective, not operational availability"
120608,2025-10-03,14.0,89,7.5,3.5,2025-10-04T00:00:00-05:00,24,102.30000000000001,,unknown,"Open-Meteo ERA5 reanalysis; retrospective, not operational availability"
120608,2025-10-04,18.4,82,8.9,5.4,2025-10-05T00:00:00-05:00,24,101.4,,unknown,"Open-Meteo ERA5 reanalysis; retrospective, not operational availability"
120608,2025-10-05,19.0,84,28.6,4.7,2025-10-06T00:00:00-05:00,24,116.70000000000002,,unknown,"Open-Meteo ERA5 reanalysis; retrospective, not operational availability"
120608,2025-10-06,16.9,84,34.0,5.2,2025-10-07T00:00:00-05:00,24,136.60000000000002,,unknown,"Open-Meteo ERA5 reanalysis; retrospective, not operational availability"
120608,2025-10-07,16.0,88,25.5,4.4,2025-10-08T00:00:00-05:00,24,143.3,,unknown,"Open-Meteo ERA5 reanalysis; retrospective, not operational availability"
120608,2025-10-08,12.1,93,13.8,6.0,2025-10-09T00:00:00-05:00,24,137.5,,unknown,"Open-Meteo ERA5 reanalysis; retrospective, not operational availability"
120608,2025-10-09,12.7,88,12.0,5.4,2025-10-10T00:00:00-05:00,24,130.3,,unknown,"Open-Meteo ERA5 reanalysis; retrospective, not operational availability"
120608,2025-10-10,14.1,87,8.9,3.9,2025-10-11T00:00:00-05:00,24,131.70000000000002,,unknown,"Open-Meteo ERA5 reanalysis; retrospective, not operational availability"
120608,2025-10-11,16.7,86,9.8,4.8,2025-10-12T00:00:00-05:00,24,132.60000000000002,,unknown,"Open-Meteo ERA5 reanalysis; retrospective, not operational availability"
120608,2025-10-12,18.9,84,15.2,5.1,2025-10-13T00:00:00-05:00,24,119.2,,unknown,"Open-Meteo ERA5 reanalysis; retrospective, not operational availability"
120608,2025-10-13,16.9,85,26.3,6.2,2025-10-14T00:00:00-05:00,24,111.5,,unknown,"Open-Meteo ERA5 reanalysis; retrospective, not operational availability"
120608,2025-10-14,13.4,92,32.2,5.0,2025-10-15T00:00:00-05:00,24,118.20000000000002,,unknown,"Open-Meteo ERA5 reanalysis; retrospective, not operational availability"
120608,2025-10-15,13.8,90,9.2,5.3,2025-10-16T00:00:00-05:00,24,113.60000000000001,,unknown,"Open-Meteo ERA5 reanalysis; retrospective, not operational availability"
120608,2025-10-16,14.3,91,15.5,4.5,2025-10-17T00:00:00-05:00,24,117.10000000000001,,unknown,"Open-Meteo ERA5 reanalysis; retrospective, not operational availability"
120608,2025-10-17,16.4,88,12.8,5.4,2025-10-18T00:00:00-05:00,24,121.0,,unknown,"Open-Meteo ERA5 reanalysis; retrospective, not operational availability"
120608,2025-10-18,15.4,86,12.7,4.0,2025-10-19T00:00:00-05:00,24,123.9,,unknown,"Open-Meteo ERA5 reanalysis; retrospective, not operational availability"
120608,2025-10-19,14.3,91,19.1,7.7,2025-10-20T00:00:00-05:00,24,127.80000000000001,,unknown,"Open-Meteo ERA5 reanalysis; retrospective, not operational availability"
120608,2025-10-20,14.3,86,13.7,7.8,2025-10-21T00:00:00-05:00,24,115.20000000000002,,unknown,"Open-Meteo ERA5 reanalysis; retrospective, not operational availability"
120608,2025-10-21,15.4,81,6.0,5.5,2025-10-22T00:00:00-05:00,24,89.0,,unknown,"Open-Meteo ERA5 reanalysis; retrospective, not operational availability"
120608,2025-10-22,17.8,81,5.3,4.8,2025-10-23T00:00:00-05:00,24,85.10000000000001,,unknown,"Open-Meteo ERA5 reanalysis; retrospective, not operational availability"
120608,2025-10-23,16.9,83,73.3,5.2,2025-10-24T00:00:00-05:00,24,142.9,,unknown,"Open-Meteo ERA5 reanalysis; retrospective, not operational availability"
120608,2025-10-24,17.7,86,32.3,6.0,2025-10-25T00:00:00-05:00,24,162.40000000000003,,unknown,"Open-Meteo ERA5 reanalysis; retrospective, not operational availability"
120608,2025-10-25,17.8,87,10.7,4.8,2025-10-26T00:00:00-05:00,24,160.4,,unknown,"Open-Meteo ERA5 reanalysis; retrospective, not operational availability"
120608,2025-10-26,16.6,87,14.0,4.0,2025-10-27T00:00:00-05:00,24,155.3,,unknown,"Open-Meteo ERA5 reanalysis; retrospective, not operational availability"
120608,2025-10-27,15.1,89,23.8,5.8,2025-10-28T00:00:00-05:00,24,165.40000000000003,,unknown,"Open-Meteo ERA5 reanalysis; retrospective, not operational availability"
120608,2025-10-28,15.5,89,19.3,6.2,2025-10-29T00:00:00-05:00,24,178.70000000000002,,unknown,"Open-Meteo ERA5 reanalysis; retrospective, not operational availability"
120608,2025-10-29,16.2,87,24.9,5.6,2025-10-30T00:00:00-05:00,24,198.3,,unknown,"Open-Meteo ERA5 reanalysis; retrospective, not operational availability"
120608,2025-10-30,15.7,88,22.7,6.2,2025-10-31T00:00:00-05:00,24,147.70000000000002,,unknown,"Open-Meteo ERA5 reanalysis; retrospective, not operational availability"
120608,2025-10-31,13.3,89,19.2,6.4,2025-11-01T00:00:00-05:00,24,134.60000000000002,,unknown,"Open-Meteo ERA5 reanalysis; retrospective, not operational availability"
120608,2025-11-01,14.4,88,6.9,4.2,2025-11-02T00:00:00-05:00,24,130.8,,unknown,"Open-Meteo ERA5 reanalysis; retrospective, not operational availability"
120608,2025-11-02,17.8,86,7.2,4.6,2025-11-03T00:00:00-05:00,24,124.00000000000001,,unknown,"Open-Meteo ERA5 reanalysis; retrospective, not operational availability"
120608,2025-11-03,18.0,86,8.4,5.3,2025-11-04T00:00:00-05:00,24,108.60000000000001,,unknown,"Open-Meteo ERA5 reanalysis; retrospective, not operational availability"
120608,2025-11-04,16.1,86,13.6,5.1,2025-11-05T00:00:00-05:00,24,102.90000000000002,,unknown,"Open-Meteo ERA5 reanalysis; retrospective, not operational availability"
120608,2025-11-05,17.6,86,45.0,5.6,2025-11-06T00:00:00-05:00,24,123.0,,unknown,"Open-Meteo ERA5 reanalysis; retrospective, not operational availability"
120608,2025-11-06,17.2,88,26.7,6.5,2025-11-07T00:00:00-05:00,24,127.00000000000001,,unknown,"Open-Meteo ERA5 reanalysis; retrospective, not operational availability"
120608,2025-11-07,18.4,86,18.8,5.2,2025-11-08T00:00:00-05:00,24,126.60000000000002,,unknown,"Open-Meteo ERA5 reanalysis; retrospective, not operational availability"
120608,2025-11-08,15.9,87,27.0,6.3,2025-11-09T00:00:00-05:00,24,146.70000000000002,,unknown,"Open-Meteo ERA5 reanalysis; retrospective, not operational availability"
120608,2025-11-09,14.6,89,21.8,7.1,2025-11-10T00:00:00-05:00,24,161.3,,unknown,"Open-Meteo ERA5 reanalysis; retrospective, not operational availability"
120608,2025-11-10,14.5,86,11.7,6.1,2025-11-11T00:00:00-05:00,24,164.60000000000002,,unknown,"Open-Meteo ERA5 reanalysis; retrospective, not operational availability"
120608,2025-11-11,17.2,85,60.9,6.0,2025-11-12T00:00:00-05:00,24,211.90000000000003,,unknown,"Open-Meteo ERA5 reanalysis; retrospective, not operational availability"
120608,2025-11-12,15.6,87,17.6,4.4,2025-11-13T00:00:00-05:00,24,184.50000000000003,,unknown,"Open-Meteo ERA5 reanalysis; retrospective, not operational availability"
120608,2025-11-13,17.3,86,10.8,4.2,2025-11-14T00:00:00-05:00,24,168.6,,unknown,"Open-Meteo ERA5 reanalysis; retrospective, not operational availability"
120608,2025-11-14,17.3,84,13.3,6.8,2025-11-15T00:00:00-05:00,24,163.10000000000002,,unknown,"Open-Meteo ERA5 reanalysis; retrospective, not operational availability"
120608,2025-11-15,14.4,89,23.3,5.5,2025-11-16T00:00:00-05:00,24,159.40000000000003,,unknown,"Open-Meteo ERA5 reanalysis; retrospective, not operational availability"
120608,2025-11-16,16.5,83,5.8,6.6,2025-11-17T00:00:00-05:00,24,143.4,,unknown,"Open-Meteo ERA5 reanalysis; retrospective, not operational availability"
120608,2025-11-17,16.5,85,25.5,6.4,2025-11-18T00:00:00-05:00,24,157.20000000000002,,unknown,"Open-Meteo ERA5 reanalysis; retrospective, not operational availability"
120608,2025-11-18,13.6,90,24.9,4.2,2025-11-19T00:00:00-05:00,24,121.20000000000002,,unknown,"Open-Meteo ERA5 reanalysis; retrospective, not operational availability"
120608,2025-11-19,17.2,86,10.3,5.9,2025-11-20T00:00:00-05:00,24,113.90000000000002,,unknown,"Open-Meteo ERA5 reanalysis; retrospective, not operational availability"
120608,2025-11-20,15.4,90,10.9,4.7,2025-11-21T00:00:00-05:00,24,114.00000000000001,,unknown,"Open-Meteo ERA5 reanalysis; retrospective, not operational availability"
120608,2025-11-21,16.7,85,2.9,5.4,2025-11-22T00:00:00-05:00,24,103.60000000000001,,unknown,"Open-Meteo ERA5 reanalysis; retrospective, not operational availability"
120608,2025-11-22,18.0,87,21.7,5.4,2025-11-23T00:00:00-05:00,24,102.00000000000001,,unknown,"Open-Meteo ERA5 reanalysis; retrospective, not operational availability"
120608,2025-11-23,13.3,90,30.2,8.8,2025-11-24T00:00:00-05:00,24,126.40000000000002,,unknown,"Open-Meteo ERA5 reanalysis; retrospective, not operational availability"
120608,2025-11-24,15.3,85,7.8,6.3,2025-11-25T00:00:00-05:00,24,108.7,,unknown,"Open-Meteo ERA5 reanalysis; retrospective, not operational availability"
120608,2025-11-25,16.7,89,19.1,4.6,2025-11-26T00:00:00-05:00,24,102.90000000000002,,unknown,"Open-Meteo ERA5 reanalysis; retrospective, not operational availability"
120608,2025-11-26,16.5,86,20.6,5.1,2025-11-27T00:00:00-05:00,24,113.20000000000002,,unknown,"Open-Meteo ERA5 reanalysis; retrospective, not operational availability"
120608,2025-11-27,13.5,90,15.5,4.7,2025-11-28T00:00:00-05:00,24,117.80000000000001,,unknown,"Open-Meteo ERA5 reanalysis; retrospective, not operational availability"
120608,2025-11-28,16.3,85,36.0,6.1,2025-11-29T00:00:00-05:00,24,150.90000000000003,,unknown,"Open-Meteo ERA5 reanalysis; retrospective, not operational availability"
120608,2025-11-29,16.9,82,21.0,5.6,2025-11-30T00:00:00-05:00,24,150.2,,unknown,"Open-Meteo ERA5 reanalysis; retrospective, not operational availability"
120608,2025-11-30,16.1,87,14.0,5.0,2025-12-01T00:00:00-05:00,24,134.0,,unknown,"Open-Meteo ERA5 reanalysis; retrospective, not operational availability"
120608,2025-12-01,16.1,81,5.2,6.2,2025-12-02T00:00:00-05:00,24,131.4,,unknown,"Open-Meteo ERA5 reanalysis; retrospective, not operational availability"
120608,2025-12-02,18.4,89,24.5,7.5,2025-12-03T00:00:00-05:00,24,136.8,,unknown,"Open-Meteo ERA5 reanalysis; retrospective, not operational availability"
120608,2025-12-03,15.9,89,44.9,6.9,2025-12-04T00:00:00-05:00,24,161.10000000000002,,unknown,"Open-Meteo ERA5 reanalysis; retrospective, not operational availability"
120608,2025-12-04,15.0,91,50.6,5.2,2025-12-05T00:00:00-05:00,24,196.20000000000002,,unknown,"Open-Meteo ERA5 reanalysis; retrospective, not operational availability"
120608,2025-12-05,17.5,89,23.5,5.6,2025-12-06T00:00:00-05:00,24,183.70000000000002,,unknown,"Open-Meteo ERA5 reanalysis; retrospective, not operational availability"
120608,2025-12-06,15.6,88,9.4,4.0,2025-12-07T00:00:00-05:00,24,172.10000000000002,,unknown,"Open-Meteo ERA5 reanalysis; retrospective, not operational availability"
120608,2025-12-07,18.7,83,7.4,6.3,2025-12-08T00:00:00-05:00,24,165.5,,unknown,"Open-Meteo ERA5 reanalysis; retrospective, not operational availability"
120608,2025-12-08,11.1,95,59.4,5.0,2025-12-09T00:00:00-05:00,24,219.70000000000002,,unknown,"Open-Meteo ERA5 reanalysis; retrospective, not operational availability"
120608,2025-12-09,17.8,86,13.0,5.8,2025-12-10T00:00:00-05:00,24,208.20000000000002,,unknown,"Open-Meteo ERA5 reanalysis; retrospective, not operational availability"
120608,2025-12-10,14.0,89,11.8,5.6,2025-12-11T00:00:00-05:00,24,175.10000000000002,,unknown,"Open-Meteo ERA5 reanalysis; retrospective, not operational availability"
120608,2025-12-11,15.4,90,17.6,4.0,2025-12-12T00:00:00-05:00,24,142.10000000000002,,unknown,"Open-Meteo ERA5 reanalysis; retrospective, not operational availability"
120608,2025-12-12,17.0,87,5.4,5.6,2025-12-13T00:00:00-05:00,24,124.00000000000001,,unknown,"Open-Meteo ERA5 reanalysis; retrospective, not operational availability"
120608,2025-12-13,16.5,85,13.7,4.5,2025-12-14T00:00:00-05:00,24,128.3,,unknown,"Open-Meteo ERA5 reanalysis; retrospective, not operational availability"
120608,2025-12-14,16.5,84,7.5,6.0,2025-12-15T00:00:00-05:00,24,128.4,,unknown,"Open-Meteo ERA5 reanalysis; retrospective, not operational availability"
120608,2025-12-15,17.1,85,12.4,5.1,2025-12-16T00:00:00-05:00,24,81.40000000000002,,unknown,"Open-Meteo ERA5 reanalysis; retrospective, not operational availability"
120608,2025-12-16,15.8,87,22.7,6.1,2025-12-17T00:00:00-05:00,24,91.10000000000002,,unknown,"Open-Meteo ERA5 reanalysis; retrospective, not operational availability"
120608,2025-12-17,12.4,91,15.5,7.7,2025-12-18T00:00:00-05:00,24,94.80000000000001,,unknown,"Open-Meteo ERA5 reanalysis; retrospective, not operational availability"
120608,2025-12-18,16.6,78,3.7,6.1,2025-12-19T00:00:00-05:00,24,80.9,,unknown,"Open-Meteo ERA5 reanalysis; retrospective, not operational availability"
120608,2025-12-19,17.2,81,15.7,4.9,2025-12-20T00:00:00-05:00,24,91.20000000000002,,unknown,"Open-Meteo ERA5 reanalysis; retrospective, not operational availability"
120608,2025-12-20,17.8,83,10.1,5.3,2025-12-21T00:00:00-05:00,24,87.60000000000001,,unknown,"Open-Meteo ERA5 reanalysis; retrospective, not operational availability"
120608,2025-12-21,16.4,84,10.8,6.5,2025-12-22T00:00:00-05:00,24,90.90000000000002,,unknown,"Open-Meteo ERA5 reanalysis; retrospective, not operational availability"
120608,2025-12-22,16.1,86,10.4,5.3,2025-12-23T00:00:00-05:00,24,88.9,,unknown,"Open-Meteo ERA5 reanalysis; retrospective, not operational availability"
120608,2025-12-23,16.9,86,97.0,6.7,2025-12-24T00:00:00-05:00,24,163.20000000000002,,unknown,"Open-Meteo ERA5 reanalysis; retrospective, not operational availability"
120608,2025-12-24,16.3,87,17.8,6.5,2025-12-25T00:00:00-05:00,24,165.50000000000003,,unknown,"Open-Meteo ERA5 reanalysis; retrospective, not operational availability"
120608,2025-12-25,12.8,92,60.1,4.1,2025-12-26T00:00:00-05:00,24,221.9,,unknown,"Open-Meteo ERA5 reanalysis; retrospective, not operational availability"
120608,2025-12-26,14.7,88,19.2,6.0,2025-12-27T00:00:00-05:00,24,225.4,,unknown,"Open-Meteo ERA5 reanalysis; retrospective, not operational availability"
120608,2025-12-27,12.7,92,26.9,3.9,2025-12-28T00:00:00-05:00,24,242.20000000000002,,unknown,"Open-Meteo ERA5 reanalysis; retrospective, not operational availability"
120608,2025-12-28,16.0,85,19.5,6.5,2025-12-29T00:00:00-05:00,24,250.9,,unknown,"Open-Meteo ERA5 reanalysis; retrospective, not operational availability"
120608,2025-12-29,17.9,86,20.4,6.6,2025-12-30T00:00:00-05:00,24,260.9,,unknown,"Open-Meteo ERA5 reanalysis; retrospective, not operational availability"
120608,2025-12-30,16.8,84,25.1,5.8,2025-12-31T00:00:00-05:00,24,189.0,,unknown,"Open-Meteo ERA5 reanalysis; retrospective, not operational availability"
120608,2025-12-31,16.5,85,8.1,4.3,2026-01-01T00:00:00-05:00,24,179.3,,unknown,"Open-Meteo ERA5 reanalysis; retrospective, not operational availability"
120609,2025-01-01,26.4,77,2.4,4.7,2025-01-02T00:00:00-05:00,24,,,unknown,"Open-Meteo ERA5 reanalysis; retrospective, not operational availability"
120609,2025-01-02,23.7,88,21.5,3.5,2025-01-03T00:00:00-05:00,24,,,unknown,"Open-Meteo ERA5 reanalysis; retrospective, not operational availability"
120609,2025-01-03,24.8,81,0.7,4.5,2025-01-04T00:00:00-05:00,24,,,unknown,"Open-Meteo ERA5 reanalysis; retrospective, not operational availability"
120609,2025-01-04,27.5,70,0.4,5.5,2025-01-05T00:00:00-05:00,24,,,unknown,"Open-Meteo ERA5 reanalysis; retrospective, not operational availability"
120609,2025-01-05,27.6,72,0.8,6.0,2025-01-06T00:00:00-05:00,24,,,unknown,"Open-Meteo ERA5 reanalysis; retrospective, not operational availability"
120609,2025-01-06,26.6,78,4.2,5.2,2025-01-07T00:00:00-05:00,24,,,unknown,"Open-Meteo ERA5 reanalysis; retrospective, not operational availability"
120609,2025-01-07,26.1,83,8.9,4.9,2025-01-08T00:00:00-05:00,24,38.9,,unknown,"Open-Meteo ERA5 reanalysis; retrospective, not operational availability"
120609,2025-01-08,26.1,82,4.8,4.8,2025-01-09T00:00:00-05:00,24,41.3,,unknown,"Open-Meteo ERA5 reanalysis; retrospective, not operational availability"
120609,2025-01-09,24.3,84,10.7,3.8,2025-01-10T00:00:00-05:00,24,30.5,,unknown,"Open-Meteo ERA5 reanalysis; retrospective, not operational availability"
120609,2025-01-10,27.3,80,3.4,5.5,2025-01-11T00:00:00-05:00,24,33.2,,unknown,"Open-Meteo ERA5 reanalysis; retrospective, not operational availability"
120609,2025-01-11,26.3,77,2.9,4.5,2025-01-12T00:00:00-05:00,24,35.7,,unknown,"Open-Meteo ERA5 reanalysis; retrospective, not operational availability"
120609,2025-01-12,26.0,82,6.7,5.2,2025-01-13T00:00:00-05:00,24,41.599999999999994,,unknown,"Open-Meteo ERA5 reanalysis; retrospective, not operational availability"
120609,2025-01-13,28.7,77,2.9,6.0,2025-01-14T00:00:00-05:00,24,40.300000000000004,,unknown,"Open-Meteo ERA5 reanalysis; retrospective, not operational availability"
120609,2025-01-14,29.2,79,3.6,6.3,2025-01-15T00:00:00-05:00,24,35.0,,unknown,"Open-Meteo ERA5 reanalysis; retrospective, not operational availability"
120609,2025-01-15,29.7,76,5.3,6.9,2025-01-16T00:00:00-05:00,24,35.5,,unknown,"Open-Meteo ERA5 reanalysis; retrospective, not operational availability"
120609,2025-01-16,27.1,79,15.2,4.7,2025-01-17T00:00:00-05:00,24,40.0,,unknown,"Open-Meteo ERA5 reanalysis; retrospective, not operational availability"
120609,2025-01-17,27.0,75,5.5,6.4,2025-01-18T00:00:00-05:00,24,42.1,,unknown,"Open-Meteo ERA5 reanalysis; retrospective, not operational availability"
120609,2025-01-18,28.3,71,0.0,5.2,2025-01-19T00:00:00-05:00,24,39.2,,unknown,"Open-Meteo ERA5 reanalysis; retrospective, not operational availability"
120609,2025-01-19,24.7,85,4.9,4.1,2025-01-20T00:00:00-05:00,24,37.4,,unknown,"Open-Meteo ERA5 reanalysis; retrospective, not operational availability"
120609,2025-01-20,26.2,79,0.3,5.0,2025-01-21T00:00:00-05:00,24,34.800000000000004,,unknown,"Open-Meteo ERA5 reanalysis; retrospective, not operational availability"
120609,2025-01-21,23.0,83,5.4,3.5,2025-01-22T00:00:00-05:00,24,36.6,,unknown,"Open-Meteo ERA5 reanalysis; retrospective, not operational availability"
120609,2025-01-22,24.0,80,2.7,3.3,2025-01-23T00:00:00-05:00,24,34.0,,unknown,"Open-Meteo ERA5 reanalysis; retrospective, not operational availability"
120609,2025-01-23,24.8,73,0.2,3.9,2025-01-24T00:00:00-05:00,24,19.0,,unknown,"Open-Meteo ERA5 reanalysis; retrospective, not operational availability"
120609,2025-01-24,27.6,69,0.0,5.9,2025-01-25T00:00:00-05:00,24,13.5,,unknown,"Open-Meteo ERA5 reanalysis; retrospective, not operational availability"
120609,2025-01-25,28.0,72,0.3,6.2,2025-01-26T00:00:00-05:00,24,13.8,,unknown,"Open-Meteo ERA5 reanalysis; retrospective, not operational availability"
120609,2025-01-26,25.9,80,9.2,3.6,2025-01-27T00:00:00-05:00,24,18.1,,unknown,"Open-Meteo ERA5 reanalysis; retrospective, not operational availability"
120609,2025-01-27,25.8,85,24.2,4.0,2025-01-28T00:00:00-05:00,24,42.0,,unknown,"Open-Meteo ERA5 reanalysis; retrospective, not operational availability"
120609,2025-01-28,23.3,89,76.6,4.2,2025-01-29T00:00:00-05:00,24,113.19999999999999,,unknown,"Open-Meteo ERA5 reanalysis; retrospective, not operational availability"
120609,2025-01-29,29.0,74,0.6,4.8,2025-01-30T00:00:00-05:00,24,111.09999999999998,,unknown,"Open-Meteo ERA5 reanalysis; retrospective, not operational availability"
120609,2025-01-30,27.1,76,0.9,5.1,2025-01-31T00:00:00-05:00,24,111.79999999999998,,unknown,"Open-Meteo ERA5 reanalysis; retrospective, not operational availability"
120609,2025-01-31,26.8,77,0.0,3.9,2025-02-01T00:00:00-05:00,24,111.79999999999998,,unknown,"Open-Meteo ERA5 reanalysis; retrospective, not operational availability"
120609,2025-02-01,24.9,84,5.7,4.3,2025-02-02T00:00:00-05:00,24,117.19999999999999,,unknown,"Open-Meteo ERA5 reanalysis; retrospective, not operational availability"
120609,2025-02-02,28.4,74,1.1,7.0,2025-02-03T00:00:00-05:00,24,109.09999999999998,,unknown,"Open-Meteo ERA5 reanalysis; retrospective, not operational availability"
120609,2025-02-03,28.9,72,0.8,6.2,2025-02-04T00:00:00-05:00,24,85.69999999999997,,unknown,"Open-Meteo ERA5 reanalysis; retrospective, not operational availability"
120609,2025-02-04,25.5,88,9.2,4.1,2025-02-05T00:00:00-05:00,24,18.299999999999983,,unknown,"Open-Meteo ERA5 reanalysis; retrospective, not operational availability"
120609,2025-02-05,27.7,73,0.2,6.4,2025-02-06T00:00:00-05:00,24,17.899999999999984,,unknown,"Open-Meteo ERA5 reanalysis; retrospective, not operational availability"
120609,2025-02-06,26.9,66,0.2,5.2,2025-02-07T00:00:00-05:00,24,17.199999999999985,,unknown,"Open-Meteo ERA5 reanalysis; retrospective, not operational availability"
120609,2025-02-07,28.8,68,0.0,6.4,2025-02-08T00:00:00-05:00,24,17.199999999999985,,unknown,"Open-Meteo ERA5 reanalysis; retrospective, not operational availability"
120609,2025-02-08,24.4,89,27.5,4.6,2025-02-09T00:00:00-05:00,24,38.999999999999986,,unknown,"Open-Meteo ERA5 reanalysis; retrospective, not operational availability"
120609,2025-02-09,24.4,86,17.1,3.9,2025-02-10T00:00:00-05:00,24,54.999999999999986,,unknown,"Open-Meteo ERA5 reanalysis; retrospective, not operational availability"
120609,2025-02-10,23.6,87,19.9,4.8,2025-02-11T00:00:00-05:00,24,74.1,,unknown,"Open-Meteo ERA5 reanalysis; retrospective, not operational availability"
120609,2025-02-11,26.3,86,9.1,5.6,2025-02-12T00:00:00-05:00,24,73.99999999999999,,unknown,"Open-Meteo ERA5 reanalysis; retrospective, not operational availability"
120609,2025-02-12,22.8,91,45.1,5.8,2025-02-13T00:00:00-05:00,24,118.89999999999998,,unknown,"Open-Meteo ERA5 reanalysis; retrospective, not operational availability"
120609,2025-02-13,24.9,87,23.7,5.2,2025-02-14T00:00:00-05:00,24,142.4,,unknown,"Open-Meteo ERA5 reanalysis; retrospective, not operational availability"
120609,2025-02-14,26.6,79,1.7,5.6,2025-02-15T00:00:00-05:00,24,144.1,,unknown,"Open-Meteo ERA5 reanalysis; retrospective, not operational availability"
120609,2025-02-15,25.8,84,7.0,5.4,2025-02-16T00:00:00-05:00,24,123.6,,unknown,"Open-Meteo ERA5 reanalysis; retrospective, not operational availability"
120609,2025-02-16,24.5,86,11.0,3.7,2025-02-17T00:00:00-05:00,24,117.49999999999999,,unknown,"Open-Meteo ERA5 reanalysis; retrospective, not operational availability"
120609,2025-02-17,25.2,89,17.0,4.0,2025-02-18T00:00:00-05:00,24,114.6,,unknown,"Open-Meteo ERA5 reanalysis; retrospective, not operational availability"
120609,2025-02-18,25.7,84,17.6,3.1,2025-02-19T00:00:00-05:00,24,123.1,,unknown,"Open-Meteo ERA5 reanalysis; retrospective, not operational availability"
120609,2025-02-19,26.0,78,2.2,4.6,2025-02-20T00:00:00-05:00,24,80.19999999999999,,unknown,"Open-Meteo ERA5 reanalysis; retrospective, not operational availability"
120609,2025-02-20,25.0,86,9.1,4.8,2025-02-21T00:00:00-05:00,24,65.6,,unknown,"Open-Meteo ERA5 reanalysis; retrospective, not operational availability"
120609,2025-02-21,26.8,79,5.6,4.8,2025-02-22T00:00:00-05:00,24,69.49999999999999,,unknown,"Open-Meteo ERA5 reanalysis; retrospective, not operational availability"
120609,2025-02-22,26.4,84,27.6,4.5,2025-02-23T00:00:00-05:00,24,90.1,,unknown,"Open-Meteo ERA5 reanalysis; retrospective, not operational availability"
120609,2025-02-23,25.8,87,40.1,3.8,2025-02-24T00:00:00-05:00,24,119.19999999999999,,unknown,"Open-Meteo ERA5 reanalysis; retrospective, not operational availability"
120609,2025-02-24,28.9,75,12.7,4.9,2025-02-25T00:00:00-05:00,24,114.89999999999999,,unknown,"Open-Meteo ERA5 reanalysis; retrospective, not operational availability"
120609,2025-02-25,27.9,74,4.1,5.3,2025-02-26T00:00:00-05:00,24,101.39999999999998,,unknown,"Open-Meteo ERA5 reanalysis; retrospective, not operational availability"
120609,2025-02-26,26.6,78,0.5,5.6,2025-02-27T00:00:00-05:00,24,99.69999999999999,,unknown,"Open-Meteo ERA5 reanalysis; retrospective, not operational availability"
120609,2025-02-27,28.6,77,1.2,6.7,2025-02-28T00:00:00-05:00,24,91.79999999999998,,unknown,"Open-Meteo ERA5 reanalysis; retrospective, not operational availability"
120609,2025-02-28,27.4,82,5.8,3.8,2025-03-01T00:00:00-05:00,24,91.99999999999999,,unknown,"Open-Meteo ERA5 reanalysis; retrospective, not operational availability"
120609,2025-03-01,24.3,89,20.7,4.6,2025-03-02T00:00:00-05:00,24,85.09999999999998,,unknown,"Open-Meteo ERA5 reanalysis; retrospective, not operational availability"
120609,2025-03-02,25.8,83,5.7,4.4,2025-03-03T00:00:00-05:00,24,50.69999999999999,,unknown,"Open-Meteo ERA5 reanalysis; retrospective, not operational availability"
120609,2025-03-03,26.2,82,5.6,4.2,2025-03-04T00:00:00-05:00,24,43.59999999999998,,unknown,"Open-Meteo ERA5 reanalysis; retrospective, not operational availability"
120609,2025-03-04,24.8,81,4.0,3.2,2025-03-05T00:00:00-05:00,24,43.499999999999986,,unknown,"Open-Meteo ERA5 reanalysis; retrospective, not operational availability"
120609,2025-03-05,25.3,87,14.3,2.6,2025-03-06T00:00:00-05:00,24,57.29999999999999,,unknown,"Open-Meteo ERA5 reanalysis; retrospective, not operational availability"
120609,2025-03-06,25.6,82,4.5,4.2,2025-03-07T00:00:00-05:00,24,60.59999999999999,,unknown,"Open-Meteo ERA5 reanalysis; retrospective, not operational availability"
120609,2025-03-07,25.7,80,11.9,6.0,2025-03-08T00:00:00-05:00,24,66.69999999999999,,unknown,"Open-Meteo ERA5 reanalysis; retrospective, not operational availability"
120609,2025-03-08,23.0,88,19.0,5.3,2025-03-09T00:00:00-05:00,24,64.99999999999999,,unknown,"Open-Meteo ERA5 reanalysis; retrospective, not operational availability"
120609,2025-03-09,24.4,79,2.1,4.6,2025-03-10T00:00:00-05:00,24,61.399999999999984,,unknown,"Open-Meteo ERA5 reanalysis; retrospective, not operational availability"
120609,2025-03-10,24.3,84,3.9,4.7,2025-03-11T00:00:00-05:00,24,59.69999999999999,,unknown,"Open-Meteo ERA5 reanalysis; retrospective, not operational availability"
120609,2025-03-11,26.6,88,16.7,3.5,2025-03-12T00:00:00-05:00,24,72.39999999999999,,unknown,"Open-Meteo ERA5 reanalysis; retrospective, not operational availability"
120609,2025-03-12,25.2,87,16.7,4.5,2025-03-13T00:00:00-05:00,24,74.79999999999998,,unknown,"Open-Meteo ERA5 reanalysis; retrospective, not operational availability"
120609,2025-03-13,26.0,86,17.8,4.1,2025-03-14T00:00:00-05:00,24,88.09999999999998,,unknown,"Open-Meteo ERA5 reanalysis; retrospective, not operational availability"
120609,2025-03-14,23.0,90,158.1,3.5,2025-03-15T00:00:00-05:00,24,234.29999999999995,,unknown,"Open-Meteo ERA5 reanalysis; retrospective, not operational availability"
120609,2025-03-15,24.8,87,121.4,3.9,2025-03-16T00:00:00-05:00,24,336.7,,unknown,"Open-Meteo ERA5 reanalysis; retrospective, not operational availability"
120609,2025-03-16,22.7,88,29.5,4.7,2025-03-17T00:00:00-05:00,24,364.1,,unknown,"Open-Meteo ERA5 reanalysis; retrospective, not operational availability"
120609,2025-03-17,26.7,76,0.5,4.1,2025-03-18T00:00:00-05:00,24,360.7,,unknown,"Open-Meteo ERA5 reanalysis; retrospective, not operational availability"
120609,2025-03-18,25.4,84,8.4,4.8,2025-03-19T00:00:00-05:00,24,352.4,,unknown,"Open-Meteo ERA5 reanalysis; retrospective, not operational availability"
120609,2025-03-19,25.3,89,19.6,4.8,2025-03-20T00:00:00-05:00,24,355.3,,unknown,"Open-Meteo ERA5 reanalysis; retrospective, not operational availability"
120609,2025-03-20,25.1,90,78.5,4.7,2025-03-21T00:00:00-05:00,24,416.0,,unknown,"Open-Meteo ERA5 reanalysis; retrospective, not operational availability"
120609,2025-03-21,26.7,79,0.3,5.0,2025-03-22T00:00:00-05:00,24,258.2,,unknown,"Open-Meteo ERA5 reanalysis; retrospective, not operational availability"
120609,2025-03-22,27.7,77,1.7,5.2,2025-03-23T00:00:00-05:00,24,138.5,,unknown,"Open-Meteo ERA5 reanalysis; retrospective, not operational availability"
120609,2025-03-23,27.8,76,0.0,5.6,2025-03-24T00:00:00-05:00,24,109.0,,unknown,"Open-Meteo ERA5 reanalysis; retrospective, not operational availability"
120609,2025-03-24,29.4,73,0.3,4.5,2025-03-25T00:00:00-05:00,24,108.8,,unknown,"Open-Meteo ERA5 reanalysis; retrospective, not operational availability"
120609,2025-03-25,28.0,78,2.1,4.0,2025-03-26T00:00:00-05:00,24,102.5,,unknown,"Open-Meteo ERA5 reanalysis; retrospective, not operational availability"
120609,2025-03-26,27.3,81,3.4,4.8,2025-03-27T00:00:00-05:00,24,86.3,,unknown,"Open-Meteo ERA5 reanalysis; retrospective, not operational availability"
120609,2025-03-27,26.8,79,5.1,5.7,2025-03-28T00:00:00-05:00,24,12.899999999999999,,unknown,"Open-Meteo ERA5 reanalysis; retrospective, not operational availability"
120609,2025-03-28,27.6,77,1.5,5.2,2025-03-29T00:00:00-05:00,24,14.099999999999998,,unknown,"Open-Meteo ERA5 reanalysis; retrospective, not operational availability"
120609,2025-03-29,27.1,75,1.9,4.8,2025-03-30T00:00:00-05:00,24,14.299999999999999,,unknown,"Open-Meteo ERA5 reanalysis; retrospective, not operational availability"
120609,2025-03-30,26.7,76,2.3,3.8,2025-03-31T00:00:00-05:00,24,16.599999999999998,,unknown,"Open-Meteo ERA5 reanalysis; retrospective, not operational availability"
120609,2025-03-31,26.4,79,2.8,3.9,2025-04-01T00:00:00-05:00,24,19.099999999999998,,unknown,"Open-Meteo ERA5 reanalysis; retrospective, not operational availability"
120609,2025-04-01,27.0,76,0.7,5.2,2025-04-02T00:00:00-05:00,24,17.7,,unknown,"Open-Meteo ERA5 reanalysis; retrospective, not operational availability"
120609,2025-04-02,21.8,90,82.7,3.1,2025-04-03T00:00:00-05:00,24,97.0,,unknown,"Open-Meteo ERA5 reanalysis; retrospective, not operational availability"
120609,2025-04-03,25.9,82,15.2,5.6,2025-04-04T00:00:00-05:00,24,107.10000000000001,,unknown,"Open-Meteo ERA5 reanalysis; retrospective, not operational availability"
120609,2025-04-04,25.9,84,10.5,4.7,2025-04-05T00:00:00-05:00,24,116.10000000000001,,unknown,"Open-Meteo ERA5 reanalysis; retrospective, not operational availability"
120609,2025-04-05,24.0,88,56.9,5.3,2025-04-06T00:00:00-05:00,24,171.1,,unknown,"Open-Meteo ERA5 reanalysis; retrospective, not operational availability"
120609,2025-04-06,26.7,81,9.6,5.1,2025-04-07T00:00:00-05:00,24,178.39999999999998,,unknown,"Open-Meteo ERA5 reanalysis; retrospective, not operational availability"
120609,2025-04-07,27.0,78,1.4,6.0,2025-04-08T00:00:00-05:00,24,177.0,,unknown,"Open-Meteo ERA5 reanalysis; retrospective, not operational availability"
120609,2025-04-08,27.0,80,1.3,6.4,2025-04-09T00:00:00-05:00,24,177.6,,unknown,"Open-Meteo ERA5 reanalysis; retrospective, not operational availability"
120609,2025-04-09,23.2,90,10.3,3.9,2025-04-10T00:00:00-05:00,24,105.19999999999999,,unknown,"Open-Meteo ERA5 reanalysis; retrospective, not operational availability"
120609,2025-04-10,27.6,78,2.8,5.5,2025-04-11T00:00:00-05:00,24,92.8,,unknown,"Open-Meteo ERA5 reanalysis; retrospective, not operational availability"
120609,2025-04-11,26.4,77,11.7,4.8,2025-04-12T00:00:00-05:00,24,93.99999999999999,,unknown,"Open-Meteo ERA5 reanalysis; retrospective, not operational availability"
120609,2025-04-12,27.2,75,4.0,3.9,2025-04-13T00:00:00-05:00,24,41.099999999999994,,unknown,"Open-Meteo ERA5 reanalysis; retrospective, not operational availability"
120609,2025-04-13,28.0,73,1.3,6.0,2025-04-14T00:00:00-05:00,24,32.8,,unknown,"Open-Meteo ERA5 reanalysis; retrospective, not operational availability"
120609,2025-04-14,26.1,75,1.4,3.7,2025-04-15T00:00:00-05:00,24,32.8,,unknown,"Open-Meteo ERA5 reanalysis; retrospective, not operational availability"
120609,2025-04-15,27.1,73,0.8,5.5,2025-04-16T00:00:00-05:00,24,32.3,,unknown,"Open-Meteo ERA5 reanalysis; retrospective, not operational availability"
120609,2025-04-16,29.0,76,0.5,5.1,2025-04-17T00:00:00-05:00,24,22.5,,unknown,"Open-Meteo ERA5 reanalysis; retrospective, not operational availability"
120609,2025-04-17,27.1,78,1.5,5.4,2025-04-18T00:00:00-05:00,24,21.2,,unknown,"Open-Meteo ERA5 reanalysis; retrospective, not operational availability"
120609,2025-04-18,28.2,78,0.1,5.3,2025-04-19T00:00:00-05:00,24,9.6,,unknown,"Open-Meteo ERA5 reanalysis; retrospective, not operational availability"
120609,2025-04-19,27.6,79,1.4,5.2,2025-04-20T00:00:00-05:00,24,7.0,,unknown,"Open-Meteo ERA5 reanalysis; retrospective, not operational availability"
120609,2025-04-20,24.5,90,12.5,4.4,2025-04-21T00:00:00-05:00,24,18.2,,unknown,"Open-Meteo ERA5 reanalysis; retrospective, not operational availability"
120609,2025-04-21,27.4,79,1.1,5.5,2025-04-22T00:00:00-05:00,24,17.900000000000002,,unknown,"Open-Meteo ERA5 reanalysis; retrospective, not operational availability"
120609,2025-04-22,27.0,77,4.4,4.2,2025-04-23T00:00:00-05:00,24,21.5,,unknown,"Open-Meteo ERA5 reanalysis; retrospective, not operational availability"
120609,2025-04-23,28.3,75,0.9,5.1,2025-04-24T00:00:00-05:00,24,21.9,,unknown,"Open-Meteo ERA5 reanalysis; retrospective, not operational availability"
120609,2025-04-24,29.2,73,0.3,4.6,2025-04-25T00:00:00-05:00,24,20.7,,unknown,"Open-Meteo ERA5 reanalysis; retrospective, not operational availability"
120609,2025-04-25,28.2,76,2.2,4.5,2025-04-26T00:00:00-05:00,24,22.799999999999997,,unknown,"Open-Meteo ERA5 reanalysis; retrospective, not operational availability"
120609,2025-04-26,27.6,78,3.0,4.3,2025-04-27T00:00:00-05:00,24,24.4,,unknown,"Open-Meteo ERA5 reanalysis; retrospective, not operational availability"
120609,2025-04-27,27.1,74,1.7,4.8,2025-04-28T00:00:00-05:00,24,13.6,,unknown,"Open-Meteo ERA5 reanalysis; retrospective, not operational availability"
120609,2025-04-28,26.5,77,1.0,5.6,2025-04-29T00:00:00-05:00,24,13.5,,unknown,"Open-Meteo ERA5 reanalysis; retrospective, not operational availability"
120609,2025-04-29,25.9,81,1.5,5.5,2025-04-30T00:00:00-05:00,24,10.6,,unknown,"Open-Meteo ERA5 reanalysis; retrospective, not operational availability"
120609,2025-04-30,25.7,83,3.5,4.9,2025-05-01T00:00:00-05:00,24,13.2,,unknown,"Open-Meteo ERA5 reanalysis; retrospective, not operational availability"
120609,2025-05-01,26.3,80,6.6,5.5,2025-05-02T00:00:00-05:00,24,19.5,,unknown,"Open-Meteo ERA5 reanalysis; retrospective, not operational availability"
120609,2025-05-02,28.0,77,1.3,5.1,2025-05-03T00:00:00-05:00,24,18.599999999999998,,unknown,"Open-Meteo ERA5 reanalysis; retrospective, not operational availability"
120609,2025-05-03,25.4,86,3.3,3.5,2025-05-04T00:00:00-05:00,24,18.9,,unknown,"Open-Meteo ERA5 reanalysis; retrospective, not operational availability"
120609,2025-05-04,25.3,87,19.3,3.4,2025-05-05T00:00:00-05:00,24,36.5,,unknown,"Open-Meteo ERA5 reanalysis; retrospective, not operational availability"
120609,2025-05-05,25.5,83,4.5,3.3,2025-05-06T00:00:00-05:00,24,40.0,,unknown,"Open-Meteo ERA5 reanalysis; retrospective, not operational availability"
120609,2025-05-06,27.6,78,3.0,4.1,2025-05-07T00:00:00-05:00,24,41.5,,unknown,"Open-Meteo ERA5 reanalysis; retrospective, not operational availability"
120609,2025-05-07,28.5,74,0.0,5.6,2025-05-08T00:00:00-05:00,24,38.0,,unknown,"Open-Meteo ERA5 reanalysis; retrospective, not operational availability"
120609,2025-05-08,28.4,77,0.2,4.7,2025-05-09T00:00:00-05:00,24,31.599999999999998,,unknown,"Open-Meteo ERA5 reanalysis; retrospective, not operational availability"
120609,2025-05-09,27.7,78,1.9,4.9,2025-05-10T00:00:00-05:00,24,32.199999999999996,,unknown,"Open-Meteo ERA5 reanalysis; retrospective, not operational availability"
120609,2025-05-10,25.7,81,8.8,5.3,2025-05-11T00:00:00-05:00,24,37.7,,unknown,"Open-Meteo ERA5 reanalysis; retrospective, not operational availability"
120609,2025-05-11,25.7,81,15.3,6.3,2025-05-12T00:00:00-05:00,24,33.7,,unknown,"Open-Meteo ERA5 reanalysis; retrospective, not operational availability"
120609,2025-05-12,26.3,82,13.6,4.7,2025-05-13T00:00:00-05:00,24,42.8,,unknown,"Open-Meteo ERA5 reanalysis; retrospective, not operational availability"
120609,2025-05-13,27.2,78,0.0,5.4,2025-05-14T00:00:00-05:00,24,39.8,,unknown,"Open-Meteo ERA5 reanalysis; retrospective, not operational availability"
120609,2025-05-14,26.6,80,1.5,5.5,2025-05-15T00:00:00-05:00,24,41.3,,unknown,"Open-Meteo ERA5 reanalysis; retrospective, not operational availability"
120609,2025-05-15,27.1,84,4.7,5.2,2025-05-16T00:00:00-05:00,24,45.8,,unknown,"Open-Meteo ERA5 reanalysis; retrospective, not operational availability"
120609,2025-05-16,26.8,86,20.9,3.4,2025-05-17T00:00:00-05:00,24,64.8,,unknown,"Open-Meteo ERA5 reanalysis; retrospective, not operational availability"
120609,2025-05-17,27.1,80,0.9,5.9,2025-05-18T00:00:00-05:00,24,56.9,,unknown,"Open-Meteo ERA5 reanalysis; retrospective, not operational availability"
120609,2025-05-18,27.2,77,0.2,5.0,2025-05-19T00:00:00-05:00,24,41.8,,unknown,"Open-Meteo ERA5 reanalysis; retrospective, not operational availability"
120609,2025-05-19,26.2,78,0.2,5.1,2025-05-20T00:00:00-05:00,24,28.4,,unknown,"Open-Meteo ERA5 reanalysis; retrospective, not operational availability"
120609,2025-05-20,24.8,88,4.8,4.0,2025-05-21T00:00:00-05:00,24,33.199999999999996,,unknown,"Open-Meteo ERA5 reanalysis; retrospective, not operational availability"
120609,2025-05-21,24.2,91,13.4,4.6,2025-05-22T00:00:00-05:00,24,45.099999999999994,,unknown,"Open-Meteo ERA5 reanalysis; retrospective, not operational availability"
120609,2025-05-22,26.6,87,2.8,5.4,2025-05-23T00:00:00-05:00,24,43.199999999999996,,unknown,"Open-Meteo ERA5 reanalysis; retrospective, not operational availability"
120609,2025-05-23,25.3,86,17.5,3.9,2025-05-24T00:00:00-05:00,24,39.8,,unknown,"Open-Meteo ERA5 reanalysis; retrospective, not operational availability"
120609,2025-05-24,26.3,80,3.5,5.2,2025-05-25T00:00:00-05:00,24,42.400000000000006,,unknown,"Open-Meteo ERA5 reanalysis; retrospective, not operational availability"
120609,2025-05-25,24.4,85,2.1,4.3,2025-05-26T00:00:00-05:00,24,44.3,,unknown,"Open-Meteo ERA5 reanalysis; retrospective, not operational availability"
120609,2025-05-26,27.3,77,1.6,6.2,2025-05-27T00:00:00-05:00,24,45.7,,unknown,"Open-Meteo ERA5 reanalysis; retrospective, not operational availability"
120609,2025-05-27,26.4,80,4.1,5.5,2025-05-28T00:00:00-05:00,24,45.0,,unknown,"Open-Meteo ERA5 reanalysis; retrospective, not operational availability"
120609,2025-05-28,27.1,80,1.7,5.6,2025-05-29T00:00:00-05:00,24,33.3,,unknown,"Open-Meteo ERA5 reanalysis; retrospective, not operational availability"
120609,2025-05-29,24.7,80,7.0,7.0,2025-05-30T00:00:00-05:00,24,37.5,,unknown,"Open-Meteo ERA5 reanalysis; retrospective, not operational availability"
120609,2025-05-30,25.1,82,5.4,3.7,2025-05-31T00:00:00-05:00,24,25.4,,unknown,"Open-Meteo ERA5 reanalysis; retrospective, not operational availability"
120609,2025-05-31,27.4,75,0.8,5.2,2025-06-01T00:00:00-05:00,24,22.7,,unknown,"Open-Meteo ERA5 reanalysis; retrospective, not operational availability"
120609,2025-06-01,24.0,86,7.8,4.2,2025-06-02T00:00:00-05:00,24,28.4,,unknown,"Open-Meteo ERA5 reanalysis; retrospective, not operational availability"
120609,2025-06-02,26.0,82,0.2,4.9,2025-06-03T00:00:00-05:00,24,27.0,,unknown,"Open-Meteo ERA5 reanalysis; retrospective, not operational availability"
120609,2025-06-03,26.7,76,0.0,7.9,2025-06-04T00:00:00-05:00,24,22.9,,unknown,"Open-Meteo ERA5 reanalysis; retrospective, not operational availability"
120609,2025-06-04,25.5,78,0.4,4.9,2025-06-05T00:00:00-05:00,24,21.6,,unknown,"Open-Meteo ERA5 reanalysis; retrospective, not operational availability"
120609,2025-06-05,26.3,77,0.0,6.3,2025-06-06T00:00:00-05:00,24,14.6,,unknown,"Open-Meteo ERA5 reanalysis; retrospective, not operational availability"
120609,2025-06-06,25.1,76,0.0,6.2,2025-06-07T00:00:00-05:00,24,9.2,,unknown,"Open-Meteo ERA5 reanalysis; retrospective, not operational availability"
120609,2025-06-07,26.2,78,0.4,6.6,2025-06-08T00:00:00-05:00,24,8.799999999999999,,unknown,"Open-Meteo ERA5 reanalysis; retrospective, not operational availability"
120609,2025-06-08,25.7,79,1.6,6.0,2025-06-09T00:00:00-05:00,24,2.6,,unknown,"Open-Meteo ERA5 reanalysis; retrospective, not operational availability"
120609,2025-06-09,26.4,81,0.8,5.5,2025-06-10T00:00:00-05:00,24,3.2,,unknown,"Open-Meteo ERA5 reanalysis; retrospective, not operational availability"
120609,2025-06-10,23.2,86,4.7,5.4,2025-06-11T00:00:00-05:00,24,7.9,,unknown,"Open-Meteo ERA5 reanalysis; retrospective, not operational availability"
120609,2025-06-11,24.5,84,9.5,5.3,2025-06-12T00:00:00-05:00,24,17.0,,unknown,"Open-Meteo ERA5 reanalysis; retrospective, not operational availability"
120609,2025-06-12,24.9,81,4.1,5.2,2025-06-13T00:00:00-05:00,24,21.1,,unknown,"Open-Meteo ERA5 reanalysis; retrospective, not operational availability"
120609,2025-06-13,25.0,85,4.8,4.0,2025-06-14T00:00:00-05:00,24,25.9,,unknown,"Open-Meteo ERA5 reanalysis; retrospective, not operational availability"
120609,2025-06-14,24.7,83,2.7,4.6,2025-06-15T00:00:00-05:00,24,28.199999999999996,,unknown,"Open-Meteo ERA5 reanalysis; retrospective, not operational availability"
120609,2025-06-15,22.6,92,4.2,5.4,2025-06-16T00:00:00-05:00,24,30.8,,unknown,"Open-Meteo ERA5 reanalysis; retrospective, not operational availability"
120609,2025-06-16,22.5,88,2.8,5.4,2025-06-17T00:00:00-05:00,24,32.8,,unknown,"Open-Meteo ERA5 reanalysis; retrospective, not operational availability"
120609,2025-06-17,24.1,87,2.2,3.8,2025-06-18T00:00:00-05:00,24,30.3,,unknown,"Open-Meteo ERA5 reanalysis; retrospective, not operational availability"
120609,2025-06-18,23.5,85,0.8,5.2,2025-06-19T00:00:00-05:00,24,21.6,,unknown,"Open-Meteo ERA5 reanalysis; retrospective, not operational availability"
120609,2025-06-19,24.8,80,0.0,5.1,2025-06-20T00:00:00-05:00,24,17.5,,unknown,"Open-Meteo ERA5 reanalysis; retrospective, not operational availability"
120609,2025-06-20,26.1,80,0.0,6.5,2025-06-21T00:00:00-05:00,24,12.700000000000001,,unknown,"Open-Meteo ERA5 reanalysis; retrospective, not operational availability"
120609,2025-06-21,25.5,79,0.0,5.7,2025-06-22T00:00:00-05:00,24,10.0,,unknown,"Open-Meteo ERA5 reanalysis; retrospective, not operational availability"
120609,2025-06-22,25.7,80,0.7,5.9,2025-06-23T00:00:00-05:00,24,6.5,,unknown,"Open-Meteo ERA5 reanalysis; retrospective, not operational availability"
120609,2025-06-23,26.8,73,0.0,4.9,2025-06-24T00:00:00-05:00,24,3.7,,unknown,"Open-Meteo ERA5 reanalysis; retrospective, not operational availability"
120609,2025-06-24,26.4,75,2.1,5.1,2025-06-25T00:00:00-05:00,24,3.6,,unknown,"Open-Meteo ERA5 reanalysis; retrospective, not operational availability"
120609,2025-06-25,24.9,80,5.9,6.9,2025-06-26T00:00:00-05:00,24,8.7,,unknown,"Open-Meteo ERA5 reanalysis; retrospective, not operational availability"
120609,2025-06-26,25.0,79,1.7,6.5,2025-06-27T00:00:00-05:00,24,10.4,,unknown,"Open-Meteo ERA5 reanalysis; retrospective, not operational availability"
120609,2025-06-27,23.9,85,2.2,4.6,2025-06-28T00:00:00-05:00,24,12.600000000000001,,unknown,"Open-Meteo ERA5 reanalysis; retrospective, not operational availability"
120609,2025-06-28,25.9,81,0.7,5.7,2025-06-29T00:00:00-05:00,24,13.3,,unknown,"Open-Meteo ERA5 reanalysis; retrospective, not operational availability"
120609,2025-06-29,24.2,81,3.0,4.8,2025-06-30T00:00:00-05:00,24,15.600000000000001,,unknown,"Open-Meteo ERA5 reanalysis; retrospective, not operational availability"
120609,2025-06-30,25.3,81,0.6,6.9,2025-07-01T00:00:00-05:00,24,16.200000000000003,,unknown,"Open-Meteo ERA5 reanalysis; retrospective, not operational availability"
120609,2025-07-01,22.2,87,6.8,5.4,2025-07-02T00:00:00-05:00,24,20.9,,unknown,"Open-Meteo ERA5 reanalysis; retrospective, not operational availability"
120609,2025-07-02,23.4,81,4.1,4.7,2025-07-03T00:00:00-05:00,24,19.1,,unknown,"Open-Meteo ERA5 reanalysis; retrospective, not operational availability"
120609,2025-07-03,22.2,84,10.6,5.0,2025-07-04T00:00:00-05:00,24,28.0,,unknown,"Open-Meteo ERA5 reanalysis; retrospective, not operational availability"
120609,2025-07-04,25.3,78,0.0,6.8,2025-07-05T00:00:00-05:00,24,25.799999999999997,,unknown,"Open-Meteo ERA5 reanalysis; retrospective, not operational availability"
120609,2025-07-05,25.4,76,0.0,6.1,2025-07-06T00:00:00-05:00,24,25.099999999999998,,unknown,"Open-Meteo ERA5 reanalysis; retrospective, not operational availability"
120609,2025-07-06,25.5,77,0.1,6.3,2025-07-07T00:00:00-05:00,24,22.2,,unknown,"Open-Meteo ERA5 reanalysis; retrospective, not operational availability"
120609,2025-07-07,25.8,74,0.0,6.0,2025-07-08T00:00:00-05:00,24,21.599999999999998,,unknown,"Open-Meteo ERA5 reanalysis; retrospective, not operational availability"
120609,2025-07-08,24.5,71,0.0,6.6,2025-07-09T00:00:00-05:00,24,14.799999999999999,,unknown,"Open-Meteo ERA5 reanalysis; retrospective, not operational availability"
120609,2025-07-09,25.5,73,0.0,6.1,2025-07-10T00:00:00-05:00,24,10.7,,unknown,"Open-Meteo ERA5 reanalysis; retrospective, not operational availability"
120609,2025-07-10,25.1,74,0.0,6.2,2025-07-11T00:00:00-05:00,24,0.09999999999999823,,unknown,"Open-Meteo ERA5 reanalysis; retrospective, not operational availability"
120609,2025-07-11,24.5,73,0.0,5.6,2025-07-12T00:00:00-05:00,24,0.09999999999999823,,unknown,"Open-Meteo ERA5 reanalysis; retrospective, not operational availability"
120609,2025-07-12,24.2,78,0.0,6.4,2025-07-13T00:00:00-05:00,24,0.09999999999999823,,unknown,"Open-Meteo ERA5 reanalysis; retrospective, not operational availability"
120609,2025-07-13,24.3,79,0.0,5.0,2025-07-14T00:00:00-05:00,24,0.0,,unknown,"Open-Meteo ERA5 reanalysis; retrospective, not operational availability"
120609,2025-07-14,25.6,76,0.0,6.1,2025-07-15T00:00:00-05:00,24,0.0,,unknown,"Open-Meteo ERA5 reanalysis; retrospective, not operational availability"
120609,2025-07-15,25.8,74,0.0,5.4,2025-07-16T00:00:00-05:00,24,0.0,,unknown,"Open-Meteo ERA5 reanalysis; retrospective, not operational availability"
120609,2025-07-16,25.6,75,0.0,5.7,2025-07-17T00:00:00-05:00,24,0.0,,unknown,"Open-Meteo ERA5 reanalysis; retrospective, not operational availability"
120609,2025-07-17,23.2,76,1.7,6.6,2025-07-18T00:00:00-05:00,24,1.6999999999999982,,unknown,"Open-Meteo ERA5 reanalysis; retrospective, not operational availability"
120609,2025-07-18,21.8,87,6.9,4.7,2025-07-19T00:00:00-05:00,24,8.599999999999998,,unknown,"Open-Meteo ERA5 reanalysis; retrospective, not operational availability"
120609,2025-07-19,24.4,80,1.6,6.5,2025-07-20T00:00:00-05:00,24,10.2,,unknown,"Open-Meteo ERA5 reanalysis; retrospective, not operational availability"
120609,2025-07-20,25.8,77,0.0,6.4,2025-07-21T00:00:00-05:00,24,10.2,,unknown,"Open-Meteo ERA5 reanalysis; retrospective, not operational availability"
120609,2025-07-21,26.5,74,0.0,5.3,2025-07-22T00:00:00-05:00,24,10.2,,unknown,"Open-Meteo ERA5 reanalysis; retrospective, not operational availability"
120609,2025-07-22,27.3,72,0.0,5.6,2025-07-23T00:00:00-05:00,24,10.2,,unknown,"Open-Meteo ERA5 reanalysis; retrospective, not operational availability"
120609,2025-07-23,25.6,76,0.2,5.7,2025-07-24T00:00:00-05:00,24,10.399999999999999,,unknown,"Open-Meteo ERA5 reanalysis; retrospective, not operational availability"
120609,2025-07-24,26.4,76,0.1,6.0,2025-07-25T00:00:00-05:00,24,8.799999999999999,,unknown,"Open-Meteo ERA5 reanalysis; retrospective, not operational availability"
120609,2025-07-25,26.7,74,0.7,5.1,2025-07-26T00:00:00-05:00,24,2.5999999999999983,,unknown,"Open-Meteo ERA5 reanalysis; retrospective, not operational availability"
120609,2025-07-26,25.9,75,0.2,6.2,2025-07-27T00:00:00-05:00,24,1.1999999999999982,,unknown,"Open-Meteo ERA5 reanalysis; retrospective, not operational availability"
120609,2025-07-27,26.0,73,0.0,4.4,2025-07-28T00:00:00-05:00,24,1.1999999999999982,,unknown,"Open-Meteo ERA5 reanalysis; retrospective, not operational availability"
120609,2025-07-28,26.1,72,0.1,6.5,2025-07-29T00:00:00-05:00,24,1.2999999999999983,,unknown,"Open-Meteo ERA5 reanalysis; retrospective, not operational availability"
120609,2025-07-29,24.7,75,3.2,5.7,2025-07-30T00:00:00-05:00,24,4.499999999999998,,unknown,"Open-Meteo ERA5 reanalysis; retrospective, not operational availability"
120609,2025-07-30,25.5,80,4.9,7.0,2025-07-31T00:00:00-05:00,24,9.2,,unknown,"Open-Meteo ERA5 reanalysis; retrospective, not operational availability"
120609,2025-07-31,24.6,79,4.4,6.5,2025-08-01T00:00:00-05:00,24,13.5,,unknown,"Open-Meteo ERA5 reanalysis; retrospective, not operational availability"
120609,2025-08-01,26.6,76,2.5,7.1,2025-08-02T00:00:00-05:00,24,15.3,,unknown,"Open-Meteo ERA5 reanalysis; retrospective, not operational availability"
120609,2025-08-02,26.4,73,2.8,5.6,2025-08-03T00:00:00-05:00,24,17.9,,unknown,"Open-Meteo ERA5 reanalysis; retrospective, not operational availability"
120609,2025-08-03,26.0,74,0.2,6.5,2025-08-04T00:00:00-05:00,24,18.099999999999998,,unknown,"Open-Meteo ERA5 reanalysis; retrospective, not operational availability"
120609,2025-08-04,26.8,72,0.0,6.6,2025-08-05T00:00:00-05:00,24,17.999999999999996,,unknown,"Open-Meteo ERA5 reanalysis; retrospective, not operational availability"
120609,2025-08-05,23.6,80,0.6,4.0,2025-08-06T00:00:00-05:00,24,15.399999999999999,,unknown,"Open-Meteo ERA5 reanalysis; retrospective, not operational availability"
120609,2025-08-06,25.7,79,0.0,6.0,2025-08-07T00:00:00-05:00,24,10.5,,unknown,"Open-Meteo ERA5 reanalysis; retrospective, not operational availability"
120609,2025-08-07,26.9,73,1.5,6.9,2025-08-08T00:00:00-05:00,24,7.599999999999998,,unknown,"Open-Meteo ERA5 reanalysis; retrospective, not operational availability"
120609,2025-08-08,24.3,77,2.1,4.6,2025-08-09T00:00:00-05:00,24,7.199999999999998,,unknown,"Open-Meteo ERA5 reanalysis; retrospective, not operational availability"
120609,2025-08-09,23.9,83,11.4,4.5,2025-08-10T00:00:00-05:00,24,15.799999999999999,,unknown,"Open-Meteo ERA5 reanalysis; retrospective, not operational availability"
120609,2025-08-10,24.9,83,10.6,5.0,2025-08-11T00:00:00-05:00,24,26.2,,unknown,"Open-Meteo ERA5 reanalysis; retrospective, not operational availability"
120609,2025-08-11,25.7,82,4.9,5.2,2025-08-12T00:00:00-05:00,24,31.1,,unknown,"Open-Meteo ERA5 reanalysis; retrospective, not operational availability"
120609,2025-08-12,26.1,77,0.5,5.6,2025-08-13T00:00:00-05:00,24,31.0,,unknown,"Open-Meteo ERA5 reanalysis; retrospective, not operational availability"
120609,2025-08-13,26.7,74,0.8,6.4,2025-08-14T00:00:00-05:00,24,31.799999999999997,,unknown,"Open-Meteo ERA5 reanalysis; retrospective, not operational availability"
120609,2025-08-14,22.5,85,8.2,4.7,2025-08-15T00:00:00-05:00,24,38.5,,unknown,"Open-Meteo ERA5 reanalysis; retrospective, not operational availability"
120609,2025-08-15,24.0,86,9.1,5.0,2025-08-16T00:00:00-05:00,24,45.5,,unknown,"Open-Meteo ERA5 reanalysis; retrospective, not operational availability"
120609,2025-08-16,25.0,82,2.0,4.4,2025-08-17T00:00:00-05:00,24,36.099999999999994,,unknown,"Open-Meteo ERA5 reanalysis; retrospective, not operational availability"
120609,2025-08-17,27.0,77,0.5,6.0,2025-08-18T00:00:00-05:00,24,25.999999999999996,,unknown,"Open-Meteo ERA5 reanalysis; retrospective, not operational availability"
120609,2025-08-18,25.2,77,0.1,4.7,2025-08-19T00:00:00-05:00,24,21.2,,unknown,"Open-Meteo ERA5 reanalysis; retrospective, not operational availability"
120609,2025-08-19,26.0,78,0.4,4.6,2025-08-20T00:00:00-05:00,24,21.099999999999998,,unknown,"Open-Meteo ERA5 reanalysis; retrospective, not operational availability"
120609,2025-08-20,26.5,76,1.5,5.0,2025-08-21T00:00:00-05:00,24,21.799999999999997,,unknown,"Open-Meteo ERA5 reanalysis; retrospective, not operational availability"
120609,2025-08-21,26.7,76,1.0,5.9,2025-08-22T00:00:00-05:00,24,14.599999999999998,,unknown,"Open-Meteo ERA5 reanalysis; retrospective, not operational availability"
120609,2025-08-22,26.5,76,0.8,6.1,2025-08-23T00:00:00-05:00,24,6.299999999999998,,unknown,"Open-Meteo ERA5 reanalysis; retrospective, not operational availability"
120609,2025-08-23,25.3,75,1.9,5.1,2025-08-24T00:00:00-05:00,24,6.199999999999998,,unknown,"Open-Meteo ERA5 reanalysis; retrospective, not operational availability"
120609,2025-08-24,25.5,77,2.5,4.7,2025-08-25T00:00:00-05:00,24,8.2,,unknown,"Open-Meteo ERA5 reanalysis; retrospective, not operational availability"
120609,2025-08-25,23.9,81,5.8,5.0,2025-08-26T00:00:00-05:00,24,13.899999999999999,,unknown,"Open-Meteo ERA5 reanalysis; retrospective, not operational availability"
120609,2025-08-26,23.2,84,3.9,4.6,2025-08-27T00:00:00-05:00,24,17.4,,unknown,"Open-Meteo ERA5 reanalysis; retrospective, not operational availability"
120609,2025-08-27,26.1,77,0.8,5.4,2025-08-28T00:00:00-05:00,24,16.7,,unknown,"Open-Meteo ERA5 reanalysis; retrospective, not operational availability"
120609,2025-08-28,24.6,79,1.2,4.8,2025-08-29T00:00:00-05:00,24,16.9,,unknown,"Open-Meteo ERA5 reanalysis; retrospective, not operational availability"
120609,2025-08-29,26.5,74,0.1,4.6,2025-08-30T00:00:00-05:00,24,16.199999999999996,,unknown,"Open-Meteo ERA5 reanalysis; retrospective, not operational availability"
120609,2025-08-30,27.3,68,0.8,5.8,2025-08-31T00:00:00-05:00,24,15.1,,unknown,"Open-Meteo ERA5 reanalysis; retrospective, not operational availability"
120609,2025-08-31,26.8,70,0.2,5.4,2025-09-01T00:00:00-05:00,24,12.799999999999997,,unknown,"Open-Meteo ERA5 reanalysis; retrospective, not operational availability"
120609,2025-09-01,27.6,73,0.0,5.8,2025-09-02T00:00:00-05:00,24,6.999999999999998,,unknown,"Open-Meteo ERA5 reanalysis; retrospective, not operational availability"
120609,2025-09-02,26.1,71,0.5,5.4,2025-09-03T00:00:00-05:00,24,3.5999999999999983,,unknown,"Open-Meteo ERA5 reanalysis; retrospective, not operational availability"
120609,2025-09-03,26.0,73,0.7,6.2,2025-09-04T00:00:00-05:00,24,3.4999999999999982,,unknown,"Open-Meteo ERA5 reanalysis; retrospective, not operational availability"
120609,2025-09-04,26.2,74,1.0,5.6,2025-09-05T00:00:00-05:00,24,3.299999999999998,,unknown,"Open-Meteo ERA5 reanalysis; retrospective, not operational availability"
120609,2025-09-05,25.9,72,0.0,4.4,2025-09-06T00:00:00-05:00,24,3.1999999999999984,,unknown,"Open-Meteo ERA5 reanalysis; retrospective, not operational availability"
120609,2025-09-06,22.0,82,5.2,5.5,2025-09-07T00:00:00-05:00,24,7.599999999999999,,unknown,"Open-Meteo ERA5 reanalysis; retrospective, not operational availability"
120609,2025-09-07,25.5,81,2.0,5.3,2025-09-08T00:00:00-05:00,24,9.399999999999999,,unknown,"Open-Meteo ERA5 reanalysis; retrospective, not operational availability"
120609,2025-09-08,26.8,75,0.3,4.7,2025-09-09T00:00:00-05:00,24,9.7,,unknown,"Open-Meteo ERA5 reanalysis; retrospective, not operational availability"
120609,2025-09-09,27.3,71,0.0,6.1,2025-09-10T00:00:00-05:00,24,9.2,,unknown,"Open-Meteo ERA5 reanalysis; retrospective, not operational availability"
120609,2025-09-10,26.3,72,0.6,6.6,2025-09-11T00:00:00-05:00,24,9.1,,unknown,"Open-Meteo ERA5 reanalysis; retrospective, not operational availability"
120609,2025-09-11,27.0,71,0.0,6.1,2025-09-12T00:00:00-05:00,24,8.1,,unknown,"Open-Meteo ERA5 reanalysis; retrospective, not operational availability"
120609,2025-09-12,26.6,65,0.2,5.6,2025-09-13T00:00:00-05:00,24,8.299999999999999,,unknown,"Open-Meteo ERA5 reanalysis; retrospective, not operational availability"
120609,2025-09-13,28.7,67,0.3,5.4,2025-09-14T00:00:00-05:00,24,3.399999999999998,,unknown,"Open-Meteo ERA5 reanalysis; retrospective, not operational availability"
120609,2025-09-14,28.2,67,0.0,6.8,2025-09-15T00:00:00-05:00,24,1.3999999999999981,,unknown,"Open-Meteo ERA5 reanalysis; retrospective, not operational availability"
120609,2025-09-15,27.7,66,0.0,5.8,2025-09-16T00:00:00-05:00,24,1.099999999999998,,unknown,"Open-Meteo ERA5 reanalysis; retrospective, not operational availability"
120609,2025-09-16,28.2,67,0.4,5.8,2025-09-17T00:00:00-05:00,24,1.4999999999999982,,unknown,"Open-Meteo ERA5 reanalysis; retrospective, not operational availability"
120609,2025-09-17,26.9,70,1.2,4.3,2025-09-18T00:00:00-05:00,24,2.099999999999998,,unknown,"Open-Meteo ERA5 reanalysis; retrospective, not operational availability"
120609,2025-09-18,29.1,64,0.4,6.4,2025-09-19T00:00:00-05:00,24,2.4999999999999982,,unknown,"Open-Meteo ERA5 reanalysis; retrospective, not operational availability"
120609,2025-09-19,27.5,69,0.0,6.9,2025-09-20T00:00:00-05:00,24,2.299999999999998,,unknown,"Open-Meteo ERA5 reanalysis; retrospective, not operational availability"
120609,2025-09-20,29.9,61,0.1,6.6,2025-09-21T00:00:00-05:00,24,2.0999999999999983,,unknown,"Open-Meteo ERA5 reanalysis; retrospective, not operational availability"
120609,2025-09-21,29.7,63,0.0,5.1,2025-09-22T00:00:00-05:00,24,2.0999999999999983,,unknown,"Open-Meteo ERA5 reanalysis; retrospective, not operational availability"
120609,2025-09-22,29.1,66,0.0,6.3,2025-09-23T00:00:00-05:00,24,2.0999999999999983,,unknown,"Open-Meteo ERA5 reanalysis; retrospective, not operational availability"
120609,2025-09-23,25.2,76,3.4,5.5,2025-09-24T00:00:00-05:00,24,5.099999999999998,,unknown,"Open-Meteo ERA5 reanalysis; retrospective, not operational availability"
120609,2025-09-24,26.7,74,0.0,6.2,2025-09-25T00:00:00-05:00,24,3.899999999999998,,unknown,"Open-Meteo ERA5 reanalysis; retrospective, not operational availability"
120609,2025-09-25,26.5,71,6.1,7.4,2025-09-26T00:00:00-05:00,24,9.599999999999998,,unknown,"Open-Meteo ERA5 reanalysis; retrospective, not operational availability"
120609,2025-09-26,24.9,82,29.2,5.1,2025-09-27T00:00:00-05:00,24,38.8,,unknown,"Open-Meteo ERA5 reanalysis; retrospective, not operational availability"
120609,2025-09-27,26.3,76,0.0,5.9,2025-09-28T00:00:00-05:00,24,38.699999999999996,,unknown,"Open-Meteo ERA5 reanalysis; retrospective, not operational availability"
120609,2025-09-28,27.1,69,0.1,5.6,2025-09-29T00:00:00-05:00,24,38.8,,unknown,"Open-Meteo ERA5 reanalysis; retrospective, not operational availability"
120609,2025-09-29,27.0,69,0.1,5.8,2025-09-30T00:00:00-05:00,24,38.9,,unknown,"Open-Meteo ERA5 reanalysis; retrospective, not operational availability"
120609,2025-09-30,26.8,71,0.3,4.9,2025-10-01T00:00:00-05:00,24,35.8,,unknown,"Open-Meteo ERA5 reanalysis; retrospective, not operational availability"
120609,2025-10-01,25.1,78,2.6,5.8,2025-10-02T00:00:00-05:00,24,38.4,,unknown,"Open-Meteo ERA5 reanalysis; retrospective, not operational availability"
120609,2025-10-02,26.9,79,13.5,4.9,2025-10-03T00:00:00-05:00,24,45.8,,unknown,"Open-Meteo ERA5 reanalysis; retrospective, not operational availability"
120609,2025-10-03,25.3,80,9.5,3.6,2025-10-04T00:00:00-05:00,24,26.1,,unknown,"Open-Meteo ERA5 reanalysis; retrospective, not operational availability"
120609,2025-10-04,28.8,73,0.7,5.7,2025-10-05T00:00:00-05:00,24,26.8,,unknown,"Open-Meteo ERA5 reanalysis; retrospective, not operational availability"
120609,2025-10-05,28.0,74,0.8,5.0,2025-10-06T00:00:00-05:00,24,27.5,,unknown,"Open-Meteo ERA5 reanalysis; retrospective, not operational availability"
120609,2025-10-06,28.6,70,0.0,5.5,2025-10-07T00:00:00-05:00,24,27.4,,unknown,"Open-Meteo ERA5 reanalysis; retrospective, not operational availability"
120609,2025-10-07,27.2,71,0.9,5.1,2025-10-08T00:00:00-05:00,24,28.0,,unknown,"Open-Meteo ERA5 reanalysis; retrospective, not operational availability"
120609,2025-10-08,25.6,79,4.4,6.4,2025-10-09T00:00:00-05:00,24,29.799999999999997,,unknown,"Open-Meteo ERA5 reanalysis; retrospective, not operational availability"
120609,2025-10-09,24.4,84,8.0,4.7,2025-10-10T00:00:00-05:00,24,24.299999999999997,,unknown,"Open-Meteo ERA5 reanalysis; retrospective, not operational availability"
120609,2025-10-10,24.8,83,10.8,4.4,2025-10-11T00:00:00-05:00,24,25.6,,unknown,"Open-Meteo ERA5 reanalysis; retrospective, not operational availability"
120609,2025-10-11,27.8,76,0.3,4.6,2025-10-12T00:00:00-05:00,24,25.200000000000003,,unknown,"Open-Meteo ERA5 reanalysis; retrospective, not operational availability"
120609,2025-10-12,28.3,74,2.4,5.9,2025-10-13T00:00:00-05:00,24,26.8,,unknown,"Open-Meteo ERA5 reanalysis; retrospective, not operational availability"
120609,2025-10-13,27.9,67,1.1,5.1,2025-10-14T00:00:00-05:00,24,27.900000000000002,,unknown,"Open-Meteo ERA5 reanalysis; retrospective, not operational availability"
120609,2025-10-14,25.0,75,2.1,5.0,2025-10-15T00:00:00-05:00,24,29.1,,unknown,"Open-Meteo ERA5 reanalysis; retrospective, not operational availability"
120609,2025-10-15,25.2,80,1.0,3.9,2025-10-16T00:00:00-05:00,24,25.7,,unknown,"Open-Meteo ERA5 reanalysis; retrospective, not operational availability"
120609,2025-10-16,25.7,80,2.3,5.3,2025-10-17T00:00:00-05:00,24,20.0,,unknown,"Open-Meteo ERA5 reanalysis; retrospective, not operational availability"
120609,2025-10-17,26.9,75,2.0,5.0,2025-10-18T00:00:00-05:00,24,11.2,,unknown,"Open-Meteo ERA5 reanalysis; retrospective, not operational availability"
120609,2025-10-18,25.9,75,3.3,4.2,2025-10-19T00:00:00-05:00,24,14.2,,unknown,"Open-Meteo ERA5 reanalysis; retrospective, not operational availability"
120609,2025-10-19,25.3,81,3.3,4.9,2025-10-20T00:00:00-05:00,24,15.1,,unknown,"Open-Meteo ERA5 reanalysis; retrospective, not operational availability"
120609,2025-10-20,27.2,75,0.8,6.4,2025-10-21T00:00:00-05:00,24,14.8,,unknown,"Open-Meteo ERA5 reanalysis; retrospective, not operational availability"
120609,2025-10-21,26.4,78,3.5,6.5,2025-10-22T00:00:00-05:00,24,16.2,,unknown,"Open-Meteo ERA5 reanalysis; retrospective, not operational availability"
120609,2025-10-22,27.4,76,7.5,5.1,2025-10-23T00:00:00-05:00,24,22.7,,unknown,"Open-Meteo ERA5 reanalysis; retrospective, not operational availability"
120609,2025-10-23,25.7,86,48.0,5.4,2025-10-24T00:00:00-05:00,24,68.4,,unknown,"Open-Meteo ERA5 reanalysis; retrospective, not operational availability"
120609,2025-10-24,27.9,74,0.6,5.1,2025-10-25T00:00:00-05:00,24,67.0,,unknown,"Open-Meteo ERA5 reanalysis; retrospective, not operational availability"
120609,2025-10-25,27.9,77,0.8,5.4,2025-10-26T00:00:00-05:00,24,64.5,,unknown,"Open-Meteo ERA5 reanalysis; retrospective, not operational availability"
120609,2025-10-26,26.6,77,4.0,4.5,2025-10-27T00:00:00-05:00,24,65.2,,unknown,"Open-Meteo ERA5 reanalysis; retrospective, not operational availability"
120609,2025-10-27,26.5,78,7.6,4.3,2025-10-28T00:00:00-05:00,24,72.0,,unknown,"Open-Meteo ERA5 reanalysis; retrospective, not operational availability"
120609,2025-10-28,27.4,80,6.5,6.1,2025-10-29T00:00:00-05:00,24,75.0,,unknown,"Open-Meteo ERA5 reanalysis; retrospective, not operational availability"
120609,2025-10-29,26.6,80,7.4,4.9,2025-10-30T00:00:00-05:00,24,74.9,,unknown,"Open-Meteo ERA5 reanalysis; retrospective, not operational availability"
120609,2025-10-30,26.7,76,10.1,4.8,2025-10-31T00:00:00-05:00,24,37.0,,unknown,"Open-Meteo ERA5 reanalysis; retrospective, not operational availability"
120609,2025-10-31,27.6,74,13.9,4.8,2025-11-01T00:00:00-05:00,24,50.3,,unknown,"Open-Meteo ERA5 reanalysis; retrospective, not operational availability"
120609,2025-11-01,26.2,82,14.7,4.5,2025-11-02T00:00:00-05:00,24,64.2,,unknown,"Open-Meteo ERA5 reanalysis; retrospective, not operational availability"
120609,2025-11-02,28.1,75,2.8,4.9,2025-11-03T00:00:00-05:00,24,63.0,,unknown,"Open-Meteo ERA5 reanalysis; retrospective, not operational availability"
120609,2025-11-03,28.7,76,3.2,4.8,2025-11-04T00:00:00-05:00,24,58.6,,unknown,"Open-Meteo ERA5 reanalysis; retrospective, not operational availability"
120609,2025-11-04,27.6,74,2.6,6.8,2025-11-05T00:00:00-05:00,24,54.7,,unknown,"Open-Meteo ERA5 reanalysis; retrospective, not operational availability"
120609,2025-11-05,27.4,75,1.5,6.0,2025-11-06T00:00:00-05:00,24,48.800000000000004,,unknown,"Open-Meteo ERA5 reanalysis; retrospective, not operational availability"
120609,2025-11-06,28.3,75,0.8,7.8,2025-11-07T00:00:00-05:00,24,39.5,,unknown,"Open-Meteo ERA5 reanalysis; retrospective, not operational availability"
120609,2025-11-07,26.8,77,4.6,4.8,2025-11-08T00:00:00-05:00,24,30.200000000000003,,unknown,"Open-Meteo ERA5 reanalysis; retrospective, not operational availability"
120609,2025-11-08,27.2,77,1.4,7.3,2025-11-09T00:00:00-05:00,24,16.9,,unknown,"Open-Meteo ERA5 reanalysis; retrospective, not operational availability"
120609,2025-11-09,26.4,79,6.3,4.6,2025-11-10T00:00:00-05:00,24,20.4,,unknown,"Open-Meteo ERA5 reanalysis; retrospective, not operational availability"
120609,2025-11-10,27.6,78,0.5,6.1,2025-11-11T00:00:00-05:00,24,17.7,,unknown,"Open-Meteo ERA5 reanalysis; retrospective, not operational availability"
120609,2025-11-11,26.7,75,3.5,5.7,2025-11-12T00:00:00-05:00,24,18.6,,unknown,"Open-Meteo ERA5 reanalysis; retrospective, not operational availability"
120609,2025-11-12,26.6,78,5.1,4.5,2025-11-13T00:00:00-05:00,24,22.2,,unknown,"Open-Meteo ERA5 reanalysis; retrospective, not operational availability"
120609,2025-11-13,28.1,73,4.2,6.5,2025-11-14T00:00:00-05:00,24,25.599999999999998,,unknown,"Open-Meteo ERA5 reanalysis; retrospective, not operational availability"
120609,2025-11-14,29.6,71,1.7,7.3,2025-11-15T00:00:00-05:00,24,22.7,,unknown,"Open-Meteo ERA5 reanalysis; retrospective, not operational availability"
120609,2025-11-15,26.3,83,4.9,4.7,2025-11-16T00:00:00-05:00,24,26.2,,unknown,"Open-Meteo ERA5 reanalysis; retrospective, not operational availability"
120609,2025-11-16,28.1,75,1.1,6.0,2025-11-17T00:00:00-05:00,24,21.0,,unknown,"Open-Meteo ERA5 reanalysis; retrospective, not operational availability"
120609,2025-11-17,28.5,73,3.0,4.6,2025-11-18T00:00:00-05:00,24,23.5,,unknown,"Open-Meteo ERA5 reanalysis; retrospective, not operational availability"
120609,2025-11-18,27.1,79,10.9,3.4,2025-11-19T00:00:00-05:00,24,30.9,,unknown,"Open-Meteo ERA5 reanalysis; retrospective, not operational availability"
120609,2025-11-19,28.5,75,2.1,6.9,2025-11-20T00:00:00-05:00,24,27.900000000000002,,unknown,"Open-Meteo ERA5 reanalysis; retrospective, not operational availability"
120609,2025-11-20,27.8,74,1.9,7.1,2025-11-21T00:00:00-05:00,24,25.6,,unknown,"Open-Meteo ERA5 reanalysis; retrospective, not operational availability"
120609,2025-11-21,28.4,74,2.2,5.9,2025-11-22T00:00:00-05:00,24,26.1,,unknown,"Open-Meteo ERA5 reanalysis; retrospective, not operational availability"
120609,2025-11-22,28.7,73,1.3,5.0,2025-11-23T00:00:00-05:00,24,22.5,,unknown,"Open-Meteo ERA5 reanalysis; retrospective, not operational availability"
120609,2025-11-23,26.7,78,4.5,6.0,2025-11-24T00:00:00-05:00,24,25.9,,unknown,"Open-Meteo ERA5 reanalysis; retrospective, not operational availability"
120609,2025-11-24,26.3,81,14.1,4.1,2025-11-25T00:00:00-05:00,24,37.0,,unknown,"Open-Meteo ERA5 reanalysis; retrospective, not operational availability"
120609,2025-11-25,27.5,77,1.0,5.4,2025-11-26T00:00:00-05:00,24,27.1,,unknown,"Open-Meteo ERA5 reanalysis; retrospective, not operational availability"
120609,2025-11-26,27.6,77,1.1,6.4,2025-11-27T00:00:00-05:00,24,26.099999999999998,,unknown,"Open-Meteo ERA5 reanalysis; retrospective, not operational availability"
120609,2025-11-27,25.4,81,7.6,4.9,2025-11-28T00:00:00-05:00,24,31.799999999999997,,unknown,"Open-Meteo ERA5 reanalysis; retrospective, not operational availability"
120609,2025-11-28,28.5,73,1.3,5.7,2025-11-29T00:00:00-05:00,24,30.9,,unknown,"Open-Meteo ERA5 reanalysis; retrospective, not operational availability"
120609,2025-11-29,28.9,71,3.1,6.0,2025-11-30T00:00:00-05:00,24,32.7,,unknown,"Open-Meteo ERA5 reanalysis; retrospective, not operational availability"
120609,2025-11-30,27.3,76,6.4,5.9,2025-12-01T00:00:00-05:00,24,34.6,,unknown,"Open-Meteo ERA5 reanalysis; retrospective, not operational availability"
120609,2025-12-01,26.5,73,2.0,5.9,2025-12-02T00:00:00-05:00,24,22.5,,unknown,"Open-Meteo ERA5 reanalysis; retrospective, not operational availability"
120609,2025-12-02,28.5,74,2.4,5.1,2025-12-03T00:00:00-05:00,24,23.9,,unknown,"Open-Meteo ERA5 reanalysis; retrospective, not operational availability"
120609,2025-12-03,27.3,77,9.3,5.6,2025-12-04T00:00:00-05:00,24,32.1,,unknown,"Open-Meteo ERA5 reanalysis; retrospective, not operational availability"
120609,2025-12-04,26.2,74,0.2,5.7,2025-12-05T00:00:00-05:00,24,24.7,,unknown,"Open-Meteo ERA5 reanalysis; retrospective, not operational availability"
120609,2025-12-05,27.7,77,1.4,7.2,2025-12-06T00:00:00-05:00,24,24.800000000000004,,unknown,"Open-Meteo ERA5 reanalysis; retrospective, not operational availability"
120609,2025-12-06,27.2,76,2.6,6.4,2025-12-07T00:00:00-05:00,24,24.3,,unknown,"Open-Meteo ERA5 reanalysis; retrospective, not operational availability"
120609,2025-12-07,28.9,68,1.2,5.9,2025-12-08T00:00:00-05:00,24,19.099999999999998,,unknown,"Open-Meteo ERA5 reanalysis; retrospective, not operational availability"
120609,2025-12-08,23.6,80,2.8,6.6,2025-12-09T00:00:00-05:00,24,19.900000000000002,,unknown,"Open-Meteo ERA5 reanalysis; retrospective, not operational availability"
120609,2025-12-09,24.7,89,14.5,5.8,2025-12-10T00:00:00-05:00,24,32.0,,unknown,"Open-Meteo ERA5 reanalysis; retrospective, not operational availability"
120609,2025-12-10,26.2,76,13.8,5.8,2025-12-11T00:00:00-05:00,24,36.5,,unknown,"Open-Meteo ERA5 reanalysis; retrospective, not operational availability"
120609,2025-12-11,26.8,79,12.1,3.8,2025-12-12T00:00:00-05:00,24,48.4,,unknown,"Open-Meteo ERA5 reanalysis; retrospective, not operational availability"
120609,2025-12-12,27.8,78,7.9,5.1,2025-12-13T00:00:00-05:00,24,54.9,,unknown,"Open-Meteo ERA5 reanalysis; retrospective, not operational availability"
120609,2025-12-13,27.6,73,2.7,4.2,2025-12-14T00:00:00-05:00,24,55.0,,unknown,"Open-Meteo ERA5 reanalysis; retrospective, not operational availability"
120609,2025-12-14,29.7,70,0.5,6.9,2025-12-15T00:00:00-05:00,24,54.300000000000004,,unknown,"Open-Meteo ERA5 reanalysis; retrospective, not operational availability"
120609,2025-12-15,27.1,75,2.3,5.6,2025-12-16T00:00:00-05:00,24,53.8,,unknown,"Open-Meteo ERA5 reanalysis; retrospective, not operational availability"
120609,2025-12-16,26.7,74,1.6,6.4,2025-12-17T00:00:00-05:00,24,40.9,,unknown,"Open-Meteo ERA5 reanalysis; retrospective, not operational availability"
120609,2025-12-17,25.9,81,3.8,5.7,2025-12-18T00:00:00-05:00,24,30.9,,unknown,"Open-Meteo ERA5 reanalysis; retrospective, not operational availability"
120609,2025-12-18,27.2,71,2.5,4.5,2025-12-19T00:00:00-05:00,24,21.299999999999997,,unknown,"Open-Meteo ERA5 reanalysis; retrospective, not operational availability"
120609,2025-12-19,26.7,71,2.6,4.9,2025-12-20T00:00:00-05:00,24,16.0,,unknown,"Open-Meteo ERA5 reanalysis; retrospective, not operational availability"
120609,2025-12-20,27.5,73,3.2,4.8,2025-12-21T00:00:00-05:00,24,16.5,,unknown,"Open-Meteo ERA5 reanalysis; retrospective, not operational availability"
120609,2025-12-21,28.9,72,2.5,6.6,2025-12-22T00:00:00-05:00,24,18.5,,unknown,"Open-Meteo ERA5 reanalysis; retrospective, not operational availability"
120609,2025-12-22,27.4,77,6.0,5.7,2025-12-23T00:00:00-05:00,24,22.2,,unknown,"Open-Meteo ERA5 reanalysis; retrospective, not operational availability"
120609,2025-12-23,28.7,74,5.1,5.6,2025-12-24T00:00:00-05:00,24,25.7,,unknown,"Open-Meteo ERA5 reanalysis; retrospective, not operational availability"
120609,2025-12-24,28.5,73,5.0,6.9,2025-12-25T00:00:00-05:00,24,26.900000000000002,,unknown,"Open-Meteo ERA5 reanalysis; retrospective, not operational availability"
120609,2025-12-25,26.9,80,8.0,6.2,2025-12-26T00:00:00-05:00,24,32.4,,unknown,"Open-Meteo ERA5 reanalysis; retrospective, not operational availability"
120609,2025-12-26,27.0,77,6.5,5.8,2025-12-27T00:00:00-05:00,24,36.3,,unknown,"Open-Meteo ERA5 reanalysis; retrospective, not operational availability"
120609,2025-12-27,26.3,79,14.2,4.5,2025-12-28T00:00:00-05:00,24,47.3,,unknown,"Open-Meteo ERA5 reanalysis; retrospective, not operational availability"
120609,2025-12-28,26.8,70,6.1,6.3,2025-12-29T00:00:00-05:00,24,50.9,,unknown,"Open-Meteo ERA5 reanalysis; retrospective, not operational availability"
120609,2025-12-29,28.0,66,1.1,5.9,2025-12-30T00:00:00-05:00,24,46.0,,unknown,"Open-Meteo ERA5 reanalysis; retrospective, not operational availability"
120609,2025-12-30,27.1,63,0.0,6.4,2025-12-31T00:00:00-05:00,24,40.900000000000006,,unknown,"Open-Meteo ERA5 reanalysis; retrospective, not operational availability"
120609,2025-12-31,26.0,73,0.8,3.3,2026-01-01T00:00:00-05:00,24,36.7,,unknown,"Open-Meteo ERA5 reanalysis; retrospective, not operational availability"
